class,x1,y1,z1,v1,x2,y2,z2,v2,x3,y3,z3,v3,x4,y4,z4,v4,x5,y5,z5,v5,x6,y6,z6,v6,x7,y7,z7,v7,x8,y8,z8,v8,x9,y9,z9,v9,x10,y10,z10,v10,x11,y11,z11,v11,x12,y12,z12,v12,x13,y13,z13,v13,x14,y14,z14,v14,x15,y15,z15,v15,x16,y16,z16,v16,x17,y17,z17,v17,x18,y18,z18,v18,x19,y19,z19,v19,x20,y20,z20,v20,x21,y21,z21,v21,x22,y22,z22,v22,x23,y23,z23,v23,x24,y24,z24,v24,x25,y25,z25,v25,x26,y26,z26,v26,x27,y27,z27,v27,x28,y28,z28,v28,x29,y29,z29,v29,x30,y30,z30,v30,x31,y31,z31,v31,x32,y32,z32,v32,x33,y33,z33,v33
Walking,0.587533057,0.040638238,-0.127747446,0.999585211,0.602273107,0.010153592,-0.154450044,0.999586046,0.608508587,0.009993136,-0.154550403,0.999503851,0.614695728,0.009905636,-0.154669985,0.999632716,0.590444565,0.011064053,-0.112143911,0.999573171,0.587816238,0.011762917,-0.112132706,0.999406695,0.585584402,0.012205899,-0.112256132,0.999550521,0.640290856,0.025835663,-0.207836956,0.999719322,0.611757874,0.025995674,-0.022177022,0.99960953,0.601875126,0.072960258,-0.14190717,0.999779284,0.590510666,0.074912339,-0.087966643,0.999482751,0.677066386,0.185644209,-0.276690483,0.99917537,0.651848733,0.188406006,0.122200392,0.997829139,0.664615154,0.444666982,-0.251796901,0.961413205,0.64296174,0.391097933,0.169608161,0.059851322,0.557343304,0.469920307,-0.116633259,0.908061326,0.598604739,0.480278611,0.106336132,0.04250687,0.529546499,0.478386521,-0.136121556,0.855715811,0.587659597,0.503672481,0.100917533,0.046517257,0.528360128,0.446472466,-0.121791363,0.850518763,0.583163381,0.490510464,0.073907286,0.047515802,0.540031075,0.445375413,-0.104762398,0.820126951,0.58788836,0.483575821,0.090850361,0.055197407,0.674075842,0.576556027,-0.111779727,0.99204129,0.659912646,0.564967334,0.111848786,0.993509829,0.559214652,0.660820901,-0.077750988,0.757012844,0.614503682,0.793182909,0.16192922,0.667448342,0.53169179,0.864147246,0.106176034,0.570969701,0.647681117,1.036897659,0.25246042,0.660109758,0.544457078,0.909338832,0.124073908,0.673691869,0.66624862,1.077126026,0.260276347,0.733037651,0.459749848,0.894002676,0.109298371,0.561735153,0.595792532,1.107479453,0.235584766,0.587865055
Walking,0.442721307,0.044774458,-0.257018983,0.999517739,0.458795846,0.015335547,-0.277708322,0.999528229,0.463013828,0.016132159,-0.27774483,0.999446094,0.467606783,0.017182376,-0.277939737,0.999571562,0.452351481,0.013378059,-0.2370013,0.999539912,0.452303886,0.012949014,-0.236884683,0.99937439,0.452849537,0.012609575,-0.237188965,0.999507368,0.491950601,0.035104498,-0.30101034,0.999687135,0.478858292,0.026665499,-0.126290455,0.999615967,0.453344285,0.080724448,-0.260157406,0.999729753,0.443844408,0.078880429,-0.209527925,0.999455035,0.493362278,0.222961977,-0.376400441,0.999140263,0.525299191,0.191104069,0.071738198,0.997836232,0.481269419,0.498895139,-0.419311911,0.964850545,0.5248698,0.406688392,0.218697622,0.055492207,0.363255084,0.488615334,-0.360111594,0.916919231,0.455988169,0.49628219,0.283305675,0.044839557,0.337532282,0.49707514,-0.401245445,0.869438887,0.443696022,0.514292061,0.314895123,0.050415315,0.339196861,0.468095481,-0.372965395,0.864658654,0.43459487,0.505479395,0.27960816,0.051220145,0.349765748,0.464222878,-0.346210271,0.836663783,0.439838558,0.502983749,0.271431148,0.059303373,0.523718834,0.627528787,-0.116068944,0.990925372,0.551011562,0.613317668,0.116254196,0.992091358,0.460573971,0.888952196,-0.027673468,0.780646443,0.521594107,0.875710368,0.272508115,0.649671078,0.478500694,1.113994241,0.181200057,0.56902498,0.512203932,1.11619091,0.430202812,0.62999779,0.496417522,1.158184409,0.200168103,0.680867851,0.52475822,1.170375347,0.442748219,0.723530412,0.422800779,1.140224218,0.186472729,0.540751517,0.447811991,1.140487671,0.417335331,0.560416877
Walking,0.395412415,0.043588266,-0.214938089,0.999252915,0.409953922,0.015160692,-0.245834738,0.999313891,0.414150476,0.015855866,-0.245949656,0.999266028,0.418534338,0.016958423,-0.246186048,0.999399722,0.405604273,0.012331636,-0.196936458,0.99927187,0.40632543,0.011596943,-0.196834326,0.99911952,0.407301337,0.010900387,-0.197075516,0.999272883,0.44611159,0.035672054,-0.309083521,0.999582171,0.433292925,0.02666248,-0.096131161,0.999537647,0.404426277,0.080565684,-0.231933162,0.999609411,0.398750246,0.076821096,-0.170722902,0.999311268,0.445400536,0.235290125,-0.38737756,0.999079049,0.454581887,0.196939483,0.085126683,0.99784255,0.418399334,0.504103959,-0.386908561,0.966340184,0.441585213,0.425794274,0.23815462,0.052547257,0.306476653,0.486200303,-0.263213098,0.923350453,0.379494011,0.509109735,0.277006388,0.048943009,0.277501553,0.491207302,-0.296512514,0.879395783,0.368873,0.519251943,0.296896994,0.056790389,0.279427022,0.466833085,-0.273588777,0.874783874,0.363375574,0.510034204,0.262326568,0.057735216,0.292582214,0.461838961,-0.249544263,0.847992778,0.36664924,0.510397553,0.263174474,0.065980077,0.453914344,0.67808938,-0.126524597,0.990626574,0.467562348,0.648046196,0.126795426,0.991357505,0.4048962,0.970195413,-0.019300703,0.796444595,0.444477499,0.925502419,0.300176084,0.602967441,0.426953167,1.198886275,0.232738853,0.544902742,0.446208477,1.16568017,0.495203108,0.579916894,0.445673645,1.237509966,0.257646352,0.670930505,0.459762514,1.212564707,0.511997581,0.68249023,0.373424351,1.236648083,0.236448556,0.50973326,0.386936963,1.198236465,0.476644278,0.520932138
Walking,0.359394491,0.034226269,-0.229353189,0.997374058,0.379997313,0.004951442,-0.258540422,0.997739494,0.385474414,0.007227656,-0.258754909,0.997731745,0.390740842,0.009833824,-0.258986712,0.998167157,0.373018473,-0.000101813,-0.212254792,0.997072756,0.373020947,-0.000997068,-0.212165326,0.996433377,0.373474866,-0.002039273,-0.212351605,0.996924341,0.413036585,0.031799395,-0.319084197,0.998589039,0.39950794,0.016477522,-0.116612926,0.997937977,0.369105637,0.072167009,-0.244065553,0.998492122,0.35992375,0.067087822,-0.18561241,0.997472525,0.412494332,0.225224108,-0.379811972,0.99893868,0.412283987,0.192569137,0.052104104,0.997058094,0.38757351,0.49524498,-0.400911033,0.964823723,0.407586753,0.434810311,0.216201156,0.048155408,0.26558882,0.473678082,-0.299249828,0.925261915,0.351323545,0.535019755,0.248794511,0.046813637,0.235869333,0.466962516,-0.326521069,0.882855058,0.339626908,0.555512011,0.260937631,0.055797841,0.237358049,0.4455176,-0.298818976,0.878238738,0.334891915,0.547075272,0.230591014,0.05678631,0.250941843,0.445879668,-0.282246202,0.849859715,0.339559555,0.542518854,0.235805422,0.064760469,0.39952144,0.667653501,-0.125282139,0.989892304,0.412202746,0.640308619,0.125463426,0.989178717,0.397440881,0.903788149,0.083643161,0.775162876,0.405727863,0.881114781,0.334684223,0.569467008,0.437758595,1.075627208,0.362918586,0.512930036,0.438974798,1.117904663,0.553014934,0.533044755,0.456696182,1.113333344,0.390293896,0.64471674,0.454983234,1.138448715,0.574933648,0.639035344,0.401838541,1.094874859,0.364358395,0.479435354,0.399556279,1.14251864,0.565312207,0.483600527
Walking,0.330985725,0.022646904,-0.202647209,0.997089803,0.349834979,-0.004772293,-0.231442049,0.997503519,0.355680019,-0.001463511,-0.231640071,0.99748224,0.361584753,0.001828518,-0.231862858,0.997950137,0.342773557,-0.011640267,-0.186556295,0.996811807,0.342975169,-0.012705889,-0.186460063,0.996082902,0.343673199,-0.0138278,-0.18663913,0.996559262,0.386075735,0.02557829,-0.286540121,0.998557448,0.369856298,0.009543004,-0.090639733,0.997824252,0.341896594,0.06204224,-0.215330243,0.998432875,0.334423602,0.055996809,-0.158541903,0.997347116,0.384777009,0.220319435,-0.350138843,0.998981953,0.393633395,0.19265382,0.057429455,0.996879339,0.370161533,0.496789128,-0.361337662,0.965916395,0.382829309,0.442043632,0.229796082,0.044971853,0.245734662,0.461681962,-0.266730934,0.930302739,0.311901927,0.525888085,0.239658996,0.045698877,0.213724688,0.45508033,-0.293867439,0.890581071,0.290296108,0.507803619,0.252391815,0.055591013,0.21684809,0.433033675,-0.260369152,0.886107326,0.288796484,0.528711855,0.219012499,0.056703735,0.230404764,0.433427632,-0.246949941,0.858070374,0.292733282,0.530395448,0.223944262,0.064838141,0.368909776,0.682419956,-0.118404269,0.986953199,0.389562517,0.667196512,0.118715204,0.981842041,0.363227189,0.955160499,0.039186768,0.742801309,0.37524122,0.936438859,0.272347391,0.528914094,0.383741468,1.164629579,0.29493916,0.471232027,0.389465868,1.175048947,0.443221569,0.484172493,0.39929539,1.211378932,0.317655295,0.60357219,0.401524007,1.217004895,0.459942967,0.59288311,0.345166832,1.174852133,0.282372773,0.438867331,0.345098197,1.207759023,0.436373651,0.440315187
Walking,0.300425798,0.021022297,-0.240195006,0.996276081,0.320616663,-0.006646165,-0.264839888,0.996798873,0.327187926,-0.003243424,-0.265163004,0.996855438,0.334388196,0.000218281,-0.265497744,0.997410715,0.310099632,-0.013436625,-0.218707487,0.995851219,0.308744997,-0.014455789,-0.218606859,0.994854927,0.307707757,-0.015549132,-0.218830988,0.995054364,0.358049482,0.025594994,-0.286806822,0.998487115,0.326873481,0.009366101,-0.085621782,0.996757269,0.310905457,0.061458275,-0.240555972,0.998396099,0.299770892,0.055678882,-0.182226762,0.997064471,0.376338422,0.218698159,-0.3412866,0.998869419,0.330725551,0.201435193,0.101867259,0.995881438,0.359155953,0.497813851,-0.341696292,0.967445493,0.307052881,0.455984145,0.246353462,0.044549409,0.227813721,0.462291926,-0.238080665,0.934599996,0.23552385,0.525100827,0.168807149,0.054153416,0.197617292,0.4579539,-0.26506564,0.896686256,0.213372275,0.50279206,0.17134738,0.066880368,0.197497651,0.434227914,-0.240411952,0.892639577,0.206831694,0.500057459,0.13380529,0.069394849,0.209547371,0.434396118,-0.220174626,0.86554575,0.227734804,0.524806619,0.147394821,0.078633897,0.346279323,0.706896782,-0.10155227,0.984104037,0.296595216,0.694271922,0.102084264,0.978873134,0.336721033,1.03599298,-0.068222009,0.733245075,0.273621738,1.027363062,0.149278849,0.524965763,0.329695046,1.260398984,0.32603091,0.434062988,0.280889452,1.279943228,0.424957991,0.449792951,0.335172087,1.28995502,0.361288905,0.554517448,0.287586838,1.315105796,0.447495848,0.548955977,0.300815731,1.348518848,0.25915435,0.401835561,0.256308228,1.365528226,0.358455211,0.404585749
Walking,0.276037514,0.021873498,-0.306229293,0.996497095,0.29732722,-0.006651002,-0.317693532,0.997001708,0.305884629,-0.003043162,-0.317946941,0.997058392,0.315020293,0.000587338,-0.318239063,0.997577369,0.282545835,-0.013781196,-0.279077768,0.996096075,0.279848516,-0.014770223,-0.279025614,0.995135248,0.277636945,-0.015692778,-0.279198706,0.995272636,0.335569263,0.027462585,-0.286263198,0.998599231,0.294283241,0.010266933,-0.11020992,0.996884167,0.286731541,0.061960306,-0.287351668,0.998535633,0.272738099,0.057036337,-0.23779957,0.997275233,0.369824201,0.231681123,-0.310038328,0.998939097,0.272654355,0.228114769,0.100787342,0.995867312,0.360764861,0.507095993,-0.350166678,0.970436931,0.249275178,0.472445965,0.314933956,0.06449277,0.219433635,0.465175837,-0.412256002,0.940750659,0.172748953,0.515559494,0.272675246,0.115503408,0.181260884,0.462743223,-0.458886445,0.906021178,0.147503644,0.494113892,0.278803766,0.126821861,0.179968104,0.437919617,-0.436559618,0.902373075,0.137665659,0.459149778,0.236064598,0.130930096,0.190894276,0.436422378,-0.396751553,0.877556503,0.152273819,0.468156338,0.252744496,0.140998572,0.324184179,0.722899616,-0.091713034,0.985293686,0.244654983,0.70919764,0.092302904,0.980394006,0.312365353,1.073502302,-0.097012445,0.721043468,0.20824568,1.058274984,0.10759332,0.528836071,0.296337366,1.329583883,0.28689009,0.395913243,0.219473571,1.316745758,0.48318997,0.410379529,0.29952988,1.366789699,0.319329619,0.507195652,0.229048684,1.352371693,0.517869115,0.500224829,0.270890146,1.429153085,0.200012133,0.365254372,0.191425472,1.41505444,0.386366993,0.367545903
Walking,0.25824514,0.022776121,-0.338961512,0.996649384,0.276544183,-0.005836302,-0.341637224,0.997106731,0.285207123,-0.002502513,-0.341804057,0.997158587,0.294461906,0.000907963,-0.341999322,0.997656822,0.258600444,-0.012184094,-0.311189115,0.996235549,0.254342169,-0.01305342,-0.311246455,0.99529773,0.250699848,-0.013959453,-0.311406434,0.995375156,0.313242316,0.027744483,-0.283309758,0.998667419,0.263045937,0.010559255,-0.140402243,0.996783495,0.270128042,0.062184915,-0.312291414,0.99864763,0.253389895,0.057310291,-0.272476077,0.997420073,0.367044002,0.243738934,-0.272491276,0.998975039,0.224762678,0.234382018,0.038922831,0.995888889,0.37185806,0.515636981,-0.304900199,0.973270476,0.196488053,0.474301994,0.156600207,0.122873776,0.230890915,0.487524033,-0.344455421,0.946298301,0.135897145,0.490238816,-0.032353051,0.194200605,0.189198047,0.479799449,-0.381492198,0.914169967,0.107967637,0.475897253,-0.048941787,0.201778933,0.189606115,0.451466322,-0.35583654,0.910861731,0.106140569,0.441950828,-0.086338371,0.206520349,0.202491552,0.451960206,-0.326795608,0.888303638,0.120862268,0.447594106,-0.053653128,0.216325164,0.307868034,0.723209023,-0.068208292,0.98620224,0.214771792,0.706791878,0.068682596,0.981676996,0.293523639,0.992869675,-0.073609099,0.696218014,0.192351833,0.993417621,0.148670107,0.502449989,0.267318308,1.306298852,0.302118778,0.357977718,0.184508637,1.308555961,0.462643236,0.371410578,0.268910885,1.341469526,0.331591666,0.459146738,0.189396009,1.351436853,0.488938242,0.45255819,0.242397755,1.409451008,0.194435373,0.32981962,0.162491783,1.399689198,0.34798789,0.332106203
Walking,0.250769407,0.01764825,-0.347105145,0.996899724,0.269996554,-0.012613903,-0.341838956,0.99731797,0.278023839,-0.007617544,-0.342017621,0.997367382,0.285971045,-0.002673004,-0.34218961,0.997815847,0.249302596,-0.019977728,-0.319614947,0.996498704,0.243124649,-0.019460311,-0.319696724,0.995644748,0.237641051,-0.018863417,-0.319859862,0.99569279,0.299915254,0.026249273,-0.2668612,0.998764217,0.245793134,0.009841214,-0.151375368,0.996953905,0.261137456,0.057112973,-0.311998188,0.998768866,0.241145521,0.053832043,-0.282562315,0.997630894,0.35610956,0.247203872,-0.210986644,0.99904424,0.182127446,0.230421633,-0.01740969,0.996082842,0.369056672,0.511254966,-0.26185447,0.975757658,0.159457043,0.484400809,-0.011792807,0.199924678,0.265187979,0.496438205,-0.4343144,0.951186359,0.11573188,0.483666271,-0.332155317,0.271995485,0.229924873,0.489015669,-0.49265933,0.921478689,0.087849848,0.471753895,-0.382537603,0.277636737,0.227682516,0.459105343,-0.477360189,0.918538213,0.08884263,0.437326849,-0.420294613,0.282451212,0.236290261,0.457255125,-0.425427914,0.89812392,0.102037206,0.439140499,-0.356187254,0.29127422,0.293409407,0.712891281,-0.045970608,0.98729676,0.191963196,0.695485115,0.046417322,0.9830423,0.264886886,0.991625786,-0.073771082,0.683812857,0.16328533,0.993082106,0.11526648,0.48775059,0.261396676,1.310707211,0.328362405,0.323921978,0.156679302,1.287754536,0.469093651,0.335915089,0.261306167,1.347871423,0.362823606,0.415720254,0.159327284,1.326977134,0.501882911,0.40907377,0.246036857,1.416769385,0.213004678,0.297810316,0.149020121,1.384945631,0.348793387,0.299843729
Walking,0.261699766,0.007684798,-0.275600821,0.997202218,0.274272293,-0.020408679,-0.226162821,0.997571349,0.282381713,-0.014947741,-0.226321578,0.99762255,0.290300816,-0.0097255,-0.226333335,0.998021543,0.254723817,-0.027014624,-0.247327805,0.996831477,0.248326346,-0.025267119,-0.247761518,0.996068597,0.241479471,-0.023408389,-0.247972533,0.996100843,0.297329187,0.018419465,-0.080061711,0.998883426,0.230767161,0.004636816,-0.097393766,0.99724865,0.270180106,0.050533861,-0.199366868,0.998886585,0.248948544,0.043264035,-0.231597543,0.997857749,0.345122546,0.246181101,-0.037457701,0.999134243,0.15149945,0.226918578,-0.008158656,0.996427119,0.368668258,0.502805471,-0.083391853,0.978154242,0.116264537,0.471567154,-0.117549382,0.279405713,0.295788109,0.494244814,-0.34949261,0.956009746,0.106571615,0.472878784,-0.443850428,0.344300717,0.264226228,0.497630894,-0.422757775,0.929204583,0.095451564,0.472541302,-0.496347606,0.349049032,0.262837708,0.460359156,-0.368493229,0.926562428,0.100580014,0.433248609,-0.517598271,0.353437901,0.271838933,0.456548095,-0.412726462,0.908197224,0.112216339,0.424691677,-0.459342331,0.361506402,0.28311336,0.703839004,0.003928266,0.988551676,0.17230621,0.694187701,-0.002976062,0.984713495,0.252335668,0.990285575,-0.059523981,0.689422727,0.161704972,1.00090456,0.073359057,0.495271772,0.248847842,1.351153255,0.292008102,0.291986346,0.152921796,1.343104005,0.405388504,0.302762836,0.249357179,1.394542098,0.320635974,0.37513414,0.149529606,1.385311246,0.436937958,0.368788362,0.233192518,1.458615065,0.186267346,0.268176913,0.159288064,1.44735229,0.270864069,0.270018965
Walking,0.266593307,0.007224985,-0.269742608,0.997480273,0.278474122,-0.021843441,-0.233553365,0.997810602,0.28603369,-0.016888002,-0.233718157,0.997857869,0.293301314,-0.01194799,-0.233802751,0.998215497,0.257834524,-0.026908977,-0.249143556,0.997145236,0.25069803,-0.025266461,-0.249407724,0.996459663,0.243569821,-0.023589117,-0.249621555,0.996487617,0.297678888,0.013878629,-0.091948614,0.998993337,0.225709051,-0.000129732,-0.119637765,0.997522771,0.275782615,0.048835251,-0.206908852,0.998996377,0.25265047,0.042438008,-0.223886341,0.998070717,0.337535769,0.242465407,-0.032899149,0.999216855,0.133645445,0.211501464,-0.052245192,0.996778846,0.356835395,0.490380406,-0.065888844,0.98031199,0.08997108,0.452190071,-0.150998652,0.351429015,0.30850181,0.493319988,-0.327144027,0.960354805,0.106897041,0.467217207,-0.450424761,0.40982911,0.302989542,0.509483099,-0.390503019,0.936180174,0.113319792,0.475631088,-0.504609346,0.414043397,0.301207006,0.470043808,-0.391434282,0.933804572,0.119147636,0.438590467,-0.518854499,0.417997509,0.299890608,0.45868361,-0.341087878,0.917294204,0.121095583,0.429283619,-0.459703982,0.425269336,0.279016048,0.697201252,0.010737507,0.989685476,0.164115176,0.691977143,-0.009616902,0.986228704,0.252846956,0.99237901,-0.054605581,0.677361965,0.161822706,1.006922007,0.08598315,0.491283923,0.246207952,1.3543185,0.307806104,0.262938917,0.144785777,1.35760951,0.408032268,0.272740394,0.247488528,1.395754337,0.338090479,0.338154435,0.140786573,1.402418375,0.43898049,0.332410485,0.227751285,1.469475508,0.20361197,0.241425797,0.153910056,1.46330893,0.280984193,0.243135378
Walking,0.265318245,0.006675681,-0.28366679,0.997699261,0.27550295,-0.020668276,-0.254396498,0.997974575,0.282116592,-0.016060356,-0.254509747,0.998014092,0.288785189,-0.011471702,-0.254616439,0.998322129,0.256911039,-0.026360087,-0.2751894,0.997402072,0.249798745,-0.025386358,-0.275372684,0.996787667,0.242627814,-0.024189258,-0.27563858,0.996816337,0.293204904,0.011857811,-0.121704713,0.999028385,0.223083645,-0.00330395,-0.177217454,0.997762084,0.273375213,0.045454163,-0.214255601,0.999079227,0.25282684,0.038640384,-0.244309068,0.998257458,0.327239633,0.240413904,-0.029496724,0.999184072,0.128485292,0.197018087,-0.103679106,0.997090578,0.348423064,0.487184048,-0.017573301,0.979039371,0.064634159,0.427081257,-0.165165871,0.416124791,0.313986838,0.491210461,-0.226383001,0.952410996,0.120216526,0.468119681,-0.365060747,0.468208969,0.316698611,0.505911708,-0.271163851,0.926892459,0.138693303,0.477434278,-0.399153233,0.471143156,0.317217439,0.468228996,-0.272824824,0.924663723,0.147095948,0.443568259,-0.402339458,0.474703699,0.309240639,0.458125353,-0.232360631,0.910444736,0.144529864,0.436457098,-0.365808547,0.48102951,0.278417081,0.694587231,0.015277302,0.990418613,0.163309485,0.693922281,-0.014614461,0.987416387,0.259268463,1.000599384,-0.053665083,0.675658464,0.163376644,1.002003908,0.051178485,0.497099012,0.249780253,1.360628963,0.245435789,0.240354165,0.15784137,1.363307476,0.334555596,0.249121621,0.247011259,1.400168896,0.265777677,0.309536248,0.156208903,1.402774334,0.358765453,0.302330494,0.242508456,1.474573374,0.120078981,0.219360352,0.16264905,1.472678423,0.196740106,0.220800072
Walking,0.277785838,0.014737417,-0.317262232,0.997875452,0.28567639,-0.015702765,-0.286587775,0.998130083,0.291201442,-0.011590198,-0.286678553,0.998142421,0.296502173,-0.007588203,-0.286729842,0.998416126,0.267790794,-0.024642698,-0.313788682,0.997635961,0.260347128,-0.024866275,-0.313919753,0.997077346,0.252275407,-0.023094183,-0.314204901,0.997112989,0.296392471,0.012340478,-0.112574182,0.999009609,0.232119635,-0.005554548,-0.218041494,0.997977912,0.28331989,0.050891221,-0.237692088,0.999146938,0.264368385,0.042722393,-0.276814282,0.998426497,0.324090183,0.238937363,0.04147511,0.999058247,0.133978218,0.191889465,-0.135927349,0.997366726,0.337513864,0.480670393,0.09097106,0.955375791,0.063642159,0.421304107,-0.238827229,0.474247307,0.348126769,0.490644872,-0.164127558,0.941626251,0.150772452,0.469557196,-0.502097905,0.520612895,0.357808769,0.504409254,-0.219828725,0.915929794,0.174070343,0.490001142,-0.555670857,0.522168338,0.361511588,0.469353229,-0.24096036,0.914603949,0.181624681,0.452078998,-0.569086432,0.525441587,0.346382529,0.459226489,-0.180300444,0.902685761,0.178860575,0.437274009,-0.507587373,0.530815423,0.276540369,0.706682265,0.037862454,0.990867496,0.164700136,0.703347862,-0.036869299,0.988286436,0.265044749,0.994622111,-0.051784832,0.679406524,0.153858319,1.001933455,0.081806555,0.510513246,0.262667924,1.336444139,0.243849844,0.223815367,0.141120464,1.331276059,0.452116877,0.23073937,0.256220579,1.376591802,0.263613433,0.286882102,0.137481123,1.367851019,0.485640764,0.277139962,0.262559682,1.44729054,0.08152277,0.201729164,0.157389849,1.442503572,0.230970472,0.201896757
Walking,0.291202873,0.019993143,-0.315726638,0.998051584,0.300640643,-0.012600754,-0.288302958,0.998279274,0.306504518,-0.008222117,-0.288340956,0.998280525,0.311835259,-0.004154163,-0.288387686,0.998508811,0.280086219,-0.023917438,-0.315925986,0.997852921,0.271341741,-0.023872651,-0.316015124,0.997349381,0.262206644,-0.023401011,-0.316243291,0.997384071,0.310518742,0.012661062,-0.113037094,0.999024987,0.240406066,-0.009298105,-0.238908261,0.998176098,0.296230197,0.057894442,-0.240955785,0.999197602,0.275155634,0.04829511,-0.280080646,0.998578429,0.325944126,0.24181515,0.051795371,0.998642027,0.145051882,0.190474704,-0.174417153,0.997610986,0.328441381,0.480498999,0.145181671,0.908389866,0.083698377,0.424791217,-0.26611045,0.526420295,0.349902809,0.490694314,0.001481625,0.924568832,0.184730262,0.479453534,-0.394433558,0.566583693,0.360351741,0.503090739,-0.028440122,0.900288701,0.206396028,0.506877661,-0.422635883,0.565643907,0.364824414,0.470504433,-0.041793562,0.898716629,0.224213928,0.463017106,-0.423724562,0.568540514,0.357501596,0.461204708,-0.008409448,0.891549349,0.205945089,0.446438551,-0.390842795,0.573004127,0.278517872,0.741341889,0.052107353,0.991220176,0.163871497,0.730467558,-0.050985176,0.989082694,0.267660946,1.070176005,0.015701851,0.691901565,0.144826859,1.022461057,0.096805118,0.545015097,0.264173895,1.364673615,0.284243613,0.212980494,0.136741966,1.379726052,0.449224383,0.22036542,0.25854677,1.409031391,0.301803052,0.267391264,0.130963847,1.416755557,0.479173034,0.25611043,0.268380374,1.478380799,0.123032972,0.189218655,0.155583084,1.501289725,0.260789335,0.186351761
Walking,0.29409641,0.031843808,-0.311549962,0.998235643,0.310560048,-0.003257883,-0.284684926,0.998438597,0.31722331,0.000209122,-0.28469795,0.998435855,0.322860181,0.003396656,-0.284697741,0.998634994,0.291386336,-0.016034622,-0.314999223,0.998061478,0.284857273,-0.019164266,-0.31505698,0.997608066,0.277581602,-0.021612544,-0.315282553,0.997640193,0.319571793,0.014573455,-0.102417067,0.999093413,0.259525448,-0.008745708,-0.246819928,0.998357177,0.306384057,0.068468451,-0.239924103,0.999260426,0.286866128,0.060348589,-0.278788656,0.998718023,0.32654804,0.246709585,0.098824017,0.998440027,0.161347985,0.191124603,-0.223313615,0.997840166,0.317170084,0.488145798,0.261868566,0.865613401,0.109448776,0.460081518,-0.286338151,0.573647678,0.392438591,0.504769325,0.191532046,0.920052588,0.236299872,0.495925784,-0.291522771,0.608954251,0.411363274,0.511084735,0.180650637,0.895966649,0.281330049,0.519870222,-0.312466681,0.606451154,0.425685704,0.490352243,0.158915311,0.893794298,0.292152554,0.4787938,-0.344026774,0.608864367,0.412328482,0.48333025,0.17911306,0.889111578,0.275693685,0.466125101,-0.291493237,0.612379372,0.281812578,0.762994707,0.069698326,0.991324723,0.172755435,0.75230062,-0.068590745,0.989731252,0.272554845,1.098240614,0.068575315,0.694981515,0.16093342,1.04275465,0.114978693,0.574387968,0.25962165,1.390532136,0.287606984,0.202331722,0.153382808,1.419907808,0.453445733,0.212589085,0.249928042,1.434416175,0.301059365,0.24830772,0.142025679,1.46080029,0.48160696,0.239220187,0.272223264,1.501767278,0.121545747,0.181046382,0.181205183,1.538289189,0.270347983,0.175257251
Walking,0.325280964,0.045880243,-0.305373937,0.998396754,0.332135618,0.008018457,-0.280810684,0.998574197,0.336020082,0.010273191,-0.280865222,0.998565495,0.338836372,0.012188109,-0.280909538,0.998731077,0.312010765,-0.004677806,-0.309065759,0.998246491,0.301074654,-0.009929452,-0.309127301,0.997839272,0.288233489,-0.014297588,-0.309382588,0.997869551,0.329108775,0.018319715,-0.09463273,0.999138355,0.271576911,-0.006964011,-0.245434955,0.998520076,0.324481547,0.0833584,-0.236826748,0.999301612,0.300120175,0.075222865,-0.273897111,0.998841703,0.324587852,0.245520696,0.127494544,0.997920215,0.190170839,0.20539704,-0.260256171,0.998041213,0.312260002,0.5016523,0.367617875,0.818047464,0.146767601,0.496062428,-0.286621362,0.616127849,0.412048101,0.506937087,0.410054922,0.905102491,0.300700337,0.510972619,-0.170097038,0.646887362,0.43172735,0.515625894,0.427397102,0.879059792,0.343947589,0.524842322,-0.153790355,0.642698288,0.446799606,0.491479605,0.408800751,0.875400603,0.350859702,0.491634578,-0.14695105,0.644687772,0.433099508,0.491482794,0.40180999,0.8752563,0.335663736,0.485520691,-0.150998905,0.647544146,0.288814783,0.787938595,0.089090563,0.990836442,0.189168409,0.782859147,-0.088050842,0.989980817,0.281728506,1.131919503,0.095471568,0.690737903,0.183395699,1.155656457,0.121056102,0.594843507,0.264642447,1.422476053,0.28598398,0.191294953,0.168373406,1.458552241,0.443769217,0.203766376,0.253675997,1.467094421,0.298912704,0.231063262,0.153911725,1.499622107,0.47089377,0.224012837,0.273002684,1.536045671,0.125696048,0.172387451,0.198141471,1.582147717,0.274431586,0.165325806
Walking,0.360289156,0.057208188,-0.291754454,0.998525321,0.363743037,0.017791504,-0.257676929,0.998674214,0.366446793,0.019239562,-0.257664829,0.998652518,0.368225396,0.020267338,-0.257742703,0.998782754,0.347451866,0.00674386,-0.298181921,0.998399854,0.338420689,0.001104124,-0.298288137,0.998034537,0.327434808,-0.004322875,-0.298520267,0.99806571,0.340638578,0.02301107,-0.080107018,0.999148011,0.291319788,-0.00170207,-0.239752337,0.998663723,0.35368675,0.092201658,-0.214444116,0.999324918,0.335968554,0.085167967,-0.263071954,0.998950243,0.326142639,0.245904222,0.136100069,0.997547567,0.21123907,0.211868137,-0.290615737,0.998227775,0.305412471,0.514074624,0.371537447,0.754056215,0.154375792,0.495244145,-0.321112007,0.654197156,0.401520252,0.52611196,0.4332335,0.847862899,0.346737504,0.516519487,-0.199204832,0.68003118,0.422406137,0.543316662,0.441813797,0.824926674,0.386506855,0.528160095,-0.15734601,0.674014688,0.430810362,0.512576818,0.420886517,0.82117945,0.396366507,0.496903867,-0.189693481,0.675829232,0.420435041,0.518899083,0.422626108,0.823346615,0.382164866,0.491591096,-0.152603626,0.677827239,0.291433811,0.80369091,0.122966811,0.987295687,0.207490206,0.803526163,-0.122132502,0.98827517,0.282132208,1.178082705,0.170973986,0.666205049,0.195277542,1.176677227,0.078852072,0.614125431,0.27235043,1.487124324,0.321771234,0.18353875,0.187873214,1.472593069,0.319748789,0.203078762,0.255641639,1.538633347,0.325619191,0.221033439,0.171222761,1.519804001,0.342552602,0.234961197,0.320008337,1.588621736,0.184137046,0.169114292,0.270093173,1.577595353,0.193655595,0.165010422
Walking,0.384953082,0.07299833,-0.217763737,0.998625398,0.388666838,0.029807348,-0.194883198,0.998731315,0.391114593,0.029581765,-0.194883659,0.998691559,0.392809331,0.028942868,-0.195028901,0.998794198,0.373853058,0.022244658,-0.235299498,0.998516917,0.366140872,0.016828531,-0.235200852,0.998190105,0.356993258,0.010890068,-0.235357329,0.998225689,0.365594596,0.026651356,-0.048021935,0.99913758,0.32210654,0.006169907,-0.21908617,0.998785079,0.378265142,0.103995852,-0.154156998,0.99931705,0.3620013,0.097840756,-0.205720499,0.999040306,0.332670927,0.245473161,0.148199409,0.997267008,0.253209412,0.211410731,-0.279185474,0.998397827,0.310278267,0.513088584,0.390056491,0.695087552,0.216592833,0.487824887,-0.391831636,0.688344061,0.419369042,0.540329635,0.469350666,0.803591847,0.387015224,0.518923163,-0.422088146,0.710626662,0.448095977,0.555559397,0.475768417,0.785739958,0.424158961,0.532822907,-0.448857933,0.704224169,0.47003755,0.527382433,0.439623773,0.782112718,0.433276832,0.499353737,-0.441446066,0.705866933,0.451792151,0.525484622,0.452782959,0.786716342,0.423091948,0.492819726,-0.410684645,0.707275927,0.300247669,0.797505796,0.12538591,0.983127356,0.248452038,0.810891271,-0.124605358,0.987232924,0.322759241,1.130455732,0.267827123,0.627446592,0.282062054,1.165094376,0.046463095,0.635353446,0.313008785,1.431520581,0.466938883,0.1690422,0.266359389,1.468379259,0.22941789,0.200422272,0.287569821,1.484825969,0.477688968,0.204561979,0.230144113,1.520053387,0.24892804,0.240636021,0.386313587,1.520472169,0.393235207,0.158416882,0.361520946,1.558416367,0.12813969,0.160414994
Walking,0.404984713,0.071038529,-0.218913764,0.998708665,0.409370363,0.026964702,-0.197276518,0.998775542,0.412452698,0.026377428,-0.197271317,0.998711407,0.415154517,0.025463996,-0.197416022,0.998786628,0.3931247,0.018116524,-0.234989196,0.998616457,0.384895295,0.011720956,-0.234907359,0.998323023,0.375669241,0.005324295,-0.235034987,0.998364568,0.390705049,0.020900853,-0.053532153,0.999103487,0.344193488,0.000833789,-0.222340077,0.998889863,0.400639862,0.099891663,-0.157348543,0.999286354,0.382315874,0.096554361,-0.206074804,0.999116063,0.339110196,0.234752849,0.140474349,0.996577799,0.287303299,0.208925337,-0.281467795,0.998546839,0.316899329,0.514482915,0.368926316,0.632918358,0.265424788,0.485604465,-0.358461678,0.718463004,0.419763505,0.564204991,0.4309434,0.737429619,0.421005785,0.516551256,-0.372224987,0.73475945,0.441825718,0.600741744,0.435372412,0.72457701,0.453834236,0.535734832,-0.396416813,0.726695001,0.460229695,0.574557424,0.401718199,0.721519649,0.465102583,0.501949668,-0.388618439,0.728360415,0.444945633,0.564360619,0.415419191,0.727513433,0.454962641,0.494018227,-0.36275053,0.729069591,0.308066547,0.79595077,0.125791803,0.97554034,0.292586118,0.814147294,-0.125222892,0.985177755,0.35649237,1.11899209,0.294085622,0.585786521,0.336162597,1.173373818,0.025702724,0.639066339,0.35232234,1.425327539,0.520439148,0.156140521,0.321954429,1.484686494,0.192525297,0.195250899,0.329913646,1.482977629,0.53574425,0.19218269,0.287431061,1.541666031,0.211172387,0.249328718,0.426330894,1.504838347,0.475989491,0.147572935,0.411900818,1.563863158,0.106433734,0.154164121
Walking,0.428819835,0.065921426,-0.152107134,0.998664439,0.43225795,0.024462467,-0.136459127,0.998606026,0.433721006,0.024376921,-0.136464089,0.998522639,0.434887886,0.023949763,-0.13658613,0.998552084,0.420689583,0.016003942,-0.178471252,0.99855727,0.413549125,0.010296937,-0.178442806,0.998314261,0.405463755,0.004461407,-0.178584471,0.998372555,0.408238024,0.018943241,-0.022634098,0.998897076,0.372842759,0.000549762,-0.214860439,0.998933077,0.419893593,0.096905656,-0.101617679,0.999137461,0.404925257,0.09260641,-0.156279311,0.999149978,0.348657876,0.224579901,0.140198946,0.995846152,0.318771064,0.203638315,-0.273934513,0.99868089,0.322072595,0.515751719,0.332400769,0.577529311,0.30893752,0.48682344,-0.332412392,0.745555282,0.428584039,0.606601894,0.359959781,0.674081683,0.463177204,0.514868259,-0.323998511,0.755803347,0.447172314,0.649891019,0.357451767,0.665470719,0.491382748,0.533846319,-0.345021665,0.746721685,0.462121576,0.625787675,0.325984627,0.662628949,0.501328111,0.50079608,-0.343199462,0.748336256,0.448180735,0.612078249,0.344417065,0.67009598,0.489991486,0.494021893,-0.31759429,0.747881532,0.3357777,0.789612055,0.12793833,0.970104456,0.327379882,0.812027395,-0.127348274,0.984130323,0.386014491,1.10469389,0.297496259,0.543892741,0.360690445,1.157094121,0.02412579,0.650244236,0.378172815,1.407275438,0.521150351,0.145097032,0.346019864,1.465409994,0.186688364,0.199928656,0.356280506,1.459897399,0.537043989,0.183746174,0.310776442,1.521919966,0.204927132,0.268854976,0.452790439,1.496515751,0.484298557,0.140009746,0.438708067,1.544262171,0.106001697,0.154788345
Walking,0.452877432,0.065589629,-0.08423353,0.998655915,0.454919159,0.024294998,-0.070067003,0.998534322,0.455438316,0.02402645,-0.070151083,0.998463094,0.455702215,0.023479838,-0.070328347,0.998486042,0.446189076,0.017336352,-0.119646832,0.998535812,0.440126896,0.012244283,-0.119671956,0.998329282,0.433107287,0.006760205,-0.119803086,0.998395562,0.428026438,0.01877398,0.024832357,0.998843908,0.400655419,0.001490697,-0.205505773,0.998975158,0.443347692,0.095621794,-0.040194444,0.99907577,0.431807935,0.090880349,-0.103763342,0.999179065,0.369262516,0.214793414,0.181472749,0.99575752,0.358456314,0.199618384,-0.280782819,0.99880302,0.347807735,0.514453411,0.365619242,0.52915293,0.342248261,0.488883436,-0.30714801,0.769749045,0.460878462,0.58241868,0.380134821,0.615631819,0.492093891,0.513668537,-0.232663751,0.775461674,0.483838707,0.619908929,0.375010312,0.61066407,0.51540029,0.533095121,-0.249337763,0.765727341,0.496352524,0.594810545,0.34020099,0.608320773,0.521526277,0.500462651,-0.249460056,0.767129362,0.483569294,0.586082816,0.361865908,0.617266834,0.512655377,0.492863119,-0.225159615,0.765507579,0.373651773,0.786183774,0.13973479,0.964761376,0.364793837,0.807811141,-0.139101356,0.982580006,0.412287533,1.111735463,0.288599372,0.502062619,0.403481156,1.165975571,0.007111568,0.659399092,0.416259199,1.417879343,0.493926853,0.134844795,0.39927125,1.499949932,0.146023005,0.207109466,0.396531731,1.479039669,0.50841397,0.175704852,0.364660203,1.565397501,0.162434056,0.291940242,0.497091293,1.487247586,0.460838974,0.132694185,0.4996292,1.56522584,0.074287213,0.157266825
Walking,0.479084492,0.062932022,-0.154017672,0.998624563,0.476841748,0.019536098,-0.137918249,0.998488486,0.478378057,0.018236941,-0.137966678,0.998418868,0.47958985,0.016750688,-0.138082057,0.998423338,0.464544058,0.01602768,-0.16070053,0.998506904,0.457211643,0.011879895,-0.160699695,0.998330176,0.448893785,0.006357168,-0.161193565,0.998400033,0.452174962,0.014840041,-0.024328744,0.998790205,0.418845266,0.002374469,-0.232721835,0.999019027,0.47358194,0.092773795,-0.104531154,0.998982787,0.459686458,0.090594895,-0.139666229,0.99918586,0.400190353,0.211183935,0.133648425,0.995607436,0.395412266,0.206361726,-0.298946857,0.998887062,0.393904626,0.508374274,0.292284161,0.48168546,0.39188689,0.514023662,-0.283446282,0.790308416,0.497719944,0.557742238,0.29381305,0.559738517,0.532326102,0.512859702,-0.132295609,0.780439734,0.523592949,0.585417867,0.28735733,0.558299541,0.558201194,0.529427052,-0.147067249,0.768947244,0.537029088,0.543834448,0.292220682,0.556394517,0.56195128,0.500121534,-0.148215413,0.770370483,0.518658757,0.545153558,0.291750491,0.566292763,0.550654292,0.492032409,-0.126457036,0.768024743,0.404188067,0.78801924,0.135179713,0.957042754,0.406832039,0.831398606,-0.134604126,0.97854805,0.432012022,1.108782768,0.302417368,0.465641052,0.435116678,1.169931889,0.022841526,0.660819411,0.440089613,1.419813037,0.515289843,0.126638472,0.434820592,1.49554038,0.190771431,0.212270483,0.422592252,1.4842484,0.531122327,0.171657696,0.405566752,1.556982756,0.208887607,0.308981329,0.515247941,1.481966257,0.491253078,0.125632882,0.524201214,1.557088017,0.119750679,0.156260267
Walking,0.511535287,0.061772075,-0.152073398,0.998509288,0.503266692,0.017853266,-0.139837176,0.998370349,0.504108191,0.015589111,-0.139952064,0.998290181,0.504643977,0.013274059,-0.1401674,0.9983024,0.492354333,0.014836161,-0.181094185,0.998449802,0.485205501,0.011324063,-0.181144193,0.998295426,0.477126032,0.007737159,-0.181389004,0.998378754,0.477030188,0.014937887,-0.028627589,0.998732865,0.447951168,0.014702803,-0.242414445,0.999030173,0.507252097,0.09210813,-0.100438043,0.998869121,0.494364738,0.089409329,-0.15523994,0.999163806,0.439944416,0.215890393,0.151825994,0.995422959,0.426838458,0.222252339,-0.32308048,0.998933494,0.486721456,0.502112329,0.369122446,0.444957882,0.444550037,0.528227806,-0.315344304,0.808250308,0.557587504,0.556502938,0.421662658,0.520974874,0.587697089,0.513958693,-0.16613467,0.787472546,0.585492253,0.568704486,0.424734503,0.52308321,0.615854025,0.528673708,-0.178741083,0.774691105,0.595228612,0.532179654,0.388845503,0.521927536,0.614007115,0.49605462,-0.187202886,0.776319027,0.583317876,0.532542109,0.404638708,0.532836974,0.602727413,0.491622448,-0.162740052,0.773054659,0.46288237,0.818772435,0.130037099,0.949042022,0.44203788,0.849687278,-0.129364461,0.972862244,0.487698078,1.173353076,0.272642523,0.436878622,0.465877146,1.231332302,0.008455856,0.653240681,0.492586285,1.514928818,0.48140651,0.119177014,0.45704937,1.582570195,0.169177145,0.213687509,0.477716267,1.576998234,0.495572388,0.164125487,0.431593806,1.649351835,0.185361564,0.31790337,0.552638412,1.580025196,0.428167433,0.123215042,0.528443158,1.638569474,0.075764701,0.157578111
Walking,0.545154691,0.056321993,-0.117310308,0.998358369,0.533172488,0.013543396,-0.104168236,0.998224318,0.532842875,0.011436987,-0.104285046,0.998149931,0.532147348,0.009412419,-0.104531609,0.998191953,0.524790823,0.014432037,-0.156811178,0.998338997,0.518456638,0.010619155,-0.156852186,0.998190284,0.511048079,0.007651285,-0.156954825,0.998281717,0.503346562,0.015804417,-0.005842449,0.99866575,0.482620239,0.021629708,-0.239562035,0.998985112,0.54073441,0.089446023,-0.071177833,0.998709977,0.531319499,0.088993177,-0.138181508,0.999102831,0.467686594,0.216593891,0.151192933,0.995139778,0.470457971,0.232844144,-0.322576314,0.998943031,0.483212054,0.510555744,0.354102939,0.409189135,0.472408831,0.550067544,-0.339090705,0.82416451,0.583004832,0.553782284,0.40977183,0.483055055,0.619728923,0.514402688,-0.19255355,0.796123087,0.621605456,0.56774801,0.411431938,0.488519996,0.645180106,0.520053387,-0.207407445,0.782737732,0.619577467,0.528519928,0.371640295,0.487537116,0.642456591,0.485960215,-0.213757604,0.78376174,0.603009343,0.531987667,0.391011685,0.500049531,0.632448316,0.487797409,-0.188737169,0.779326558,0.513189495,0.817850411,0.135004252,0.941714704,0.515849411,0.855971694,-0.134366661,0.967864335,0.537513614,1.169762373,0.292036474,0.403450638,0.534804106,1.231551886,0.011910738,0.643383443,0.543849409,1.514495134,0.511268914,0.110455438,0.528285205,1.584479094,0.181571648,0.212020501,0.527414143,1.580621719,0.526441932,0.155062541,0.501041055,1.652146459,0.199156165,0.323881,0.61419785,1.565153122,0.471742064,0.117533162,0.608510375,1.631739974,0.098124005,0.154460117
Walking,0.56947577,0.045388285,-0.108827576,0.998472333,0.558987796,0.005180301,-0.09552072,0.998356044,0.559506297,0.003376825,-0.095628127,0.998294652,0.559747815,0.001581796,-0.095837913,0.998330235,0.549118996,0.009748253,-0.141954795,0.998464108,0.542508304,0.008945799,-0.142014146,0.998331249,0.535301149,0.0074211,-0.14206177,0.998412311,0.536040366,0.014193252,-0.004545069,0.998774111,0.513651073,0.022794724,-0.220592737,0.999069512,0.568033338,0.081417307,-0.066936418,0.998798013,0.558119893,0.084646836,-0.125385925,0.999172688,0.51099962,0.213593349,0.137889415,0.995349467,0.508091331,0.23424004,-0.293619156,0.999009907,0.513717771,0.509602189,0.337699175,0.389839768,0.501695335,0.548825085,-0.270383954,0.83953172,0.619841754,0.55219996,0.357601285,0.452244759,0.636658847,0.514238596,-0.087409526,0.803795516,0.642194092,0.56237936,0.388142407,0.459362686,0.663835168,0.522991657,-0.09509626,0.789495766,0.646724582,0.527876735,0.359148055,0.458587825,0.661605,0.485951543,-0.104488112,0.790098846,0.626921058,0.52300334,0.348937452,0.473039687,0.651307464,0.487549663,-0.084199645,0.785485208,0.548058629,0.811766505,0.129786149,0.94056946,0.548893988,0.842645586,-0.129153699,0.967464507,0.583373725,1.157456636,0.272021413,0.379032463,0.575193286,1.223827362,0.012523564,0.652857482,0.604567826,1.501264334,0.488454491,0.105904974,0.582790554,1.590101004,0.14398241,0.227698818,0.591048896,1.569800496,0.511613965,0.151499018,0.557128489,1.663917065,0.158095539,0.344597667,0.673957944,1.547945142,0.428586245,0.117957011,0.666036129,1.627775192,0.062427651,0.162908584
Walking,0.592803657,0.039208636,-0.115078427,0.998490632,0.584580183,-0.000677173,-0.105222702,0.998400033,0.58521384,-0.001777909,-0.105292857,0.99834764,0.585439086,-0.002814319,-0.105475403,0.998381257,0.575241506,0.004260671,-0.149386808,0.998518705,0.569310308,0.005364055,-0.149485901,0.998393178,0.562850893,0.005763578,-0.149570346,0.998477101,0.564593434,0.013028281,-0.017497987,0.998821497,0.542273104,0.022023184,-0.221318796,0.999120653,0.5918172,0.074313097,-0.075674579,0.99882108,0.58128345,0.077541769,-0.13141571,0.999213278,0.526614845,0.212056145,0.127286732,0.995345235,0.534681082,0.240768597,-0.2845456,0.999066591,0.534494042,0.504351258,0.300302505,0.366252661,0.536981702,0.549442291,-0.232784703,0.85254252,0.629226148,0.530243576,0.342868984,0.422072768,0.668444872,0.514698625,-0.034194876,0.807689786,0.645935178,0.546826065,0.358072966,0.431432724,0.691853642,0.523060679,-0.036865734,0.794205725,0.652762532,0.50451684,0.319820851,0.430462658,0.688261509,0.486062884,-0.050353151,0.794520378,0.639659286,0.506048262,0.338500172,0.446172982,0.677385926,0.487471819,-0.031896792,0.789426386,0.582927465,0.807218015,0.125080213,0.934851348,0.581437826,0.837835193,-0.124453008,0.965527117,0.608795464,1.149006248,0.279612869,0.358899653,0.59224999,1.217270851,0.019457934,0.661443293,0.623578429,1.483723998,0.487151086,0.102561213,0.5963943,1.574582934,0.173919886,0.238052085,0.609566569,1.550373673,0.503094733,0.149168655,0.573797643,1.641863346,0.190090686,0.354370803,0.691314578,1.542909622,0.446935594,0.121301539,0.675411582,1.619638205,0.089753933,0.168475077
Walking,0.613058805,0.031205257,-0.104726389,0.998548269,0.608162165,-0.005559984,-0.093170494,0.998439074,0.609349847,-0.006419258,-0.093263641,0.998408556,0.610158622,-0.007229325,-0.093457326,0.998433232,0.597542167,-0.00141259,-0.1312287,0.998563468,0.591131926,0.000193364,-0.131319448,0.998459697,0.58414185,0.00151664,-0.131435603,0.998538554,0.591665745,0.008052781,-0.008835467,0.99883604,0.563299775,0.018563444,-0.18174006,0.999156654,0.612102211,0.062723316,-0.066541597,0.998824656,0.600185513,0.065726757,-0.115001753,0.999244571,0.55756712,0.205882311,0.125099927,0.995386302,0.552689254,0.233207539,-0.244080022,0.99912858,0.561045229,0.504000843,0.242806345,0.356942743,0.550655603,0.541444719,-0.239458948,0.866286218,0.648272455,0.593387961,0.240385622,0.397707492,0.68785429,0.489953369,-0.079702847,0.821949601,0.667128444,0.625273228,0.218823463,0.405843854,0.718779683,0.498326659,-0.041659754,0.807465792,0.670890749,0.606620848,0.185455889,0.404780626,0.720296562,0.467957973,-0.100558914,0.807595372,0.658828139,0.600464821,0.22427766,0.421495169,0.706460357,0.469131082,-0.085870512,0.802187204,0.603518128,0.771175146,0.118753091,0.936520696,0.598370433,0.807274222,-0.118192732,0.967024267,0.663593888,1.139497042,0.26760155,0.351318389,0.624273419,1.208632946,0.018859968,0.675364017,0.676001787,1.478297234,0.447050661,0.102790512,0.630835593,1.556069613,0.152301535,0.256136596,0.661238909,1.541846037,0.457897604,0.149132982,0.608003676,1.620553732,0.165633813,0.366158247,0.743061423,1.540269256,0.388989419,0.127393335,0.710265875,1.60894978,0.049087815,0.182302043
Walking,0.623394072,0.025570419,-0.215940624,0.998537183,0.622486413,-0.013092627,-0.195116341,0.998289406,0.626462817,-0.01325117,-0.195230722,0.998265505,0.630045056,-0.0132094,-0.195344284,0.998238444,0.605345845,-0.008512995,-0.217597991,0.998488367,0.597350776,-0.005540189,-0.217709944,0.998450994,0.589051664,-0.002652669,-0.217926234,0.998541296,0.619702816,0.003887735,-0.064568914,0.998519301,0.57424283,0.016778076,-0.184833512,0.999168992,0.627003014,0.059268039,-0.163328871,0.99867475,0.610737205,0.062955111,-0.192292243,0.999243855,0.610703528,0.206151053,0.101895131,0.99410665,0.55388087,0.227397382,-0.249285385,0.999186993,0.61169672,0.504216194,0.217462033,0.344069183,0.550787866,0.531587362,-0.284259647,0.87924093,0.670456648,0.609086037,0.205649942,0.373873651,0.692503095,0.473785013,-0.244805977,0.836758316,0.67998749,0.631489873,0.181334525,0.382048309,0.727088988,0.481788427,-0.272197574,0.82106024,0.690544724,0.631707788,0.150065109,0.381448537,0.731754065,0.449502945,-0.270561904,0.821140647,0.677815259,0.618245304,0.187829629,0.398329645,0.718681812,0.450154483,-0.238564447,0.81569916,0.640243948,0.769518733,0.114521444,0.935951352,0.59943831,0.80038029,-0.113809846,0.967819333,0.702848494,1.096784353,0.238784701,0.360673457,0.617638826,1.183591604,-0.007161369,0.69612813,0.696217418,1.429089904,0.430509806,0.107963212,0.610102057,1.535296321,0.100793779,0.272682548,0.679727435,1.488459468,0.442166716,0.155663177,0.583104014,1.597461104,0.110132314,0.37020579,0.76148355,1.522526264,0.362800479,0.128450885,0.699851513,1.603385568,-0.042789154,0.190654814
Walking,0.648375034,0.022927748,-0.259589076,0.998381138,0.647168756,-0.014743756,-0.236328006,0.998055577,0.650551021,-0.014691398,-0.236390904,0.997982979,0.653804898,-0.014371607,-0.236501455,0.997885346,0.63276571,-0.010331028,-0.259967417,0.998361886,0.62578541,-0.007211239,-0.259979159,0.998357058,0.61831075,-0.003979451,-0.260226876,0.998492062,0.646685243,0.003467788,-0.095033586,0.998034716,0.604651153,0.016270272,-0.197025269,0.999174178,0.651441991,0.057966255,-0.203453377,0.998340786,0.637505412,0.062081955,-0.233421519,0.999215782,0.657913327,0.206753433,0.092480838,0.993480384,0.569844127,0.228446066,-0.263244122,0.9992401,0.659654915,0.504046321,0.248142272,0.328484058,0.54413414,0.531269848,-0.326491743,0.89086175,0.743417621,0.458505601,0.28141278,0.373448104,0.696736276,0.47794041,-0.286764205,0.851315141,0.759695172,0.446777433,0.274054706,0.382434607,0.737939,0.480797887,-0.307983488,0.835223258,0.783062994,0.428740323,0.254595578,0.381947696,0.74594003,0.446580917,-0.299027979,0.835119247,0.765909851,0.450621456,0.270240843,0.397480041,0.731246233,0.448445767,-0.276757419,0.82980144,0.673071861,0.769142985,0.11849539,0.935981452,0.619971991,0.800377846,-0.117777988,0.968527675,0.718556643,1.075210452,0.309852064,0.35277161,0.650861263,1.149513483,-0.005016643,0.709545732,0.711844862,1.372555614,0.557489276,0.107328907,0.656808972,1.450109243,0.182121485,0.270874113,0.695211768,1.428052902,0.574801743,0.156618014,0.632061422,1.497593522,0.203383565,0.365809768,0.77818197,1.455537081,0.503905594,0.125002876,0.744001567,1.541453362,0.063840255,0.188114986
Walking,0.653057158,0.021858726,-0.343226135,0.998483837,0.655338943,-0.01916351,-0.305506587,0.998198152,0.66187036,-0.020409426,-0.305617243,0.998126328,0.668296754,-0.021293046,-0.305694073,0.998025715,0.633480906,-0.011678401,-0.325697839,0.998484433,0.624524951,-0.007693093,-0.325683266,0.99848187,0.615716696,-0.004000069,-0.325935006,0.998604953,0.669692159,-0.004622404,-0.096485071,0.998142838,0.601920724,0.01741549,-0.191005513,0.999243259,0.665445864,0.058661584,-0.262567997,0.998419106,0.641260386,0.063312665,-0.287107289,0.999267876,0.704772174,0.211723179,0.091605708,0.993641675,0.569801569,0.242408067,-0.251428962,0.999264538,0.711486578,0.493400156,0.119986735,0.327890158,0.554128826,0.532456994,-0.397494286,0.901187837,0.797098756,0.452533185,-0.099092729,0.410644561,0.671311021,0.498971134,-0.496186018,0.86429441,0.815659046,0.437491477,-0.157743901,0.42171362,0.710118473,0.484674782,-0.539615035,0.848118186,0.821838379,0.409273773,-0.177399188,0.422687262,0.715275884,0.45175299,-0.55252254,0.848139524,0.808277905,0.423303932,-0.117932156,0.435222119,0.702265859,0.458143264,-0.498440653,0.84271121,0.71264565,0.769799232,0.115731642,0.937147081,0.624577045,0.800490737,-0.114872433,0.96891582,0.753821492,1.07840085,0.214513585,0.357510537,0.657096028,1.143694401,0.011818809,0.71566236,0.746905446,1.379508376,0.433954418,0.108812362,0.658815563,1.440504074,0.24256286,0.258889019,0.733910918,1.432691097,0.445799649,0.159267366,0.636624157,1.485128999,0.263477027,0.347800106,0.796672285,1.463490009,0.313133955,0.119727917,0.733715475,1.537527919,0.07646545,0.177404344
Walking,0.662353098,0.035318665,-0.302364618,0.998599052,0.667130589,-0.001904667,-0.274865896,0.998341918,0.67449832,-0.003335329,-0.274930805,0.998275101,0.681768417,-0.004476744,-0.274881989,0.998181343,0.645872176,0.005083271,-0.291232586,0.998611093,0.638015866,0.008443167,-0.291282833,0.998609066,0.630338073,0.011777329,-0.291585505,0.998722553,0.688752532,0.014241536,-0.096572734,0.998265922,0.619532406,0.036252532,-0.165028244,0.999307752,0.676365674,0.074217662,-0.234932825,0.998545587,0.652156591,0.077750854,-0.255184352,0.999329686,0.748299837,0.223481774,0.046970442,0.99419719,0.571163535,0.265260249,-0.136089891,0.999322355,0.781103432,0.493964761,-0.003135863,0.388490349,0.551869035,0.546278238,-0.295310885,0.910669923,0.79900682,0.463675469,-0.322954893,0.467730045,0.646954358,0.528872073,-0.517433524,0.876840293,0.825905323,0.449382812,-0.394803882,0.476590335,0.691071391,0.521223247,-0.57156837,0.861214995,0.826298118,0.414124459,-0.410649359,0.47725454,0.699510753,0.487680435,-0.589780152,0.861225188,0.809029758,0.424556524,-0.338983268,0.48857674,0.675030828,0.488590926,-0.526218057,0.856107712,0.744528115,0.772511184,0.064629331,0.942548931,0.627270103,0.800637901,-0.063477457,0.97145313,0.766155303,1.044741631,0.044234041,0.340186596,0.665812433,1.07496953,0.040076103,0.678058326,0.783444762,1.45569694,0.224537641,0.099462591,0.680817127,1.482745171,0.2548334,0.235634625,0.78151691,1.502250314,0.230434731,0.144666404,0.672057927,1.516371608,0.269355655,0.314700693,0.802791476,1.557449698,0.029964264,0.109850302,0.723507464,1.597664237,0.055019457,0.161409587
Walking,0.646170199,0.03223221,-0.310688317,0.998681545,0.656077802,-0.009889205,-0.299404293,0.998450577,0.664765477,-0.012505301,-0.2994892,0.998389482,0.674020231,-0.014348513,-0.299545646,0.998312294,0.634340107,0.002178012,-0.286476672,0.998692155,0.627165794,0.007594001,-0.286438525,0.998678982,0.620494246,0.010869818,-0.286664695,0.998780847,0.696154594,0.007872348,-0.185732663,0.998379469,0.622748733,0.033888187,-0.119251147,0.999305725,0.66406405,0.067371845,-0.266945004,0.998663127,0.641245127,0.073871732,-0.248589203,0.99935621,0.789583802,0.223207831,-0.104755595,0.994705975,0.593250692,0.264392167,-0.050308179,0.999298394,0.840568423,0.487869889,-0.202066138,0.448936105,0.586105466,0.543088078,-0.103057161,0.912127972,0.807212949,0.472667962,-0.468443006,0.518936932,0.64051497,0.540421486,-0.395572156,0.877050579,0.799498022,0.472597092,-0.534436047,0.524636924,0.64294976,0.542680025,-0.448364496,0.857994914,0.794701219,0.434243023,-0.536017299,0.525396287,0.636753082,0.497196198,-0.473446697,0.859145701,0.78960371,0.433694243,-0.471958011,0.535198927,0.639383852,0.497889757,-0.409766495,0.853902578,0.763256848,0.771939695,0.008017717,0.947343528,0.640770376,0.786088049,-0.007133801,0.973530412,0.766152084,1.122870326,0.038016431,0.342169285,0.666630387,1.108657122,0.083522364,0.649377406,0.777210116,1.469890475,0.262637913,0.092881903,0.679030955,1.48756361,0.29477182,0.215979531,0.778632522,1.512659907,0.276283979,0.133892193,0.680498123,1.520714164,0.308260769,0.285705447,0.775548458,1.57796073,0.079860494,0.100772753,0.696162939,1.607935786,0.086800128,0.147088736
Walking,0.629631042,0.040275991,-0.287908137,0.998772979,0.638023376,-0.006272597,-0.265549034,0.998558581,0.647567153,-0.011438928,-0.265634805,0.998507142,0.658071399,-0.014012367,-0.26570344,0.998437703,0.6188187,0.007588596,-0.249874234,0.998774171,0.613083124,0.012241621,-0.24968715,0.998758078,0.607930124,0.015597074,-0.24986276,0.99884218,0.686429262,0.000525357,-0.189446777,0.998508632,0.62027204,0.032392565,-0.061306655,0.999308884,0.653313816,0.07173381,-0.231985614,0.998781025,0.628094375,0.079893269,-0.198519915,0.999386072,0.79612273,0.204958558,-0.1202536,0.99520129,0.6098032,0.261841625,0.01684642,0.999264598,0.860851109,0.442096233,-0.197996095,0.503771007,0.60710448,0.523461878,-0.006583889,0.911452353,0.760429263,0.465330243,-0.365762651,0.566446185,0.631334603,0.535390258,-0.332495332,0.88395375,0.750015855,0.480668187,-0.415927827,0.570619226,0.61207819,0.541959345,-0.422596514,0.864842713,0.766202569,0.442967862,-0.405354261,0.57137543,0.607595921,0.499538839,-0.412597984,0.866475224,0.742070854,0.437359959,-0.358135074,0.579843163,0.615484715,0.49654007,-0.390568823,0.860852003,0.763746023,0.770388186,-0.013269159,0.951190114,0.649102569,0.774424255,0.013750302,0.974908054,0.756233513,1.128468871,0.012561291,0.362076521,0.660240531,1.11723578,0.068619147,0.642805338,0.763899803,1.461810946,0.234696478,0.08962965,0.666851163,1.47589004,0.26935631,0.203509867,0.765838683,1.504765153,0.249703437,0.12571381,0.670784414,1.514599085,0.270683616,0.262990177,0.755435824,1.568684697,0.070849225,0.093166575,0.680425346,1.607030749,0.054186158,0.135679126
Walking,0.621575475,0.079185627,-0.244885966,0.998855591,0.626965165,0.031134412,-0.257962376,0.998665154,0.634488165,0.023242623,-0.258070439,0.998621523,0.642483592,0.015464281,-0.258240461,0.998557866,0.611177206,0.044672813,-0.215400055,0.998840272,0.607316673,0.046916597,-0.215223029,0.998817265,0.60413301,0.048155945,-0.215357333,0.99887681,0.667148888,0.008590351,-0.274583012,0.998648763,0.62279731,0.045209944,-0.048406146,0.999330223,0.644166172,0.099133067,-0.222705081,0.998893619,0.628205061,0.111494794,-0.159607068,0.999413848,0.781490088,0.19329524,-0.263987839,0.995670736,0.642744899,0.258936346,0.102275833,0.999205649,0.844973266,0.451533198,-0.316292971,0.553164661,0.66342485,0.506054938,0.094050124,0.847921014,0.759734213,0.461685508,-0.302782923,0.608958125,0.629234552,0.539861202,-0.202354386,0.843797207,0.67483449,0.47400707,-0.338433981,0.611075938,0.595568061,0.543354273,-0.246582791,0.827643871,0.675261974,0.433120936,-0.300569952,0.611748457,0.586469054,0.504864097,-0.284163177,0.830811143,0.685429811,0.428992212,-0.279095441,0.618654847,0.599493384,0.498710304,-0.236420512,0.825633347,0.760160744,0.77211237,-0.077268414,0.954042077,0.662946343,0.775658429,0.078032322,0.974672496,0.759051025,1.138155937,-0.063629381,0.374225378,0.659244418,1.070662737,0.109628476,0.622575283,0.778930187,1.445969939,0.233165026,0.086315803,0.6562289,1.464685082,0.294864058,0.194203615,0.788253188,1.481135845,0.256007314,0.12275891,0.666484535,1.504308224,0.307477772,0.25033465,0.767160237,1.566376209,0.11206498,0.087247252,0.648371637,1.606394053,0.160114586,0.127185911
Walking,0.607146263,0.109445326,-0.116148151,0.998942673,0.609996319,0.065927416,-0.164975673,0.998772621,0.614919543,0.0593853,-0.16516605,0.99873668,0.62037456,0.051912323,-0.16543752,0.998676598,0.608720839,0.072485194,-0.099262074,0.99891758,0.601716459,0.071547061,-0.099122778,0.998895526,0.59678185,0.069710903,-0.099274322,0.998940408,0.651765525,0.03053605,-0.257210881,0.998776913,0.623513937,0.053353112,0.016747016,0.999373019,0.640110016,0.133861229,-0.148071572,0.998994648,0.619604051,0.145960435,-0.061533101,0.999445021,0.748727977,0.19349207,-0.319792062,0.99609822,0.667776763,0.252560705,0.165135473,0.999210358,0.80013454,0.452020437,-0.345392078,0.597575247,0.683218777,0.504987359,0.161247492,0.782787621,0.643593311,0.464272916,-0.22567156,0.647253931,0.62750411,0.561714768,-0.089819089,0.799629033,0.591628909,0.479437172,-0.257247627,0.647640288,0.591593385,0.566446602,-0.122666456,0.786840379,0.587202549,0.441869855,-0.222969174,0.648274124,0.577926815,0.520474315,-0.159728497,0.790566504,0.603515148,0.437572479,-0.201834247,0.653772652,0.594979346,0.508467555,-0.116312876,0.784966052,0.751011848,0.792041779,-0.120333806,0.957773924,0.680759609,0.781455398,0.121068776,0.976075947,0.734850585,1.178204298,-0.125402242,0.406156063,0.66292417,1.142209768,0.198438197,0.594304502,0.799032629,1.439223766,0.201357812,0.087675117,0.711589873,1.466618896,0.350832254,0.186836541,0.824138761,1.45835948,0.231852204,0.133325875,0.73492974,1.51048243,0.361566871,0.244670868,0.789679468,1.559553027,0.164002165,0.087483943,0.683826566,1.618292689,0.272913337,0.122737683
Walking,0.590314686,0.12767674,-0.113986291,0.998490095,0.593717575,0.082686834,-0.161214158,0.998290837,0.598463356,0.076878905,-0.161467463,0.99830842,0.603970289,0.069921263,-0.161728814,0.998284161,0.593148291,0.087468088,-0.100667834,0.99804616,0.592955947,0.086090967,-0.100574113,0.997869134,0.594824433,0.083689831,-0.100780025,0.997879565,0.650226772,0.04951781,-0.277440786,0.998658776,0.61638546,0.06224278,-0.007256866,0.998773456,0.624945462,0.150776103,-0.147557706,0.998887002,0.618007779,0.158974886,-0.068370827,0.998898268,0.722585917,0.194984794,-0.363388628,0.996475399,0.668405116,0.233317912,0.140649363,0.999127865,0.769316316,0.452626914,-0.391804427,0.63731873,0.674528778,0.49459517,0.26560694,0.717480898,0.577804089,0.46794799,-0.287648618,0.681705415,0.616084993,0.653822482,0.170295477,0.750826657,0.547883868,0.481788427,-0.325226843,0.681036472,0.588718295,0.661479235,0.160489663,0.743833303,0.543474019,0.443945408,-0.290510803,0.681583047,0.582223415,0.677039623,0.10701251,0.748061538,0.554564297,0.442010343,-0.26460585,0.685839832,0.591739774,0.621800542,0.142587274,0.744103611,0.732573867,0.792153001,-0.133794874,0.960071385,0.689701617,0.779684782,0.134519443,0.975955427,0.723804951,1.15992713,-0.045977939,0.421593785,0.668942332,1.124464273,0.270020902,0.559668064,0.790031672,1.371960282,0.244972989,0.0873271,0.731263101,1.409775734,0.447799355,0.173424989,0.816915214,1.389445901,0.272769958,0.141253129,0.755479872,1.442681909,0.463555396,0.23340556,0.778028309,1.503443241,0.221015662,0.086994819,0.702346861,1.551262021,0.413799047,0.114967562
Walking,0.580229163,0.153980866,-0.121777974,0.99766463,0.5799492,0.108472943,-0.162323803,0.99766475,0.583919942,0.102117188,-0.162630036,0.997798324,0.588592649,0.094737813,-0.162938312,0.997851849,0.578225791,0.114995606,-0.107047185,0.99691236,0.579499006,0.114452772,-0.106898651,0.996488154,0.58268559,0.112889141,-0.107109644,0.996254861,0.625741839,0.075090967,-0.242105991,0.99853003,0.611451626,0.092385635,0.014975336,0.997746587,0.606468737,0.169540182,-0.140138596,0.998662651,0.603071213,0.178685397,-0.065704256,0.997953236,0.721523881,0.198422045,-0.323861212,0.996813357,0.652280152,0.237517416,0.179754451,0.998665035,0.707409143,0.457879901,-0.440018982,0.673139334,0.647147059,0.527511954,0.310427666,0.660637438,0.543645322,0.467028379,-0.409620702,0.713045657,0.587962031,0.672240734,0.20817861,0.716316044,0.512733221,0.481751859,-0.458104521,0.711866796,0.56787926,0.717904985,0.196823627,0.711857021,0.509812176,0.447876692,-0.41983813,0.712325871,0.560690165,0.700730026,0.138226375,0.718030691,0.521184683,0.445376575,-0.387829363,0.715661526,0.570996821,0.676659882,0.176620111,0.715834558,0.728836298,0.791826606,-0.1204236,0.962742209,0.670059144,0.78123194,0.121201858,0.974686503,0.762168169,1.1520437,-0.067905441,0.444092333,0.655313194,1.131591916,0.202363402,0.537418067,0.796047091,1.389089346,0.229777023,0.084737189,0.694171906,1.426821947,0.376859099,0.161762133,0.813610077,1.402857542,0.255520165,0.13382788,0.707352877,1.464886427,0.392448485,0.218773454,0.770984769,1.530773759,0.144601554,0.081761755,0.684107602,1.552491903,0.293152779,0.106592111
Walking,0.560678601,0.15643999,-0.048382036,0.997596323,0.560121417,0.114517741,-0.098446235,0.997649193,0.563365638,0.110137783,-0.098660894,0.997751176,0.567171395,0.105024338,-0.098946147,0.997832716,0.558534324,0.117467746,-0.044647999,0.996824145,0.560277104,0.116189256,-0.044532236,0.996310115,0.563281,0.11423713,-0.044723354,0.996165693,0.595702171,0.088804752,-0.229683682,0.998547912,0.594593167,0.097232811,0.007753612,0.997770131,0.581823707,0.175033048,-0.087152891,0.998659611,0.580586135,0.179074645,-0.017320525,0.997896016,0.657494187,0.214201361,-0.324524909,0.997111559,0.651171088,0.22914423,0.143546566,0.998656094,0.646949589,0.483222842,-0.33614412,0.704087555,0.640996933,0.50327152,0.30435127,0.604132712,0.522764325,0.472729325,-0.26955682,0.739107668,0.55188334,0.576063514,0.344727755,0.664345801,0.49319306,0.488204628,-0.252116323,0.736425221,0.539285898,0.662180603,0.359285593,0.663910687,0.495315164,0.453655332,-0.205933571,0.736832917,0.52748698,0.637412786,0.317464679,0.670316577,0.506469905,0.449790359,-0.221768096,0.73863548,0.532599449,0.592903137,0.324274778,0.67028147,0.67580092,0.802644849,-0.132450387,0.964792132,0.680352628,0.781872153,0.132929623,0.973780513,0.692119539,1.112483144,-0.001862924,0.431474656,0.65921104,1.081264019,0.293653518,0.493479609,0.7547158,1.369550109,0.253618628,0.082957968,0.711529791,1.352965832,0.478606373,0.147228047,0.793686509,1.409448147,0.276848227,0.144143462,0.735520661,1.395023942,0.498229593,0.205916852,0.696943998,1.429961801,0.243612334,0.079219215,0.681771576,1.434121728,0.491264492,0.097639032
Walking,0.542228281,0.142715871,-0.010576127,0.997618794,0.541288376,0.104896024,-0.063886389,0.997726738,0.543207228,0.101201668,-0.064074978,0.99779731,0.545595765,0.096776657,-0.064347997,0.997892916,0.542254567,0.106655844,-0.013296212,0.996880591,0.544675946,0.105075605,-0.013272578,0.996336877,0.548039556,0.102826163,-0.01344513,0.99624747,0.570570767,0.083189078,-0.223288417,0.998604059,0.578848481,0.08876352,0.001608111,0.997879326,0.560134828,0.163198203,-0.05965193,0.998713672,0.561105847,0.166952491,0.005745649,0.997982621,0.612580657,0.223374099,-0.327550173,0.997374833,0.655000031,0.215413034,0.113841012,0.998639107,0.601127386,0.50081718,-0.298611045,0.731238902,0.642134488,0.467336953,0.309581161,0.550256431,0.487564474,0.482084692,-0.088596389,0.758460939,0.546482205,0.508617282,0.46336332,0.604208767,0.464254439,0.50234884,-0.088481061,0.753008425,0.521056771,0.57945317,0.491105407,0.606010497,0.460442066,0.465273678,-0.065219611,0.753932536,0.508268952,0.564584553,0.454279095,0.612362385,0.471611321,0.463146001,-0.067674585,0.753928721,0.5143646,0.560826302,0.447389692,0.613833308,0.642279446,0.801085413,-0.125813872,0.966640413,0.67867285,0.777718544,0.126158714,0.972748578,0.673055351,1.099901795,0.069876894,0.421343923,0.674690366,1.017882943,0.287622988,0.455824584,0.731238008,1.369043827,0.255371839,0.085127972,0.735880017,1.355996251,0.464119434,0.1351455,0.780034721,1.416460037,0.278075397,0.162868619,0.7609092,1.398706436,0.482575417,0.198510319,0.681992114,1.406381249,0.278003126,0.079636164,0.695260048,1.424512267,0.471937716,0.090451337
Walking,0.527868152,0.142098993,-0.014823762,0.997389972,0.526284814,0.106604934,-0.069676399,0.997593105,0.528374135,0.102736719,-0.069876656,0.997648239,0.530990481,0.098035313,-0.070155643,0.997739553,0.526357889,0.108187951,-0.016352549,0.99672401,0.528242588,0.106178485,-0.016296422,0.996126235,0.53091538,0.103427313,-0.016500507,0.996088386,0.55621016,0.08200451,-0.222052574,0.998569012,0.55957377,0.087084383,0.014302298,0.997820795,0.545226455,0.161482349,-0.059231162,0.998570621,0.544925809,0.165036887,0.009597727,0.997794032,0.595726848,0.223673552,-0.334689796,0.997533023,0.643235207,0.212172925,0.147480488,0.998354256,0.578291178,0.507217586,-0.287518948,0.75424391,0.612398267,0.474119693,0.328606516,0.507548571,0.474218518,0.485002011,-0.018028386,0.77339977,0.511923671,0.494615585,0.458091408,0.564510167,0.442979753,0.5023368,-0.014633459,0.76477778,0.484093755,0.53019613,0.489308983,0.56668669,0.44558984,0.466742337,0.005534056,0.766033828,0.474350125,0.515359938,0.455283314,0.573194921,0.456223309,0.464260101,0.001967021,0.764132857,0.483838707,0.522417963,0.443130165,0.577462673,0.619878113,0.808474243,-0.138412148,0.962290049,0.66907841,0.778571725,0.138779491,0.966246784,0.647966981,1.100816131,0.064902171,0.433433264,0.645397782,1.088928103,0.274364412,0.429711699,0.665884376,1.411426544,0.264353037,0.08687038,0.66934514,1.413513899,0.443915188,0.125332758,0.69301784,1.467283964,0.2862508,0.17112644,0.697153568,1.469703317,0.459593475,0.189729497,0.601656556,1.436165929,0.265788615,0.078121714,0.598038495,1.450377107,0.41588378,0.083708122
Walking,0.518501341,0.138035178,0.032055318,0.996849298,0.515260339,0.104028322,-0.029357651,0.997292459,0.516526878,0.100557722,-0.029552469,0.997314334,0.518274665,0.096427843,-0.029845085,0.997421801,0.516546249,0.104627237,0.024940124,0.996334255,0.518424451,0.102305166,0.025031662,0.995579183,0.521016896,0.099324837,0.02481035,0.995608628,0.540157855,0.082025491,-0.220984191,0.998463869,0.545990407,0.084272139,0.031823438,0.997749269,0.533933163,0.156849772,-0.021618094,0.998377204,0.534134626,0.16053541,0.048476882,0.997528493,0.577651739,0.22263445,-0.329120874,0.997713566,0.638663888,0.197154984,0.161881596,0.998195946,0.561567724,0.505086422,-0.294522822,0.775585711,0.598602533,0.465394169,0.416827381,0.465138912,0.458067417,0.484784573,-0.056456041,0.791201353,0.50222981,0.476198673,0.641767323,0.529677987,0.426890284,0.500440419,-0.06029461,0.781638563,0.476181656,0.510471642,0.68981266,0.534430504,0.428506762,0.465325475,-0.041838385,0.782965839,0.466478676,0.495156646,0.651298463,0.541106761,0.438565791,0.463064075,-0.039254218,0.779998481,0.474485397,0.49953419,0.628018022,0.548401058,0.595776558,0.808922589,-0.141089648,0.962159634,0.638952374,0.779724538,0.141505867,0.963661671,0.611919701,1.102501988,0.064425081,0.446831644,0.599786878,1.097740889,0.276177645,0.405661672,0.62092483,1.425112247,0.262503207,0.08735656,0.624251068,1.415316939,0.4414545,0.115230098,0.642747939,1.483535647,0.284409344,0.174570188,0.649143934,1.475993991,0.456535429,0.178426504,0.563723683,1.439843297,0.257560968,0.075237848,0.558342814,1.476423025,0.414485157,0.076895632
Walking,0.501140773,0.134520039,0.008123538,0.995591164,0.500097871,0.098732017,-0.048293449,0.996297836,0.502231479,0.095195286,-0.04853642,0.996319056,0.504969895,0.091021359,-0.048829142,0.99647975,0.500022531,0.100220025,0.005621501,0.995139778,0.501757264,0.098527357,0.005717771,0.994060099,0.504277885,0.096300371,0.005450954,0.994245768,0.529026449,0.078856446,-0.217178062,0.998026669,0.530881047,0.082529366,0.03143546,0.9971596,0.517863393,0.15641661,-0.03859612,0.997739792,0.516655207,0.160238057,0.030967336,0.996452272,0.564049602,0.214852884,-0.331834882,0.997794628,0.610943913,0.195613652,0.169130951,0.99778682,0.540660739,0.495188951,-0.318227679,0.793345928,0.576902449,0.465581715,0.367161095,0.427903861,0.446148396,0.478646547,-0.086651914,0.804960549,0.486430705,0.471781403,0.511253655,0.502631664,0.422240406,0.491801798,-0.093280151,0.793986142,0.459679663,0.490176082,0.546366632,0.507403255,0.421561092,0.45882228,-0.073654972,0.795229793,0.449100554,0.47532171,0.511197329,0.513908088,0.432603985,0.455297887,-0.069869362,0.790836513,0.467991054,0.46894294,0.49605155,0.524263561,0.578980446,0.811626673,-0.141467348,0.956391752,0.612046421,0.782844543,0.141927153,0.956148922,0.594937682,1.101849198,0.040381555,0.45915556,0.570573509,1.104483724,0.260927707,0.390528947,0.604774594,1.420736551,0.260772079,0.085987598,0.595873356,1.420184016,0.42202878,0.106628887,0.625829458,1.481844187,0.282457799,0.172848105,0.619030893,1.48293674,0.43618384,0.169669732,0.548103929,1.451678753,0.252655268,0.071743727,0.5291996,1.487985373,0.386684328,0.070880279
Walking,0.47409901,0.120729014,-0.011801863,0.990920961,0.476892292,0.085415609,-0.061955087,0.993512869,0.479479015,0.082279839,-0.062167,0.993105769,0.482675731,0.078821748,-0.062440641,0.993966579,0.476776779,0.085728139,-0.017079834,0.99096787,0.478988945,0.08311975,-0.017029772,0.989138663,0.482058465,0.079796799,-0.017282976,0.99043262,0.506408811,0.071402386,-0.215525776,0.996111393,0.509830654,0.067208178,0.017218694,0.994919598,0.490601599,0.141321048,-0.052647848,0.995531499,0.489154637,0.143085867,0.005912331,0.993597865,0.529097915,0.203364775,-0.306813627,0.997870028,0.587964177,0.19186689,0.110786438,0.996758163,0.51100862,0.486901551,-0.29998228,0.804403603,0.580412388,0.426343322,0.291393667,0.386606872,0.413425535,0.4784033,-0.044847567,0.801824629,0.501199901,0.481978565,0.465413421,0.453490525,0.386993498,0.490891606,-0.046152588,0.788508654,0.483012021,0.502438307,0.499709845,0.458525002,0.391220272,0.457548618,-0.026562061,0.790517092,0.471948773,0.485391229,0.466669023,0.464503109,0.400137603,0.45463258,-0.02811127,0.781753123,0.479284674,0.478841752,0.453605026,0.474239349,0.538964689,0.780366778,-0.125592589,0.959241629,0.598536432,0.751971662,0.12612769,0.954522729,0.516662717,1.034250617,0.089271851,0.447663128,0.569848657,0.959001184,0.34325096,0.356566966,0.527233064,1.273136258,0.29915455,0.084491946,0.590122342,1.164164782,0.575882494,0.097140081,0.548000693,1.328769088,0.3234725,0.172164917,0.606482685,1.206944227,0.603041291,0.15831238,0.475082457,1.259616017,0.328860819,0.068819337,0.5460096,1.179264069,0.635863543,0.064985752
Walking,0.452154964,0.110352047,-0.014277408,0.990512967,0.456068099,0.07371749,-0.067635708,0.993261933,0.458285004,0.071513899,-0.067820601,0.992827356,0.460931838,0.069177568,-0.068052009,0.993755221,0.456947893,0.072961658,-0.01795719,0.99064672,0.459526151,0.070347004,-0.017874423,0.988617361,0.462824583,0.067088738,-0.018086251,0.989936352,0.483802736,0.067204282,-0.220147178,0.996033072,0.489534229,0.060205601,0.008502468,0.994707823,0.466133893,0.132432878,-0.057699203,0.995430529,0.465684503,0.133117393,0.006127462,0.993418932,0.50584954,0.203572422,-0.336548477,0.998014569,0.563061774,0.192627609,0.138765246,0.99623245,0.490645021,0.489250511,-0.314278692,0.820501387,0.564251065,0.431836307,0.35082823,0.351133347,0.38857916,0.479374617,-0.070640348,0.814056098,0.471465975,0.481287986,0.513569236,0.412947208,0.361474812,0.491082966,-0.08010383,0.799575627,0.455816895,0.494820178,0.553680718,0.419840783,0.365038455,0.457672805,-0.038007043,0.801505148,0.442857504,0.478433281,0.509610176,0.425543815,0.374912351,0.454767764,-0.043536596,0.791139424,0.447101682,0.476694733,0.497705609,0.435427427,0.51113528,0.782137573,-0.142299876,0.959280849,0.567716777,0.756792367,0.14289324,0.946408749,0.508316875,1.043814301,0.024427464,0.453431159,0.526473641,0.997851312,0.300687551,0.32947281,0.517767251,1.350371003,0.167926311,0.086816892,0.535537899,1.23642683,0.487993866,0.088970311,0.53943336,1.42551744,0.181730762,0.18318744,0.551931739,1.220393062,0.508354127,0.150744647,0.455842823,1.307105541,0.152795359,0.067963548,0.477401316,1.338111758,0.48107186,0.059909523
Walking,0.427253664,0.097407542,-0.024093734,0.990908563,0.434461594,0.061348576,-0.08347787,0.993520975,0.437256992,0.060039178,-0.083669044,0.993105829,0.440449089,0.058663733,-0.083827026,0.993942142,0.433933347,0.059785552,-0.024701832,0.991124868,0.436212301,0.057356644,-0.024551254,0.989212871,0.439174175,0.054337088,-0.024713,0.990416169,0.462420404,0.061658919,-0.24574998,0.996211112,0.465144932,0.053445417,0.005507035,0.994996846,0.440238416,0.121840008,-0.070506588,0.99562043,0.43845433,0.122000501,-0.002808651,0.99373585,0.478684962,0.210209593,-0.359802425,0.998084068,0.52883637,0.193898454,0.147909671,0.996285141,0.461264431,0.515007079,-0.316925108,0.831599236,0.502708554,0.439335197,0.360507667,0.32406804,0.365544319,0.485148162,-0.068525016,0.818502724,0.406313896,0.476472348,0.515842676,0.387055814,0.338151753,0.492589533,-0.072340116,0.80121249,0.38666147,0.473029822,0.556564391,0.39500016,0.346006215,0.457847685,-0.048753463,0.803262472,0.377856791,0.458178759,0.520293117,0.400631368,0.357305974,0.456684709,-0.048421331,0.791834831,0.384929061,0.463856459,0.502184212,0.412351578,0.480013907,0.799675643,-0.151704401,0.957782745,0.5231089,0.77571106,0.152223706,0.944002926,0.497000307,1.143152237,-0.008864177,0.467463315,0.491140187,1.140634656,0.286697417,0.318046838,0.499635279,1.486646175,0.147219568,0.092999898,0.502420962,1.468119621,0.466046959,0.08532957,0.518643975,1.550280929,0.159805268,0.196208,0.519227624,1.519656062,0.492467165,0.150639102,0.44035095,1.518977523,0.096312188,0.069570899,0.437271178,1.519866943,0.450035959,0.057564247
Walking,0.399730146,0.090890951,-0.022258559,0.990876257,0.406108141,0.054852258,-0.083111957,0.993550181,0.408047825,0.053773765,-0.083272785,0.99312067,0.410386652,0.052738089,-0.083438538,0.993822634,0.40804702,0.053038493,-0.027201574,0.991394401,0.411204517,0.050505389,-0.027151752,0.989617109,0.415112019,0.047452286,-0.027373809,0.990727782,0.433008343,0.058903344,-0.25465861,0.996244013,0.441378444,0.049591132,-0.000924186,0.995243609,0.41128841,0.116804481,-0.07234139,0.995600522,0.411968946,0.117151558,-0.003943368,0.993971288,0.44689852,0.217155293,-0.366610438,0.997886419,0.505328476,0.195634395,0.133770749,0.996152461,0.424288511,0.52264601,-0.303833663,0.839515507,0.490510553,0.458303034,0.319018871,0.296581954,0.329554141,0.484370053,-0.009064016,0.813174427,0.404407114,0.566670537,0.456414998,0.35375002,0.302037656,0.48877123,-0.011966498,0.79260534,0.387984455,0.589506507,0.493549109,0.363143682,0.30792594,0.453891784,0.011523878,0.795439482,0.383892357,0.578705192,0.448759466,0.368907392,0.317168951,0.454852432,0.010460912,0.783699691,0.388489574,0.571982205,0.439876318,0.380796671,0.434113443,0.804429889,-0.147272736,0.953988552,0.483748496,0.78393352,0.147759289,0.941241145,0.46558103,1.137926936,0.001869985,0.470367879,0.458622873,1.150429726,0.282175958,0.297642231,0.46677953,1.462315917,0.186593071,0.092625596,0.463339984,1.474132061,0.455622435,0.08055564,0.48538956,1.518422604,0.202974752,0.197702304,0.477932274,1.529256701,0.483431041,0.147918597,0.410381854,1.509829521,0.146846771,0.067796819,0.405924618,1.523025036,0.421998203,0.054574281
Walking,0.372827679,0.089537829,-0.029013699,0.990960777,0.377963871,0.052475855,-0.085547939,0.993631065,0.379945546,0.051088735,-0.085716039,0.993184566,0.382314026,0.04979413,-0.085900165,0.99388355,0.37961179,0.051066175,-0.032613732,0.991612196,0.382609218,0.048484769,-0.032563817,0.989841938,0.386492342,0.045328531,-0.032787938,0.990916848,0.404507309,0.056320526,-0.246394992,0.996349394,0.414914787,0.046700988,-0.00299725,0.995421886,0.385440409,0.115462177,-0.073764697,0.995705605,0.385752022,0.115996964,-0.007438141,0.994234502,0.417892635,0.217088059,-0.345972717,0.998036146,0.487432897,0.19594036,0.139827758,0.996195078,0.397030205,0.522431612,-0.332793236,0.852251947,0.462646663,0.461546212,0.322164655,0.269925475,0.305012345,0.474053323,-0.168854803,0.82040143,0.376199305,0.561793923,0.435799032,0.321345717,0.282967359,0.475086689,-0.188094929,0.797754645,0.363503277,0.583587706,0.471510828,0.331042171,0.284377903,0.4459683,-0.150293171,0.800049722,0.35004881,0.56804359,0.426621526,0.336401641,0.293416709,0.446106255,-0.14649497,0.78578186,0.352871299,0.562527776,0.418772876,0.347804278,0.399676681,0.790406227,-0.141719282,0.954362273,0.463475138,0.773996592,0.142209575,0.935788989,0.410520613,1.105394602,0.001431295,0.461856902,0.429783046,1.126985788,0.278211802,0.273778528,0.404624999,1.457036138,0.162613034,0.092310861,0.427613199,1.445069194,0.451963842,0.074135259,0.421975046,1.50563097,0.176639229,0.201772273,0.439214766,1.515248299,0.476608217,0.142385945,0.347849995,1.460954785,0.12848714,0.06641914,0.373956382,1.452279329,0.414661735,0.050653722
Walking,0.338121355,0.069704592,-0.05856993,0.990915954,0.345363885,0.03288424,-0.11407876,0.993582189,0.347791851,0.031953454,-0.114238337,0.993136168,0.350775421,0.031073192,-0.114390649,0.993850768,0.346918613,0.030365882,-0.060359202,0.991545081,0.350292176,0.027479975,-0.060351651,0.989818096,0.35475418,0.023949552,-0.060542542,0.990885556,0.374992132,0.037719723,-0.261872619,0.996344149,0.383816898,0.0256714,-0.026157841,0.995416522,0.351132333,0.097981796,-0.100965723,0.995664179,0.351278067,0.096582755,-0.03307474,0.994249761,0.386692166,0.212783426,-0.354896516,0.998090923,0.434443295,0.185334265,0.132709324,0.996109545,0.354196727,0.51677227,-0.326058894,0.856499672,0.403674215,0.445919812,0.341053516,0.246344045,0.263944149,0.472403795,-0.070234954,0.814688027,0.324277043,0.474913418,0.507228136,0.294050962,0.238351509,0.476091474,-0.075110212,0.79100883,0.298156857,0.479909122,0.544974506,0.305473775,0.246970803,0.444833159,-0.051193088,0.792979002,0.290029585,0.470019221,0.500074446,0.310786843,0.256636679,0.444841474,-0.049665671,0.776872277,0.295889318,0.472846091,0.491122097,0.322112352,0.367450237,0.767184854,-0.139065772,0.954012811,0.425861776,0.743424654,0.139653891,0.934493721,0.384321272,1.062738657,0.063517563,0.455504119,0.40516153,1.073102951,0.305202872,0.259014636,0.387591481,1.386829257,0.286331832,0.096751414,0.408642769,1.371447086,0.504557014,0.071760252,0.400673538,1.447950363,0.308243245,0.213535979,0.4176507,1.43433857,0.526305139,0.147421435,0.345478833,1.401335597,0.28097862,0.070391752,0.363598585,1.386091828,0.511350453,0.050282046
Walking,0.305094689,0.061657745,-0.099479511,0.99145329,0.313093126,0.024691831,-0.152494058,0.993934453,0.316699892,0.023598669,-0.152646959,0.993506968,0.320953906,0.022455221,-0.152822003,0.994186759,0.311344087,0.022474678,-0.099834211,0.992019832,0.313680619,0.019744972,-0.099817246,0.990393519,0.317075312,0.016386557,-0.099993162,0.991407752,0.349369705,0.02717017,-0.282478988,0.996563315,0.351828277,0.015993336,-0.05180335,0.995692551,0.322689593,0.093263395,-0.134711727,0.995927274,0.31960839,0.092284434,-0.067737587,0.994618237,0.366668671,0.213669538,-0.353037983,0.99817276,0.397759736,0.181785777,0.110089645,0.996307492,0.339747757,0.515189886,-0.304439038,0.862229645,0.375878602,0.440513313,0.338895082,0.228129178,0.242335439,0.464720249,-0.058201186,0.816041768,0.284943283,0.444712818,0.521950603,0.274390459,0.216365054,0.462434649,-0.059279907,0.791378617,0.255909264,0.441525042,0.56106174,0.287937552,0.219283983,0.429801524,-0.036556672,0.79295671,0.247842699,0.422777146,0.523653388,0.29341343,0.229249209,0.431149751,-0.03782456,0.774778605,0.264006734,0.435539216,0.508890867,0.305072725,0.347128749,0.758381486,-0.126559645,0.953112185,0.387047678,0.739074886,0.126932994,0.934762955,0.367337286,1.035769701,0.092933647,0.442259222,0.38384673,1.056694746,0.297407806,0.246625125,0.379844844,1.331104755,0.346382707,0.096924633,0.388383746,1.34525156,0.499212652,0.069280908,0.393811047,1.390903115,0.371475905,0.216368377,0.395131111,1.402773023,0.520416617,0.153317243,0.342276037,1.349090219,0.349639177,0.071335785,0.34785971,1.367193937,0.505896688,0.049597599
Walking,0.284324765,0.054593462,-0.135236293,0.989774406,0.29651916,0.019355634,-0.17669028,0.9926458,0.300694168,0.018654816,-0.176936179,0.991895437,0.305384636,0.017873513,-0.17715475,0.99316746,0.293432325,0.017687736,-0.126919284,0.990681469,0.295313537,0.015761463,-0.126895577,0.988209128,0.297915041,0.013256547,-0.127102241,0.989620209,0.331622988,0.027195949,-0.268045008,0.995832145,0.327877402,0.018072801,-0.045128923,0.994419992,0.298983157,0.08660721,-0.153588191,0.995282054,0.294698864,0.086152852,-0.090542108,0.99346441,0.359021485,0.215824693,-0.346306026,0.998135746,0.358415067,0.184149951,0.142766625,0.995838821,0.348380208,0.513484001,-0.35386157,0.872225642,0.33964172,0.444372594,0.356763065,0.214615315,0.235814139,0.46363467,-0.264558017,0.830528259,0.258107722,0.438327491,0.478440374,0.280552238,0.204806492,0.460042864,-0.285987675,0.806337774,0.238707393,0.435456723,0.511602044,0.292195082,0.210063815,0.425501347,-0.250083596,0.807637334,0.22962907,0.418259174,0.472591221,0.297738194,0.219595879,0.425090998,-0.241817504,0.789326668,0.245596126,0.423272401,0.463902622,0.3112517,0.332996666,0.763020635,-0.127469063,0.945096314,0.347603261,0.744114995,0.127863571,0.925383151,0.353598952,1.049556971,0.03395094,0.427527726,0.331368983,1.062956214,0.25683105,0.232184902,0.347862899,1.350389719,0.308412373,0.090045102,0.335472256,1.356430769,0.439952314,0.063582376,0.359690905,1.403443933,0.328191936,0.201490045,0.345675439,1.415429235,0.455566108,0.142639741,0.306323856,1.376626492,0.264898539,0.066028282,0.288422614,1.38082695,0.387228161,0.045591392
Walking,0.269932806,0.055973854,-0.23136358,0.98981899,0.281020284,0.020705162,-0.25501588,0.992512405,0.286359727,0.019904161,-0.255257547,0.99175173,0.291581422,0.019020133,-0.255497664,0.993046165,0.272396952,0.019565213,-0.208955213,0.990632713,0.271706313,0.018032469,-0.208922505,0.988098383,0.271316707,0.016047677,-0.209104255,0.98937434,0.315584391,0.027938655,-0.267846346,0.995816708,0.298594326,0.02111545,-0.059529345,0.993998945,0.287691146,0.087445185,-0.224557444,0.995220184,0.276962787,0.086972639,-0.165081769,0.993051052,0.362233669,0.22672306,-0.338398546,0.998138785,0.328981787,0.201243997,0.151700616,0.995319903,0.361571133,0.516444802,-0.38024655,0.883351147,0.32445544,0.471345305,0.314920872,0.199102506,0.24174881,0.464248061,-0.360345691,0.843283176,0.251818329,0.476786643,0.244283557,0.262440026,0.209978193,0.462543458,-0.395080358,0.817772329,0.223788783,0.453669012,0.254743397,0.275272995,0.208711505,0.428299934,-0.350035787,0.818717062,0.223365352,0.428108126,0.206385568,0.280675918,0.220538467,0.427705765,-0.335692346,0.799882531,0.232507616,0.433801234,0.221117824,0.293646634,0.316453904,0.766954958,-0.130054086,0.937195957,0.314224839,0.745981872,0.130515054,0.907581329,0.298012048,1.067217112,-0.016195914,0.407192826,0.269437343,1.067953348,0.249895692,0.21485664,0.281062901,1.373786926,0.211493209,0.084723786,0.271954447,1.363790751,0.413844287,0.058389504,0.294854224,1.421320319,0.229132086,0.194074601,0.283942938,1.419457197,0.427424669,0.134843066,0.229458302,1.437379241,0.148927212,0.062531278,0.217834517,1.394136786,0.360191643,0.042388592
Walking,0.27622664,0.050756067,-0.319223523,0.990787923,0.289131463,0.017134361,-0.309483796,0.993204534,0.296638131,0.017066302,-0.309705883,0.992536128,0.303892881,0.017211569,-0.309821874,0.993697107,0.269910127,0.017507214,-0.290948182,0.991490245,0.264700711,0.017478997,-0.290947139,0.989207029,0.260047853,0.016870359,-0.291131914,0.990307093,0.320562452,0.029091485,-0.210619092,0.99621129,0.269955873,0.022749826,-0.110325076,0.994490087,0.293780208,0.084327683,-0.274389327,0.995677173,0.273239315,0.083457023,-0.249980286,0.993686438,0.383824408,0.235025495,-0.180382282,0.998299897,0.246054262,0.226615354,0.055132024,0.995593429,0.388513356,0.511163116,-0.311259747,0.894919574,0.218433529,0.470795214,0.102371097,0.259377658,0.278003722,0.465573847,-0.503938794,0.858699858,0.175276697,0.46582365,-0.125803873,0.325507641,0.248798206,0.464153498,-0.561916411,0.835417807,0.175182998,0.467464834,-0.158552289,0.335672617,0.249911189,0.429955125,-0.536353767,0.8362903,0.170059457,0.439369589,-0.199278057,0.341526568,0.259524852,0.428957194,-0.492153108,0.819206655,0.168960363,0.436086327,-0.149000317,0.353859752,0.329282165,0.752196729,-0.06501805,0.942399383,0.246410877,0.731916547,0.065475062,0.915104926,0.315698385,1.068163514,-0.006110045,0.408265054,0.226996571,1.070595503,0.126514658,0.221841484,0.293395489,1.375001073,0.21898587,0.078389816,0.22500214,1.368785024,0.284614891,0.05501261,0.29777357,1.425186992,0.236420244,0.178342357,0.229825765,1.42231679,0.296243966,0.126470864,0.265285999,1.478325009,0.096107975,0.057184018,0.208542734,1.457139969,0.135528862,0.039206762
Walking,0.279973447,0.044665787,-0.38363871,0.991688251,0.292632639,0.008629078,-0.364637375,0.993854582,0.300325662,0.008834621,-0.364897668,0.993263543,0.308695138,0.009286085,-0.364961416,0.994301736,0.273712158,0.009720212,-0.350807577,0.992303252,0.267136276,0.010408822,-0.35080713,0.990252793,0.260922998,0.010899061,-0.350943923,0.991217375,0.32771185,0.025768856,-0.216854006,0.996577084,0.262584686,0.022283813,-0.152534008,0.994998693,0.293434411,0.080547765,-0.327890903,0.996095061,0.273106724,0.078782156,-0.309536904,0.994288325,0.389942676,0.239585668,-0.159496039,0.998451829,0.221886128,0.22829248,-0.000379147,0.995916724,0.399147928,0.502497911,-0.245100975,0.905332744,0.19192332,0.470531851,-0.057371218,0.327948451,0.295736611,0.467745721,-0.484513849,0.872516334,0.184821874,0.45737645,-0.430522531,0.387903482,0.265613884,0.475442857,-0.552927732,0.851248682,0.17517069,0.464832813,-0.494637728,0.395576268,0.263438046,0.438058078,-0.549597442,0.852077246,0.175117388,0.424432129,-0.523814738,0.401270211,0.261522263,0.432556659,-0.483409494,0.836598396,0.183119863,0.420577198,-0.451625109,0.412770778,0.330359638,0.735338569,-0.031365044,0.947739124,0.226815701,0.71439141,0.032153264,0.922947764,0.298738688,1.00836134,0.000782381,0.427053899,0.223684505,1.010771394,0.108431973,0.251331598,0.283402294,1.362921715,0.263011277,0.073120847,0.206956103,1.348908782,0.340223312,0.052256797,0.28450051,1.402479291,0.28178072,0.16427651,0.206638098,1.392308354,0.358082503,0.119956203,0.259314179,1.471423864,0.123352133,0.052197989,0.196911216,1.453254342,0.187951714,0.036231831
Walking,0.285794616,0.039606966,-0.365357041,0.992514849,0.298590124,0.004317224,-0.341665447,0.994462729,0.307219386,0.005730887,-0.341902435,0.993932426,0.316009581,0.007212294,-0.341872871,0.994865298,0.278368413,0.001502016,-0.339562356,0.993066907,0.271902442,0.001137935,-0.339624375,0.991222203,0.265418112,0.001011463,-0.339776278,0.992087603,0.331346214,0.024356648,-0.183555409,0.996915221,0.261901528,0.015713226,-0.170203835,0.995493889,0.300064385,0.078285135,-0.306448847,0.996481776,0.276318848,0.072674021,-0.303124726,0.994855165,0.387747318,0.243342906,-0.107029639,0.998597622,0.202716067,0.225844428,-0.054146189,0.996303022,0.403494447,0.499098897,-0.176921695,0.914647996,0.163038731,0.47097075,-0.174057305,0.394555688,0.354933679,0.468003035,-0.452633679,0.885046542,0.191529721,0.457876414,-0.546498418,0.448605955,0.341100812,0.477402955,-0.521640122,0.865703046,0.193739265,0.464731485,-0.612991214,0.455002099,0.336975038,0.438572347,-0.525506616,0.866481543,0.194831416,0.427843302,-0.629046977,0.460190117,0.335996211,0.433154285,-0.457140625,0.852535963,0.198538676,0.422679812,-0.559683323,0.470595479,0.334115565,0.727601349,-0.0059125,0.952683568,0.227337882,0.719090164,0.006907671,0.930353522,0.312218875,0.986667871,0.012366808,0.423042595,0.230679229,0.992730618,0.125918716,0.256490827,0.303034753,1.365767241,0.260481894,0.066219307,0.213178948,1.353409767,0.361391485,0.047566373,0.302678436,1.405580759,0.278515279,0.14856334,0.209984928,1.396589279,0.380032718,0.109299913,0.282181323,1.471192598,0.110207774,0.047098957,0.216606826,1.452699065,0.21519348,0.032812111
Walking,0.298491687,0.040392153,-0.382124841,0.993257463,0.311162889,0.006299637,-0.357623398,0.995009303,0.318966687,0.007762855,-0.35769242,0.994530916,0.325782418,0.009161892,-0.35760197,0.995369852,0.289273322,0.001947274,-0.363426328,0.993755102,0.281721652,0.000527606,-0.363446236,0.992094219,0.274307072,-0.000527574,-0.363562763,0.992873311,0.337094843,0.024981059,-0.182341248,0.997214258,0.265800893,0.013304042,-0.205893591,0.995940685,0.311461329,0.078558043,-0.315724611,0.996829808,0.284473032,0.072687767,-0.322844684,0.995367348,0.38274461,0.245387688,-0.080059394,0.998723149,0.193095118,0.224173814,-0.079029128,0.996665001,0.40109992,0.499385238,-0.129006758,0.922677457,0.156286314,0.482883185,-0.180202946,0.454700679,0.354511201,0.467402101,-0.416894346,0.895677805,0.200846508,0.460463405,-0.528007627,0.503061414,0.341949344,0.471993327,-0.479899794,0.877227306,0.211044386,0.468996167,-0.584858,0.507902861,0.3456873,0.437186062,-0.47454983,0.877865314,0.212737471,0.435530394,-0.598002315,0.512605369,0.34411937,0.432426333,-0.418364823,0.865459025,0.213463262,0.431128174,-0.537436604,0.522016644,0.335493207,0.726656616,0.006730081,0.957017064,0.226175383,0.722348869,-0.005458089,0.936941385,0.331474423,1.057307124,0.014545599,0.396374971,0.232833356,1.004222274,0.135665312,0.244035944,0.324483871,1.398752809,0.259438187,0.059794925,0.23054342,1.387096524,0.368575037,0.043035142,0.324870616,1.443351626,0.276635319,0.134019598,0.226151913,1.427014709,0.393667281,0.098781943,0.305374563,1.512363195,0.077045113,0.042519785,0.242355675,1.506262183,0.209144145,0.029678617
Walking,0.306862742,0.036893003,-0.42244029,0.993927538,0.318332076,0.005541208,-0.393579423,0.995503366,0.325203925,0.008066925,-0.393645167,0.995072603,0.331285298,0.010126255,-0.393537343,0.995826125,0.300661504,-0.002627374,-0.407055199,0.994375825,0.294040591,-0.005330017,-0.407108635,0.99288094,0.28671819,-0.00729758,-0.407316267,0.993581951,0.345671654,0.025304116,-0.187165082,0.997485876,0.27261582,0.006637694,-0.247636005,0.996344864,0.320611358,0.077970833,-0.343728453,0.997144043,0.297754049,0.070890091,-0.361054152,0.995829344,0.381585777,0.249760613,-0.046255283,0.998834491,0.198615551,0.223043144,-0.122411743,0.996993899,0.396875679,0.497792095,-0.084065564,0.929665089,0.152076036,0.482089281,-0.23752293,0.5091483,0.391051084,0.475753158,-0.453190148,0.905301988,0.216665834,0.466416001,-0.602490962,0.552601278,0.393374652,0.48684603,-0.53322053,0.888074636,0.229647011,0.473485351,-0.666471839,0.556665719,0.395240933,0.458130985,-0.548682451,0.888644576,0.229705304,0.438459933,-0.687392771,0.560923994,0.389349788,0.449947268,-0.468085229,0.87760359,0.232057244,0.435609519,-0.613954186,0.569420218,0.340112269,0.731153607,0.02067286,0.960993767,0.228848338,0.724186897,-0.01924558,0.942971826,0.338259518,1.035422802,0.01531505,0.382051319,0.227917954,1.013514519,0.143729612,0.23476778,0.336192906,1.435304284,0.258690417,0.054128487,0.239310741,1.422102094,0.437698185,0.038901504,0.337306291,1.48544836,0.276158184,0.121179603,0.234503001,1.462652087,0.462293714,0.089250311,0.306534231,1.540457606,0.048898093,0.038438007,0.257440269,1.538997531,0.235881731,0.026848922
Walking,0.325563401,0.039310236,-0.370173842,0.994525552,0.336022556,0.008210438,-0.305603325,0.99594301,0.343162268,0.011926977,-0.305588901,0.995553136,0.349101782,0.015049733,-0.305321038,0.996228755,0.31169802,-0.001021742,-0.330580741,0.994932055,0.29986307,-0.00272624,-0.330560595,0.993586183,0.290466666,-0.004092595,-0.330748558,0.994217932,0.347186983,0.029891051,-0.094384186,0.99771744,0.285802305,0.008641732,-0.189824224,0.996708393,0.331945121,0.081754357,-0.249477535,0.997419894,0.301849246,0.074895993,-0.287468821,0.996244371,0.383413225,0.251800269,0.04294277,0.998853862,0.209941223,0.22276026,-0.100881949,0.997281611,0.387442529,0.490908772,0.095122285,0.914552867,0.162749171,0.478710651,-0.226952001,0.557927847,0.407447636,0.491888046,-0.118957616,0.907926202,0.231313795,0.473529011,-0.476095438,0.595924497,0.41569671,0.505812645,-0.168909356,0.890789509,0.264280647,0.479445338,-0.520020843,0.598113477,0.422641277,0.478938371,-0.194462568,0.891084909,0.276584417,0.438713342,-0.531302869,0.601982415,0.413182408,0.470487177,-0.135820121,0.881712437,0.268309891,0.436952561,-0.480986059,0.609410405,0.342691272,0.738259912,0.03792087,0.964352131,0.234281182,0.740033448,-0.036763929,0.948293924,0.346271098,1.024889112,0.019045776,0.405540347,0.23061657,1.019513488,0.102150679,0.277551353,0.341684908,1.428477645,0.228751495,0.054512631,0.248921201,1.422402501,0.358863652,0.042275339,0.338790715,1.48148191,0.237816766,0.114011124,0.243248671,1.460133195,0.379443437,0.084686741,0.336771458,1.524287701,0.044649117,0.038624644,0.268592834,1.542158365,0.166722566,0.027460407
Walking,0.351043761,0.03981851,-0.324352175,0.995067835,0.359130681,0.008761873,-0.290258646,0.996342719,0.365680277,0.013137978,-0.290114671,0.995990455,0.37133497,0.016809067,-0.289763987,0.996596396,0.3345716,0.00010306,-0.30249086,0.995435655,0.323013097,-0.001664225,-0.302504778,0.994224131,0.312020123,-0.003165916,-0.302692354,0.994793057,0.363605946,0.032047305,-0.092949018,0.997932851,0.29243201,0.010454271,-0.197674721,0.997036695,0.355599672,0.083934337,-0.236392707,0.997670233,0.326433957,0.078539573,-0.265063345,0.996618748,0.38410154,0.252227068,0.05255146,0.998817086,0.230304524,0.223473698,-0.161490649,0.997543097,0.374252528,0.486254811,0.121288255,0.88382107,0.173916847,0.474801332,-0.30485779,0.60192132,0.422195613,0.497957617,-0.038051091,0.908324659,0.281680495,0.48224777,-0.448531151,0.634695113,0.445738703,0.51072073,-0.075352393,0.892256856,0.320864826,0.48974663,-0.477264017,0.634703577,0.454493999,0.484975219,-0.093788154,0.892133236,0.332143575,0.447038025,-0.477448314,0.638066411,0.439237744,0.47818467,-0.051276781,0.8843261,0.324041247,0.443261623,-0.445017904,0.644471765,0.346966684,0.762802958,0.065115765,0.96742034,0.245834544,0.765957713,-0.064048424,0.9531582,0.350346625,1.084661484,0.05752933,0.437319666,0.241544917,1.021687627,0.113330051,0.334127277,0.342795044,1.42387104,0.233371899,0.060968671,0.252758324,1.437410474,0.370128721,0.052317992,0.334542245,1.476014376,0.242740631,0.11167752,0.240371779,1.475277066,0.390515208,0.084421918,0.359966874,1.516649365,0.077901006,0.043334268,0.27808243,1.556265116,0.197046489,0.030672804
Walking,0.379003942,0.04688504,-0.309667468,0.995550632,0.385701895,0.014406932,-0.288160294,0.996692061,0.390422195,0.018148137,-0.287844062,0.996370912,0.39422816,0.021246884,-0.287495285,0.996908963,0.365451813,0.005105112,-0.299776256,0.995885074,0.355899155,0.002978455,-0.299804509,0.994795322,0.346277773,0.001535298,-0.300035298,0.995308638,0.385348767,0.035282902,-0.095469341,0.998103797,0.322640002,0.017063614,-0.211973906,0.99733156,0.380414993,0.088956483,-0.234344333,0.997879446,0.356871158,0.084339879,-0.265080899,0.996953845,0.385215551,0.25772208,0.104969099,0.998079836,0.2479188,0.225161314,-0.237578228,0.997778237,0.362781703,0.497490853,0.285890341,0.823147297,0.203702062,0.475614429,-0.326766878,0.641504467,0.429985851,0.529090524,0.281879455,0.858216405,0.360585153,0.49050644,-0.343525887,0.669350445,0.437279791,0.552356482,0.27460894,0.844073176,0.401225179,0.497072488,-0.365589321,0.666920185,0.451642603,0.525918543,0.254091561,0.842717648,0.411210537,0.460644186,-0.36556229,0.669726372,0.450198352,0.509329438,0.270501226,0.838234901,0.397252798,0.456924945,-0.337139428,0.674981356,0.350282699,0.786586821,0.100915588,0.96912086,0.261351854,0.786678135,-0.099994019,0.957167089,0.355989486,1.115845323,0.141348124,0.476186514,0.251211584,1.057853818,0.110440172,0.393307924,0.344284952,1.419731855,0.322927117,0.080323465,0.251449734,1.463587046,0.373533785,0.080236264,0.331367522,1.470012546,0.33092016,0.122215837,0.231529593,1.505517602,0.394932866,0.098131277,0.376909256,1.517955303,0.175188184,0.058266699,0.29776594,1.580204129,0.20927009,0.045503952
Walking,0.407404363,0.063382953,-0.244593501,0.995986342,0.411689192,0.029178185,-0.222980544,0.99700731,0.415474236,0.031537361,-0.223006248,0.996717036,0.418591917,0.033279911,-0.223106146,0.997195959,0.394732326,0.020120136,-0.249251083,0.996286154,0.385902017,0.017075468,-0.249134988,0.995306432,0.376404315,0.014903487,-0.249306396,0.99576956,0.405602515,0.044746224,-0.065935783,0.998274505,0.350253135,0.029432604,-0.192925274,0.997595668,0.405960798,0.102117583,-0.178077668,0.998074353,0.386114538,0.096746564,-0.214491084,0.997255623,0.386335313,0.261016369,0.123137377,0.997903943,0.289799064,0.23185499,-0.204302102,0.997992814,0.36071825,0.499558687,0.268294156,0.757534325,0.241160065,0.47551778,-0.318953454,0.677038133,0.455171287,0.541423857,0.232223079,0.811158121,0.403331608,0.495504647,-0.403172642,0.701392651,0.476002514,0.565498233,0.215727761,0.801270723,0.442969263,0.506732583,-0.438632101,0.697895467,0.490595043,0.541406095,0.187258333,0.801161826,0.45063895,0.472812861,-0.41926989,0.70042944,0.474916846,0.534873664,0.21641691,0.797242403,0.437040657,0.468162835,-0.390827,0.704767227,0.356397659,0.786668301,0.102911696,0.9639768,0.290097326,0.801234365,-0.102027476,0.958197117,0.418987662,1.110539794,0.206198901,0.49915117,0.31134516,1.137444615,0.043003328,0.446553797,0.374798536,1.377396464,0.390361369,0.092900448,0.277418464,1.454185367,0.189591929,0.114879832,0.345361859,1.425230026,0.400641918,0.132381469,0.247901112,1.500840306,0.203288391,0.130568072,0.426214695,1.490139246,0.30781278,0.06747143,0.359421492,1.559636116,0.061265163,0.064575784
Walking,0.431007713,0.073366627,-0.27101782,0.996370196,0.436966658,0.039362539,-0.236431435,0.997269452,0.440942466,0.040862419,-0.236354679,0.99699837,0.444174707,0.041810021,-0.236579701,0.997410357,0.420719951,0.030941525,-0.277369857,0.996636808,0.413310379,0.027197165,-0.277280807,0.995757997,0.404645145,0.023750197,-0.277379721,0.99617821,0.430667788,0.050379489,-0.097498447,0.998372614,0.380484879,0.033850636,-0.210597277,0.997831047,0.429475963,0.108179823,-0.182106972,0.998215139,0.411841959,0.102290355,-0.241172075,0.997523189,0.394507587,0.260299265,0.107223406,0.997213602,0.322963715,0.231026083,-0.255012453,0.998188734,0.368049562,0.50011915,0.272691637,0.691012502,0.288623244,0.47419095,-0.331869006,0.709141076,0.459075749,0.548906267,0.228623316,0.748522878,0.442071736,0.496679187,-0.389930248,0.73045361,0.472552836,0.57970655,0.208713129,0.744384527,0.475991577,0.508841515,-0.430932939,0.726348758,0.488007218,0.545525134,0.175057441,0.745356381,0.482316077,0.475618035,-0.41534847,0.728677809,0.476591051,0.538015306,0.20921433,0.742280483,0.472317785,0.471271992,-0.379260272,0.732177198,0.375472367,0.780594647,0.11768017,0.959556878,0.327955455,0.792884827,-0.116983451,0.959839642,0.444464684,1.012870073,0.272036105,0.501767397,0.357159168,1.112885594,0.039262213,0.492337972,0.397198617,1.278832197,0.488158554,0.09928634,0.340888262,1.386161208,0.193148419,0.142247334,0.366521686,1.326784372,0.50400281,0.144708723,0.306975424,1.430652857,0.2091043,0.163665175,0.460356236,1.382126927,0.451039642,0.072568327,0.435431898,1.493868709,0.090965636,0.082020879
Walking,0.453719467,0.073344059,-0.27746439,0.996716022,0.45873028,0.039418086,-0.240447238,0.997503281,0.463187993,0.040927079,-0.240463063,0.997254252,0.466849089,0.041926671,-0.240564585,0.997604907,0.441448867,0.031077679,-0.281556696,0.996947944,0.433784068,0.027355421,-0.281458199,0.996160567,0.425060838,0.023860924,-0.281515628,0.996540725,0.45442161,0.050468042,-0.10094583,0.998466909,0.40262717,0.033654749,-0.209955305,0.998039186,0.454242706,0.108491272,-0.19260098,0.998315692,0.435710728,0.102219038,-0.246900037,0.997757435,0.40555954,0.251927853,0.107268229,0.99553448,0.363248169,0.228212625,-0.260213047,0.998356521,0.371494889,0.500929236,0.240440443,0.625686467,0.326975942,0.471735895,-0.332466811,0.737698793,0.452022702,0.620666623,0.182754487,0.679236591,0.473879665,0.491361618,-0.395585388,0.754612565,0.468664825,0.671745002,0.161983699,0.678145587,0.502257407,0.508443832,-0.437053204,0.748704135,0.481162935,0.658946931,0.127908126,0.679389,0.509069443,0.475417107,-0.421022415,0.750937223,0.467502922,0.642379999,0.162034184,0.677589953,0.501106262,0.47075662,-0.385793626,0.753336251,0.398417771,0.766705751,0.120813273,0.950931966,0.370390981,0.788828433,-0.120109417,0.959872365,0.494929314,0.962836981,0.230823323,0.496352404,0.40364027,1.107233167,0.00770732,0.530460417,0.438789904,1.244006991,0.416799307,0.10066323,0.387328297,1.372401476,0.114473857,0.163296267,0.408767462,1.292901516,0.429170847,0.148344278,0.352162719,1.421490192,0.124737486,0.188792259,0.50412941,1.346841812,0.377669424,0.073940709,0.488257408,1.475689173,0.013404191,0.094892554
Walking,0.492622197,0.077197082,-0.223405167,0.9969908,0.492990553,0.043004476,-0.19913426,0.997632861,0.495349258,0.043810748,-0.199177414,0.997409821,0.497419268,0.044239845,-0.199284181,0.997674704,0.480417579,0.03664932,-0.232008383,0.997165859,0.474022239,0.033468783,-0.232006267,0.996482193,0.466691971,0.03038574,-0.231988817,0.996827722,0.480141401,0.05084433,-0.063423231,0.998431981,0.443493217,0.038678531,-0.199969113,0.998212755,0.488570392,0.110113963,-0.162328169,0.998305917,0.474526107,0.104506649,-0.204505116,0.997939825,0.437217563,0.244136468,0.126137361,0.994893849,0.407039016,0.227899596,-0.248882324,0.99851203,0.395086974,0.500126839,0.25252825,0.568955183,0.376335293,0.469583303,-0.294526637,0.76365608,0.45751366,0.644066274,0.21505937,0.613881707,0.511385322,0.488431722,-0.327402502,0.776768923,0.468135446,0.696961403,0.200833529,0.613690138,0.534644783,0.506799102,-0.359599978,0.769350827,0.47964564,0.69484508,0.169809133,0.61485368,0.541172802,0.470617294,-0.332761198,0.771367371,0.469427675,0.677284479,0.196538821,0.61397016,0.533515632,0.466804832,-0.309260309,0.772841394,0.420627594,0.753667116,0.120216466,0.951835692,0.414928734,0.77891463,-0.1197199,0.962493539,0.458092839,0.979656816,0.239977866,0.45685181,0.446151823,1.098442197,-0.002713236,0.550900757,0.441976935,1.281346202,0.404819429,0.097277805,0.442522049,1.346418977,0.114666082,0.174430445,0.423703849,1.332069278,0.415134281,0.149256706,0.416732073,1.39290452,0.127506629,0.217787355,0.506949961,1.354887128,0.364125758,0.073004693,0.524769843,1.428655863,0.035929162,0.104787216
Walking,0.530615687,0.080486931,-0.226052955,0.997154593,0.530738711,0.04629159,-0.214935228,0.997594774,0.533766747,0.046724796,-0.214983553,0.997361124,0.536503315,0.046816759,-0.214966804,0.9975155,0.516533673,0.041828174,-0.254087329,0.997273862,0.509681702,0.039653625,-0.254073918,0.996675432,0.502143919,0.037708685,-0.253978193,0.997004688,0.520516872,0.053688962,-0.084958315,0.998194158,0.479017347,0.049513035,-0.21890302,0.998311281,0.529817224,0.11306797,-0.182473212,0.997842669,0.513084412,0.108507223,-0.219012588,0.997959554,0.477568328,0.242167726,0.110455416,0.99362725,0.458339036,0.233333275,-0.266236961,0.998603165,0.456437886,0.50018996,0.213162377,0.514529228,0.450816482,0.496197343,-0.28109476,0.785639524,0.53303802,0.629662097,0.122627214,0.555025697,0.586155295,0.488425195,-0.248544767,0.788523555,0.545646012,0.666200042,0.099219546,0.556617379,0.607037663,0.492759496,-0.27203393,0.778169096,0.558858037,0.639420152,0.073458835,0.55781275,0.606067061,0.457675099,-0.262108713,0.780236542,0.546219289,0.652242124,0.105875745,0.557567418,0.598270178,0.459796995,-0.239278406,0.780208886,0.465560973,0.768232584,0.121691957,0.937260926,0.479183108,0.801897705,-0.121131159,0.959131777,0.515075743,0.983907223,0.270049006,0.426075548,0.523514867,1.114399076,0.006257128,0.571466327,0.489909649,1.289677978,0.450660408,0.093794085,0.494546801,1.35678792,0.13330543,0.186768889,0.469062239,1.340221286,0.463556468,0.148993552,0.462454647,1.404139996,0.147785366,0.244995803,0.549950302,1.356960177,0.436917543,0.071663946,0.572674334,1.448852897,0.074076839,0.112678453
Walking,0.559028506,0.088631198,-0.242012903,0.997362733,0.557040215,0.053575177,-0.227201983,0.997716725,0.559739232,0.053346284,-0.22726202,0.997485697,0.56205076,0.052699186,-0.227308303,0.997591794,0.543114781,0.051470883,-0.255874395,0.997467101,0.535383344,0.050587464,-0.255866349,0.996934474,0.526366472,0.050051007,-0.255860209,0.99723947,0.54402405,0.062051062,-0.087537862,0.998196661,0.503002644,0.066252768,-0.218798876,0.998446763,0.558017313,0.120209038,-0.189830199,0.997864425,0.542672813,0.11930503,-0.220409468,0.998103797,0.518807292,0.24220252,0.104667425,0.993149936,0.49482885,0.246107206,-0.271490157,0.998702765,0.503483474,0.49940601,0.249952793,0.469045967,0.480302721,0.510159254,-0.287070751,0.805394828,0.586592972,0.574237883,0.203306913,0.505304754,0.61119473,0.492299736,-0.239620328,0.801082253,0.603358984,0.656566858,0.186335772,0.509617686,0.63510263,0.492801249,-0.262457371,0.788483262,0.61117506,0.632166684,0.155630678,0.510984242,0.633877277,0.458071381,-0.258029729,0.79035908,0.599110961,0.57232219,0.185526773,0.511816204,0.625119507,0.459957033,-0.232702419,0.789106727,0.538127542,0.76813221,0.12451756,0.932047546,0.520066381,0.801398575,-0.124044932,0.958837986,0.559128046,0.989288688,0.284475386,0.402213931,0.541513979,1.108222365,0.017764105,0.591216743,0.548144698,1.29926312,0.482899755,0.093051396,0.531323314,1.364732981,0.161014691,0.207705587,0.529631436,1.350120306,0.497410536,0.153634623,0.502814233,1.409110069,0.177608609,0.277767748,0.608585954,1.369478226,0.456402153,0.072688758,0.608772099,1.453231931,0.09063898,0.124546632
Walking,0.582023799,0.089305699,-0.238799661,0.997498333,0.577230275,0.054942768,-0.219038874,0.997741997,0.578429699,0.054700993,-0.219100118,0.99754101,0.579247832,0.054099921,-0.219220355,0.997606993,0.566415727,0.054337882,-0.249727249,0.997540355,0.559464037,0.05461289,-0.249709159,0.997076571,0.551312923,0.055246267,-0.249687985,0.997356892,0.560589969,0.065381661,-0.085728094,0.998151958,0.527722001,0.073588222,-0.217466682,0.998496294,0.580501974,0.1210602,-0.183946893,0.997707605,0.567831755,0.12170995,-0.219451785,0.998118043,0.516533494,0.244103163,0.090395287,0.992699981,0.529510677,0.254145265,-0.27579391,0.998770416,0.499849975,0.505443096,0.203987643,0.427494764,0.514434516,0.513388574,-0.298043817,0.824006677,0.562986076,0.623588145,0.169868559,0.457759887,0.63999784,0.486421794,-0.242480919,0.813628316,0.576166987,0.667344987,0.156720415,0.463011384,0.661288261,0.483264238,-0.264752686,0.798121452,0.586853147,0.655264258,0.131533504,0.464247972,0.65563035,0.451728135,-0.256745279,0.799700499,0.57913363,0.638589978,0.15477775,0.465579063,0.646878481,0.453347623,-0.235563755,0.797282755,0.537860513,0.768712342,0.120826446,0.929652095,0.554492354,0.806428552,-0.120391823,0.959002078,0.564830661,0.99014461,0.275746703,0.374024779,0.584935784,1.105008721,0.026438052,0.602575302,0.561085284,1.290416956,0.474783987,0.089833923,0.57879293,1.366956711,0.169070676,0.214816287,0.545837164,1.344840884,0.489495933,0.15114589,0.553344488,1.41536665,0.185193166,0.299743623,0.617265582,1.325738549,0.458035558,0.071184069,0.657627106,1.412995338,0.095417663,0.129585892
Walking,0.604043543,0.090615973,-0.195789054,0.99751842,0.598921716,0.05617816,-0.180699795,0.997727573,0.59967351,0.055711359,-0.180763513,0.997537971,0.600038052,0.05497241,-0.180890203,0.997596145,0.589205325,0.056406371,-0.219964191,0.99755919,0.582743406,0.056743808,-0.219961643,0.997126997,0.575416446,0.057177272,-0.219973415,0.997404456,0.580764413,0.066043407,-0.068635151,0.998105645,0.551452577,0.073767945,-0.233373284,0.998540342,0.60097748,0.121505491,-0.146925777,0.99762857,0.589736402,0.123018265,-0.196212307,0.998156309,0.543506384,0.243459255,0.097056851,0.992910028,0.544604659,0.25814265,-0.301520884,0.998830676,0.536938906,0.496617943,0.233966351,0.393129438,0.546162128,0.512160957,-0.29640311,0.839052498,0.621129274,0.596801162,0.217194825,0.421423733,0.661005914,0.486950934,-0.164117128,0.818020582,0.640260994,0.620146632,0.202240989,0.42976141,0.683766782,0.48372823,-0.177977338,0.801351368,0.649007082,0.607488096,0.169860333,0.431141794,0.679065347,0.451814532,-0.181772441,0.802989066,0.638528168,0.610676169,0.198672757,0.433964252,0.668898821,0.453724086,-0.160136431,0.79987967,0.574299157,0.767746389,0.127934396,0.929228008,0.580233276,0.803587615,-0.127420038,0.958948553,0.600528359,1.003682733,0.325923622,0.357093096,0.590033293,1.102449298,0.03033511,0.615607202,0.59100312,1.292815804,0.552390695,0.089259461,0.581269443,1.370262623,0.179144606,0.222338676,0.57426846,1.347010851,0.569682896,0.152307466,0.55718714,1.418916225,0.188104361,0.312820345,0.648703814,1.342139959,0.534128845,0.073171534,0.65493691,1.427492738,0.133000419,0.134852484
Walking,0.610452771,0.088311955,-0.194787011,0.9976632,0.607926488,0.055256195,-0.179301649,0.997828782,0.609349132,0.054536041,-0.179351956,0.997645259,0.610515714,0.053650107,-0.179470301,0.997689664,0.597344995,0.055517532,-0.213954806,0.997690201,0.591604173,0.055277608,-0.213905051,0.997292459,0.585082829,0.055218592,-0.213904187,0.997554898,0.594674945,0.064616859,-0.061680008,0.998133183,0.563490748,0.071754701,-0.227862149,0.998634696,0.608266234,0.116711639,-0.142394468,0.997696936,0.597187221,0.119076535,-0.186223179,0.998266697,0.552437186,0.228118658,0.11517714,0.993236542,0.556465626,0.24626033,-0.276176274,0.998921692,0.554255724,0.487090737,0.224448845,0.362268358,0.558654189,0.490622967,-0.284203172,0.853778005,0.639948249,0.593135774,0.166475385,0.388545722,0.675860882,0.484915465,-0.187714875,0.828867733,0.66102773,0.615466833,0.146296099,0.399524838,0.698251128,0.484181881,-0.21004948,0.811441779,0.669374824,0.605030775,0.122582994,0.401135862,0.697938681,0.451241016,-0.209569886,0.813015044,0.657762885,0.59986943,0.149953529,0.404981166,0.6879251,0.452494681,-0.182430536,0.809086978,0.591297746,0.736499369,0.126084283,0.930550754,0.59744823,0.76102984,-0.125572011,0.959721923,0.626851022,1.001931787,0.278566182,0.344539493,0.61241132,1.075036168,-0.009778158,0.631976247,0.632001758,1.293961883,0.487897158,0.089174457,0.605694592,1.36411345,0.106663786,0.228743494,0.616695583,1.350141287,0.494775206,0.153722063,0.581807435,1.417811632,0.119378246,0.323554784,0.696009994,1.340750217,0.500477731,0.073299259,0.68234247,1.417753458,0.035335984,0.138244838
Walking,0.630045176,0.079293706,-0.214567333,0.997871399,0.63016963,0.044356681,-0.190896511,0.998002172,0.632941484,0.042975035,-0.190909356,0.997826636,0.635151744,0.041604541,-0.191007465,0.997855604,0.615841627,0.047162667,-0.227143288,0.99789083,0.608761668,0.04797465,-0.227176785,0.997534454,0.601312697,0.048834659,-0.227159381,0.997775972,0.623073816,0.05138161,-0.071163863,0.99823314,0.581565619,0.063780025,-0.226439789,0.998761177,0.631123185,0.107413918,-0.149133965,0.997862577,0.615462124,0.111899309,-0.196555972,0.998421788,0.582716167,0.216088295,0.117160618,0.99338609,0.572447658,0.231178597,-0.27002579,0.999017537,0.590264201,0.477143615,0.219995648,0.335577399,0.575674951,0.469045848,-0.283897191,0.867832065,0.656659842,0.587157547,0.150068074,0.359263718,0.692109466,0.467561901,-0.21343407,0.841459394,0.673189402,0.611721575,0.129987493,0.37202251,0.71516037,0.475444525,-0.234461337,0.822925091,0.680647254,0.596460044,0.118544355,0.373910487,0.719521224,0.443144917,-0.234639212,0.824513435,0.669751585,0.588110387,0.134919852,0.378522903,0.708303094,0.443409055,-0.208493069,0.820332289,0.62618953,0.727496922,0.123410024,0.930500984,0.607806325,0.751732707,-0.122883007,0.960465491,0.65137732,1.005605102,0.261577159,0.356596828,0.626398563,1.078870535,-0.038294233,0.657100022,0.649948478,1.303799272,0.425425589,0.101528361,0.618319869,1.389002442,0.050578903,0.250925958,0.634836614,1.365708351,0.430507988,0.169808373,0.593063354,1.447260737,0.058343261,0.342064917,0.714673758,1.352391601,0.382502079,0.082361713,0.699841619,1.458865523,-0.063734151,0.153098509
Walking,0.641052008,0.074467726,-0.234167531,0.998062193,0.641774535,0.038288698,-0.207344323,0.998153687,0.645601213,0.036844339,-0.207404301,0.997988284,0.648977518,0.035423417,-0.207483456,0.997995257,0.625368714,0.041895188,-0.234900638,0.998069525,0.617199183,0.043377563,-0.235009462,0.99775517,0.609213829,0.044916514,-0.235060453,0.99797672,0.639387786,0.044434067,-0.074579105,0.998312056,0.591739595,0.058988634,-0.193379432,0.998875737,0.643426597,0.103702918,-0.163047582,0.998003304,0.62689817,0.10838782,-0.199708372,0.998562336,0.612378299,0.216856658,0.124206029,0.993123353,0.578623354,0.226689145,-0.268088013,0.999105692,0.616039157,0.478800535,0.214437991,0.317318112,0.573411524,0.471067399,-0.280931056,0.880731404,0.668064058,0.596789181,0.145256609,0.334198385,0.699020505,0.458270937,-0.223428875,0.855166733,0.680572033,0.637163877,0.121997692,0.346768796,0.723927081,0.463982105,-0.246069789,0.836350501,0.68607676,0.624030888,0.112094484,0.348717213,0.72651732,0.432307661,-0.245993897,0.837826908,0.674637794,0.610419631,0.131119877,0.354161263,0.715924919,0.432172179,-0.218055278,0.833492041,0.640764117,0.731272638,0.119369671,0.930321932,0.604918361,0.750051022,-0.118823826,0.961985409,0.686678052,1.034508467,0.222765177,0.38034451,0.630374789,1.103180647,-0.049081285,0.684083939,0.680390954,1.330330253,0.362798989,0.12037506,0.625341058,1.422283411,0.023755776,0.282643437,0.664120615,1.388406396,0.368221372,0.188251093,0.598120809,1.478513241,0.028420229,0.359945953,0.745110035,1.407460928,0.288651943,0.097939909,0.715273261,1.513100386,-0.116968177,0.178037882
Walking,0.655223429,0.07239306,-0.215693235,0.998206615,0.657331347,0.036851685,-0.190685242,0.998255908,0.661789,0.035508346,-0.190792784,0.998097718,0.665808082,0.034210965,-0.190854162,0.99808681,0.640283108,0.040441923,-0.211621478,0.998200834,0.632426858,0.042055644,-0.21167469,0.997931063,0.625096917,0.043872032,-0.211817294,0.998139501,0.661648333,0.043566223,-0.041199546,0.998345077,0.610869169,0.058119286,-0.132629052,0.998972714,0.65967828,0.101184748,-0.15309234,0.998110116,0.642092705,0.106373817,-0.180076778,0.998682976,0.67969352,0.220270753,0.141857475,0.993359268,0.582113802,0.230472922,-0.211047724,0.999184847,0.664643645,0.47681126,0.233386636,0.317660958,0.570545137,0.472074538,-0.280347347,0.892422259,0.706758797,0.501764596,0.170025498,0.336318851,0.697408199,0.458759516,-0.227360442,0.86833626,0.730035722,0.506379366,0.147317976,0.347091347,0.728927553,0.466248035,-0.252573997,0.849516809,0.741280317,0.471986294,0.131174281,0.349435806,0.734762311,0.434368551,-0.249599546,0.850756824,0.726146817,0.476490796,0.157268673,0.354731947,0.723320782,0.43392995,-0.222653508,0.846364975,0.66762799,0.732405186,0.117104508,0.931819618,0.619915843,0.748566926,-0.116549589,0.963561654,0.701794505,0.99400264,0.19728522,0.390262157,0.640010238,1.102502108,-0.049866173,0.70420903,0.687533915,1.339669347,0.351975143,0.130703419,0.632483542,1.419412613,0.033956654,0.30031991,0.67019093,1.392627001,0.35912782,0.19977887,0.606469274,1.472298741,0.040276982,0.369201839,0.742985845,1.435848355,0.267001063,0.104733281,0.710328758,1.517529845,-0.11316599,0.191459626
Walking,0.664436102,0.057557184,-0.234766334,0.998342931,0.6678859,0.02067812,-0.195686489,0.998363972,0.673817158,0.019173205,-0.195815176,0.998207271,0.679463089,0.017954879,-0.195802212,0.998181164,0.648552775,0.024789162,-0.216969326,0.998333633,0.6408149,0.026792876,-0.216988415,0.998097777,0.632723212,0.029411148,-0.217036217,0.998293042,0.676565886,0.029337354,-0.044252962,0.998367965,0.617197156,0.048166536,-0.134031609,0.999064028,0.671759427,0.091363326,-0.161359847,0.998206437,0.65095979,0.096139155,-0.184089527,0.998793602,0.673116684,0.220529467,0.1475676,0.993698716,0.586346626,0.224729389,-0.205348998,0.999258935,0.67052424,0.473073244,0.237936407,0.32232514,0.562561154,0.458851933,-0.29173702,0.903045118,0.734243035,0.462800205,0.158332437,0.364198565,0.686614573,0.461496472,-0.297529548,0.880832613,0.760819554,0.452077031,0.1352074,0.372543484,0.720950723,0.466859728,-0.328256518,0.862746835,0.773014426,0.424712509,0.112898409,0.375261426,0.728412151,0.43524161,-0.315517753,0.863808215,0.764673591,0.430519909,0.143321157,0.378346533,0.716023684,0.434689403,-0.287040889,0.859400511,0.676830769,0.722705007,0.117847361,0.934371114,0.621303916,0.739390075,-0.117293596,0.965248168,0.695340753,0.979794383,0.194048479,0.387923241,0.646410763,1.087053776,-0.046618514,0.718508959,0.703294098,1.331564784,0.362110555,0.13262485,0.634598374,1.391445875,0.076091513,0.299582958,0.687058866,1.383327007,0.370553672,0.201142535,0.608995318,1.436542273,0.086234637,0.361462653,0.762441516,1.433090091,0.274012029,0.105553277,0.711700857,1.503897905,-0.063581854,0.190758109
Walking,0.66845274,0.045398086,-0.283701867,0.998417318,0.674138129,0.007081713,-0.253675431,0.99840194,0.681695282,0.005801712,-0.253849864,0.998251379,0.688694775,0.005027907,-0.25390932,0.998198211,0.652460158,0.01113575,-0.263095021,0.998420298,0.644425511,0.013562978,-0.263115853,0.998215377,0.636063814,0.01664108,-0.263361573,0.998401582,0.692246914,0.02075406,-0.070934996,0.998252869,0.622752547,0.038004797,-0.134836674,0.999133348,0.68050158,0.082880855,-0.21208024,0.998259544,0.656603932,0.086844824,-0.221827313,0.998884797,0.723248959,0.22138083,0.074842975,0.993904173,0.57998687,0.22843051,-0.122217968,0.999309719,0.733701408,0.459197223,0.055665784,0.355513781,0.547691703,0.461671799,-0.22520797,0.912466347,0.772179306,0.457593083,-0.213960931,0.411398739,0.660643637,0.463026255,-0.364927858,0.891795337,0.790994823,0.448974222,-0.278377086,0.418982059,0.690316498,0.473234504,-0.406633198,0.874245405,0.795413613,0.416340292,-0.291193873,0.422477603,0.697111964,0.438137174,-0.417757928,0.875263214,0.788623691,0.418587804,-0.228629187,0.424014747,0.68815124,0.43502146,-0.366543591,0.870850623,0.713166893,0.723496079,0.078400068,0.936993599,0.623523891,0.738163829,-0.077842109,0.966709197,0.715559602,0.983907223,0.094806276,0.398652643,0.666253388,1.014288902,-0.008394659,0.720204532,0.729385853,1.333812237,0.261475563,0.132024407,0.666885257,1.364932537,0.203656599,0.278783679,0.718900323,1.38341713,0.268963158,0.1936685,0.65169704,1.403318763,0.220273659,0.335942715,0.762780309,1.427067757,0.122662768,0.101420321,0.724020064,1.466366768,0.043158688,0.176994801
Walking,0.67218554,0.037646938,-0.271505177,0.998555362,0.679235399,-0.000323476,-0.245586082,0.998532116,0.687014341,-0.001207223,-0.245727897,0.998395801,0.694894671,-0.001677749,-0.245782584,0.99834156,0.656584203,0.003736061,-0.262161404,0.998560071,0.648329616,0.006120998,-0.262149483,0.998375952,0.640079796,0.009213627,-0.262246102,0.998545289,0.701652229,0.015747204,-0.075545818,0.998375535,0.625300109,0.031409569,-0.124280989,0.999213576,0.686665058,0.076915227,-0.205643222,0.998408258,0.66172868,0.080529638,-0.219271451,0.998989701,0.743519664,0.22202985,0.051016927,0.994365335,0.58201015,0.235034302,-0.091353871,0.999363184,0.7582587,0.456836581,0.077859983,0.407813519,0.549602866,0.464658111,-0.166763529,0.920992076,0.7750687,0.465166181,-0.120664313,0.46166867,0.659689546,0.469017953,-0.339058071,0.901809335,0.779543817,0.471163511,-0.17401275,0.467465907,0.683759093,0.480403095,-0.378418267,0.884997189,0.784088671,0.43635577,-0.189349055,0.471064955,0.686646461,0.44203788,-0.393148839,0.885968029,0.777541935,0.434097469,-0.132807806,0.471843392,0.675612986,0.436431617,-0.342660308,0.881704807,0.725749373,0.723800004,0.05947135,0.942417443,0.622936904,0.735035181,-0.058731548,0.969522536,0.724445939,0.985128343,0.031760957,0.431116968,0.66083324,1.021420121,0.081627488,0.724802017,0.742131829,1.334928274,0.172659069,0.134511366,0.663995087,1.355299234,0.341557175,0.260319173,0.733166873,1.383299351,0.177649766,0.190096527,0.653730452,1.391244769,0.363761127,0.311651975,0.76330626,1.433502555,0.019982234,0.098264903,0.703003466,1.45796895,0.202852532,0.163927004
Walking,0.670089185,0.031698875,-0.290903002,0.998694658,0.679029942,-0.006315595,-0.268142998,0.998669982,0.687426805,-0.007260166,-0.268306643,0.998549044,0.696217775,-0.007809579,-0.268191457,0.998494864,0.655675411,-0.002448723,-0.275718063,0.998698354,0.646401107,0.000269911,-0.275847584,0.998534203,0.637187064,0.003561155,-0.276054204,0.998685658,0.707346082,0.007756608,-0.097938195,0.99852705,0.620370805,0.025452685,-0.131556958,0.999290645,0.683826864,0.072705008,-0.225112349,0.99855864,0.659122646,0.075920172,-0.23211503,0.999087632,0.754293859,0.222516254,0.039314132,0.994872928,0.579512954,0.240376636,-0.057604086,0.999418795,0.771212816,0.458259851,0.057208907,0.465817243,0.555226266,0.488061637,-0.142318994,0.928801,0.781590581,0.465334535,-0.190317616,0.51455617,0.639704585,0.485673368,-0.423389852,0.911493957,0.788025618,0.474935621,-0.246120244,0.519528031,0.657629609,0.489649951,-0.473071039,0.896178782,0.78994596,0.437331647,-0.260914505,0.522828698,0.662704587,0.449167579,-0.492256314,0.897067189,0.783945918,0.432524204,-0.201305434,0.52356571,0.65667969,0.444047451,-0.431414902,0.893209755,0.733018041,0.725306928,0.035592385,0.947996795,0.621967971,0.735879362,-0.034686793,0.972449303,0.730813265,0.990214467,-0.005707586,0.465120435,0.657633662,1.067710042,0.120485127,0.72567898,0.753679931,1.371374369,0.17753388,0.124547474,0.668048143,1.382985115,0.403044164,0.23698552,0.753012955,1.41224277,0.186040565,0.17526491,0.66238606,1.417680979,0.426604837,0.284841508,0.755694747,1.479385376,0.011075526,0.08940836,0.696113467,1.492081165,0.24395892,0.148595363
Walking,0.663169265,0.029596243,-0.331634939,0.99882108,0.674124956,-0.007587604,-0.309360445,0.998796582,0.682519972,-0.008491488,-0.309496939,0.998688817,0.690711498,-0.008966051,-0.309371263,0.998637497,0.650231481,-0.003246893,-0.309169769,0.998823822,0.64104712,-0.000585413,-0.309306979,0.998677015,0.632639408,0.002555681,-0.309517384,0.998812437,0.704220474,0.006452895,-0.146786004,0.998668134,0.622423112,0.023671867,-0.139030993,0.99935931,0.67813623,0.068612762,-0.270733714,0.998698533,0.652087092,0.072832167,-0.268682241,0.999175966,0.767455816,0.222867563,-0.038281493,0.99535352,0.579145908,0.248100579,-0.05542808,0.999466121,0.78929466,0.470932782,-0.11556989,0.519058287,0.558087766,0.52336669,-0.15510419,0.935765982,0.781142533,0.459260106,-0.425155401,0.562792063,0.615910053,0.493412435,-0.497724116,0.920184195,0.777488351,0.462510794,-0.490322351,0.566978633,0.619897485,0.492910773,-0.554719687,0.906183839,0.779404759,0.421563476,-0.4848544,0.569945157,0.620218694,0.454998285,-0.569016814,0.906993985,0.775023103,0.419954896,-0.427327156,0.570670605,0.621339679,0.451380312,-0.507012427,0.903529704,0.735922933,0.726130486,0.012863157,0.953081608,0.620321393,0.736369491,-0.011731641,0.975105822,0.730642378,0.99881959,-0.033760797,0.475322425,0.644219935,1.032374263,0.132873878,0.705868959,0.752291501,1.396560311,0.185629815,0.112746164,0.660282969,1.405406475,0.422362715,0.213902324,0.754662395,1.439867973,0.198065132,0.158747673,0.656792104,1.445485592,0.446002543,0.257402837,0.747837663,1.506291389,0.015710235,0.080672376,0.686586261,1.516747594,0.255613178,0.13403143
Walking,0.659039378,0.028775612,-0.350626022,0.998921216,0.672921598,-0.007612646,-0.326967418,0.998884559,0.681195796,-0.008360888,-0.327186316,0.99879694,0.689483285,-0.008625409,-0.327263355,0.998743296,0.646349549,-0.003656197,-0.323652148,0.998913109,0.637232661,-0.001592941,-0.323746502,0.998785138,0.629151881,0.000832987,-0.323930442,0.998894274,0.704470694,0.006545397,-0.164753839,0.998779893,0.622224927,0.021084668,-0.142885238,0.999402106,0.67526567,0.065204896,-0.289247096,0.998811245,0.647470593,0.069734111,-0.284599483,0.999236465,0.765474319,0.222467721,-0.08816804,0.995757103,0.583276451,0.249213725,-0.028534066,0.999388218,0.793092728,0.467259079,-0.143768027,0.567003965,0.557563663,0.522762179,-0.036791358,0.939139783,0.758070171,0.466134429,-0.338803142,0.605934978,0.605984986,0.492433727,-0.279220611,0.921866,0.639262557,0.472135365,-0.392169356,0.609102964,0.603323221,0.495880455,-0.324814141,0.905850172,0.634401977,0.434870094,-0.37557435,0.611796558,0.602309167,0.46297285,-0.345692724,0.907036126,0.65199399,0.43173939,-0.331836402,0.612344205,0.607113063,0.456634641,-0.292547762,0.904512405,0.732387483,0.731610298,-0.008791053,0.957443058,0.618022442,0.737265706,0.009672944,0.977119923,0.731271505,1.075674534,-0.04035366,0.49867329,0.641166627,1.071408629,0.120839894,0.691539526,0.73793143,1.389469385,0.233117536,0.103221886,0.653441131,1.40414536,0.431481749,0.194270775,0.740892112,1.431767941,0.249408454,0.145066082,0.652430654,1.444984555,0.458890378,0.23430033,0.734080017,1.494597673,0.089574829,0.073129952,0.676791787,1.509199023,0.28101781,0.121341556
Walking,0.642788827,0.031406641,-0.32240966,0.999003112,0.666566133,-0.005276542,-0.306079209,0.998963773,0.677934706,-0.006258153,-0.306303054,0.998890162,0.680075467,-0.006847212,-0.306476057,0.998842955,0.641750455,-0.001578397,-0.307111055,0.998980165,0.6364941,0.000240119,-0.307334334,0.998850465,0.624582648,0.002423775,-0.307529986,0.998925328,0.688748896,0.008140937,-0.187132433,0.998887658,0.618203282,0.021781007,-0.110442482,0.99939245,0.671236932,0.067300744,-0.269435972,0.998917341,0.643241525,0.071660727,-0.277937055,0.999278188,0.75356555,0.222408891,-0.149466604,0.996139169,0.586969495,0.249564365,0.042134564,0.999251664,0.780121863,0.467763603,-0.188216284,0.609989285,0.57110393,0.519788504,0.121502504,0.902576089,0.71835047,0.466134489,-0.300000608,0.644674778,0.577794552,0.505514205,-0.06687469,0.904133499,0.643640757,0.471443087,-0.339923471,0.646818221,0.564347267,0.51431036,-0.093230471,0.889251828,0.648939669,0.433951646,-0.325887412,0.649280906,0.55870986,0.483168632,-0.128937393,0.891679883,0.657704055,0.425751716,-0.289993227,0.649454951,0.566844106,0.479521394,-0.087404326,0.889849603,0.721382201,0.735005796,-0.039562829,0.961053848,0.6144858,0.737870276,0.040169559,0.978453577,0.72539556,1.067112803,-0.057232819,0.516940832,0.638026178,1.050561309,0.149725586,0.671078622,0.734572291,1.382143617,0.21144554,0.099721774,0.66166985,1.402974367,0.419678867,0.183063,0.738571107,1.407199144,0.232669875,0.13852711,0.668658853,1.443612337,0.443163306,0.218987927,0.728604674,1.480247855,0.08737126,0.069027886,0.6616503,1.504735351,0.289537102,0.112750046
Walking,0.633645236,0.032594968,-0.317037314,0.999088705,0.656971276,-0.003631764,-0.30585888,0.999052465,0.672744393,-0.004554843,-0.306111842,0.998991013,0.677706599,-0.005145832,-0.306311518,0.998947263,0.633811951,-0.000361026,-0.296751231,0.999060392,0.631216586,0.001385824,-0.296883017,0.998940945,0.623539865,0.003547591,-0.297061026,0.998990297,0.681914449,0.009220592,-0.197212264,0.998994589,0.613827825,0.022621956,-0.105545297,0.999425232,0.666195929,0.067989863,-0.2705881,0.999020875,0.635512829,0.072732203,-0.265834093,0.999332428,0.747439027,0.22250241,-0.170469671,0.99651581,0.587562561,0.253089875,0.05843129,0.999189734,0.781515419,0.468226701,-0.240043014,0.648933113,0.580569148,0.499420971,0.196831629,0.887930572,0.686811924,0.469734102,-0.40652734,0.680076838,0.554991543,0.50840342,0.054129034,0.906712353,0.637336493,0.475263625,-0.457741022,0.68186748,0.542752743,0.513012588,0.039039463,0.893347859,0.63979429,0.437914282,-0.441393197,0.684094548,0.539453566,0.48265022,-0.001866037,0.896130264,0.64970988,0.431914598,-0.395872772,0.684178352,0.545732379,0.479353338,0.033630848,0.894959569,0.71466738,0.741389692,-0.054022811,0.964723468,0.610901237,0.743428469,0.054727267,0.980126917,0.723288894,1.055610061,-0.08456035,0.542026997,0.634336829,1.050085664,0.134146914,0.655540824,0.728509367,1.376209259,0.201621696,0.093713656,0.658511281,1.401947379,0.457387865,0.167010292,0.732928634,1.406284094,0.226087928,0.130065575,0.665859222,1.437371016,0.488844454,0.200918064,0.726064563,1.483737707,0.09434247,0.063411944,0.652487278,1.50382483,0.360914528,0.1023774
Walking,0.616926551,0.033113513,-0.336589515,0.999165535,0.634652019,-0.003255199,-0.330061734,0.999132633,0.646921515,-0.003730158,-0.330321908,0.9990803,0.655707359,-0.004098848,-0.330608219,0.999041617,0.614874601,0.001143837,-0.30522573,0.999126554,0.611201644,0.00325429,-0.305176437,0.99900949,0.605536461,0.005541448,-0.305268168,0.999034584,0.680800617,0.010351189,-0.231029794,0.999090791,0.611951709,0.023256596,-0.110582054,0.999437809,0.641347408,0.06883166,-0.295957297,0.99911654,0.616861045,0.073091574,-0.265643328,0.999387562,0.738538027,0.220314294,-0.214238808,0.996861815,0.58763212,0.252961278,0.065341897,0.999193132,0.766940236,0.468458593,-0.300050288,0.683962822,0.586541772,0.498944938,0.228236169,0.844459891,0.651610434,0.470023632,-0.446632713,0.711919844,0.548130631,0.550682724,0.095296346,0.892728567,0.612809181,0.473588258,-0.498892695,0.71324259,0.540222943,0.535012662,0.07893084,0.881122828,0.614657283,0.436211854,-0.472191513,0.715250134,0.531443,0.4946329,0.031195557,0.884852111,0.622820556,0.432615608,-0.431163698,0.715117335,0.543321908,0.497006088,0.071082532,0.883875847,0.707080007,0.744612992,-0.058392338,0.967909575,0.609513342,0.743901372,0.058930218,0.981089711,0.714864969,1.03612268,-0.096820146,0.553765893,0.620472729,1.088383436,0.116913959,0.636369526,0.729828775,1.340371132,0.249120042,0.093210012,0.652910292,1.358963251,0.442025751,0.155915484,0.736482322,1.365311146,0.290914595,0.126223087,0.654200256,1.382654667,0.47548908,0.187207878,0.723828912,1.456576228,0.153605297,0.06189147,0.638537705,1.472293139,0.338440776,0.095411263
Walking,0.598668098,0.034383368,-0.29671216,0.999235988,0.615836263,-0.002587244,-0.313346952,0.99920392,0.625442505,-0.003496797,-0.313587219,0.999159157,0.634063423,-0.004258201,-0.314158738,0.999125242,0.594691634,0.002009136,-0.263188004,0.999187887,0.589096725,0.004034825,-0.262993425,0.999073029,0.583448529,0.006225815,-0.263024658,0.999078274,0.662274182,0.009060086,-0.219280094,0.999177635,0.599109232,0.023441881,-0.080981456,0.999437094,0.619994938,0.070064023,-0.292062074,0.999202073,0.59791404,0.073638029,-0.222901866,0.999433041,0.729385555,0.210877031,-0.238174871,0.99717164,0.588753104,0.252008975,0.100665666,0.99915117,0.755537629,0.468598843,-0.289943099,0.715442777,0.583718777,0.498507768,0.146220982,0.781987071,0.620748639,0.471611112,-0.335056484,0.74033916,0.546706736,0.52546823,-0.058670253,0.85544759,0.585845828,0.472998798,-0.372738779,0.740684152,0.532546163,0.530815363,-0.081200033,0.847773433,0.586336136,0.43527329,-0.355437964,0.742492378,0.525019288,0.490861058,-0.108846642,0.851493299,0.596101463,0.433377385,-0.316937387,0.741949081,0.539712846,0.493496329,-0.076051906,0.850671351,0.704093456,0.743398726,-0.08129748,0.969715118,0.6075086,0.738981605,0.081746787,0.979201496,0.693629265,1.062892199,-0.127802923,0.539508283,0.607775748,1.083346128,0.134230942,0.589631379,0.721734166,1.327449441,0.188922152,0.088762499,0.648700118,1.32604146,0.411781728,0.143540263,0.726690829,1.349057078,0.219671935,0.123338833,0.653306961,1.35347116,0.437960327,0.17714116,0.704831421,1.451904774,0.118759558,0.058530308,0.625367463,1.440381765,0.331386536,0.088072389
Walking,0.567802787,0.034767732,-0.298736304,0.999308527,0.584223747,-0.002123457,-0.307881415,0.999278903,0.593634784,-0.003025035,-0.308074534,0.999239385,0.602599204,-0.003729665,-0.308466136,0.999208808,0.562120616,0.001664719,-0.265765578,0.999262512,0.55667007,0.00312339,-0.265605837,0.999157667,0.552221417,0.004680655,-0.265687943,0.999156654,0.626132488,0.009672318,-0.232325703,0.999258816,0.571655333,0.020714758,-0.07994993,0.999485493,0.589966118,0.070603602,-0.279638469,0.99928093,0.567125916,0.073888332,-0.225723416,0.999484956,0.696489692,0.202080518,-0.306788832,0.997451961,0.586472631,0.251949728,0.137855008,0.999162912,0.740896523,0.465741009,-0.423821837,0.743869364,0.591665328,0.498136014,0.202968046,0.711431146,0.578823566,0.472706825,-0.463267237,0.76620543,0.536980808,0.573365152,-0.005151366,0.801395416,0.541863561,0.475074977,-0.50863266,0.766219378,0.522470653,0.61831075,-0.018008968,0.801121294,0.537868261,0.437105298,-0.465937436,0.767837465,0.511220634,0.588131607,-0.059742786,0.805710256,0.55109489,0.433741212,-0.439235449,0.767226338,0.524889529,0.57624954,-0.029592667,0.806073248,0.667217195,0.747036755,-0.120503306,0.971231163,0.606443048,0.739632428,0.121289551,0.978387713,0.605146468,1.087995529,-0.183317512,0.580309808,0.597141385,1.069910288,0.200675651,0.559152544,0.631224513,1.32429266,0.135603353,0.09042003,0.646312952,1.316398144,0.410757154,0.140904039,0.652901053,1.341592431,0.16776219,0.150466889,0.655961633,1.355631113,0.428403676,0.19716306,0.59890759,1.457230091,0.124461636,0.058297861,0.60031563,1.426195145,0.362687767,0.086801983
Walking,0.540040135,0.035215408,-0.305709243,0.999315023,0.5536412,-0.001952757,-0.313617289,0.999284148,0.561424255,-0.002754416,-0.31386441,0.99925226,0.569936872,-0.003370304,-0.314173341,0.999226272,0.537969947,0.00194465,-0.266771495,0.999259889,0.534455121,0.003540982,-0.266646624,0.999142408,0.531577468,0.00513715,-0.266719133,0.999090493,0.597377539,0.0101251,-0.256740063,0.999312878,0.553561807,0.019308703,-0.073978171,0.999404728,0.559733748,0.071047939,-0.284133047,0.999320269,0.542996526,0.074346825,-0.227500007,0.999418318,0.660748839,0.198605403,-0.318283349,0.99768877,0.584880233,0.243567407,0.1692148,0.998769999,0.710148275,0.462696493,-0.45577091,0.769345522,0.595194876,0.499311358,0.252726585,0.645145118,0.551814735,0.474628061,-0.518343329,0.789290011,0.520959675,0.555029035,0.060286202,0.744780004,0.515894532,0.476160973,-0.569175303,0.788651109,0.496644557,0.581551969,0.054510795,0.750686347,0.51143676,0.439616859,-0.518737614,0.790113628,0.488580287,0.550191939,0.006228811,0.756730914,0.524247646,0.437149733,-0.491927952,0.789099097,0.502738833,0.542336345,0.0338935,0.757633209,0.639916062,0.75621134,-0.136387363,0.965969622,0.605365455,0.748789072,0.137000918,0.96554786,0.598536432,1.09291327,-0.123600855,0.579892397,0.598963082,1.063580036,0.22764127,0.514354169,0.611872256,1.333902359,0.170933351,0.085613586,0.643258512,1.326961994,0.414499104,0.129747733,0.632808566,1.35115099,0.198051602,0.149897709,0.652139902,1.368031263,0.429776669,0.189641491,0.573023438,1.457601786,0.144469365,0.055173442,0.594400048,1.41868186,0.370259345,0.080422275
Walking,0.514520288,0.04282501,-0.235206842,0.998699546,0.525033832,0.006939245,-0.262535781,0.998741627,0.530326664,0.005483509,-0.262845665,0.998748362,0.536437392,0.003705619,-0.263124883,0.998780608,0.515990615,0.00883156,-0.208248019,0.998650908,0.515004456,0.009038578,-0.208131716,0.998397648,0.514583766,0.00908172,-0.208356336,0.998148382,0.564106166,0.012363252,-0.269209802,0.999177396,0.541319132,0.019492559,-0.052860547,0.99877584,0.531672716,0.075266041,-0.24005802,0.999109566,0.523309827,0.078093559,-0.169618964,0.998712957,0.62583679,0.200295895,-0.335859895,0.997853994,0.582671583,0.234138891,0.168329448,0.998065114,0.665968895,0.471697241,-0.450053155,0.791846991,0.589260936,0.499209583,0.301778972,0.587692022,0.513974071,0.48013258,-0.468203932,0.809778273,0.499940962,0.554150283,0.206493229,0.702921629,0.479078621,0.480920613,-0.513560057,0.808415055,0.467366219,0.578218699,0.211201906,0.713212132,0.4777686,0.444867611,-0.469473213,0.80972451,0.465007395,0.538523138,0.162693441,0.721264184,0.489937693,0.442250937,-0.444068044,0.808065712,0.475461185,0.534774899,0.181400985,0.723359644,0.616436362,0.768697858,-0.132101446,0.960319698,0.592303395,0.76386863,0.132661611,0.954973459,0.605472505,1.104152322,-0.113466665,0.565792143,0.578493834,1.076469064,0.234357312,0.477761805,0.628325284,1.364206314,0.193194643,0.080558263,0.612338781,1.352036595,0.402217209,0.118849039,0.646954656,1.393083692,0.221547171,0.142301947,0.627263069,1.399256587,0.41890043,0.176984221,0.595878422,1.464665055,0.181044191,0.051820565,0.573979437,1.419502735,0.345292389,0.073825859
Walking,0.495608896,0.055321358,-0.251723707,0.99859798,0.50639981,0.017950257,-0.277202219,0.998598754,0.512062311,0.016486501,-0.277526945,0.998615384,0.518597066,0.014610294,-0.277896523,0.998653471,0.496368706,0.019130817,-0.227193683,0.998522758,0.494653851,0.018707274,-0.227143496,0.998219609,0.493380487,0.017928822,-0.227328375,0.997905433,0.545433104,0.019814044,-0.274086624,0.999184906,0.516722023,0.021869153,-0.068561122,0.998607874,0.512728631,0.086723298,-0.253840566,0.999080837,0.502730906,0.088811718,-0.188938111,0.998516619,0.594611287,0.204191208,-0.331299901,0.997998297,0.565747261,0.22552602,0.146154463,0.997716188,0.632612526,0.495473027,-0.382290542,0.812112153,0.586870015,0.498957694,0.21476467,0.533037603,0.485612094,0.490346014,-0.345827788,0.82757467,0.491313696,0.547159731,0.062836602,0.651591003,0.447345912,0.489648104,-0.368611187,0.824407518,0.462237507,0.564629257,0.056503583,0.666091442,0.445318401,0.449446648,-0.314089715,0.825508475,0.453400046,0.527761638,0.016169155,0.673740506,0.456475794,0.446965456,-0.310898989,0.822862804,0.469335616,0.523777544,0.040790129,0.675994873,0.579601884,0.778459072,-0.13076511,0.950999141,0.570176482,0.767114103,0.131256804,0.939962685,0.545847654,1.100944877,-0.088238195,0.568066895,0.536498308,1.074710488,0.272089899,0.447108358,0.585784674,1.353376746,0.20076625,0.077910297,0.573615015,1.350614548,0.396580249,0.10928306,0.611838698,1.38410449,0.226074547,0.141560256,0.592693627,1.398555398,0.408624709,0.167883635,0.544882178,1.431058049,0.210633561,0.050093409,0.52606982,1.424865246,0.358942807,0.068242297
Walking,0.472578675,0.05876201,-0.277954698,0.998714447,0.48331961,0.022010509,-0.300759137,0.998709917,0.489534855,0.020267677,-0.300959498,0.998723507,0.496180683,0.018159024,-0.301276445,0.998757899,0.472667605,0.02265395,-0.252640277,0.998643339,0.470697016,0.021741042,-0.252496332,0.998361111,0.469211638,0.020420853,-0.252666682,0.998072684,0.523898959,0.022156231,-0.270994693,0.999257922,0.49307695,0.022085223,-0.083596118,0.998718977,0.490530878,0.089184605,-0.269248664,0.999161005,0.479461044,0.090666413,-0.207054853,0.99864012,0.566335738,0.204744846,-0.33229509,0.998171091,0.543615282,0.208396524,0.131054237,0.997875571,0.575235128,0.50423187,-0.344801039,0.830286205,0.552237153,0.490813315,0.158071861,0.486470371,0.44592613,0.490546048,-0.244486421,0.842819631,0.469555914,0.526158214,-0.101627782,0.609965086,0.410426229,0.491178423,-0.266813427,0.837230802,0.439722002,0.554063261,-0.118526444,0.628428221,0.408438027,0.449656308,-0.230694249,0.838161528,0.430395305,0.519306421,-0.153056636,0.635439157,0.419109434,0.447086543,-0.219751477,0.834764183,0.448913813,0.517597854,-0.124607846,0.637807131,0.550704122,0.775777757,-0.127390891,0.952278256,0.537801087,0.760569155,0.12787798,0.941978514,0.515332997,1.092692494,-0.05163043,0.583015263,0.519846618,1.069913149,0.280082166,0.424003005,0.557960212,1.320334792,0.196263433,0.07863313,0.552696466,1.342734814,0.396336228,0.103052191,0.584523022,1.351884604,0.218648672,0.155489326,0.572755218,1.392056346,0.407117367,0.169269025,0.517487645,1.391485453,0.197405219,0.051336002,0.498769522,1.416815877,0.366402626,0.065579459
Walking,0.441836447,0.057924155,-0.233811691,0.998334229,0.452775657,0.021586522,-0.263395488,0.998426676,0.457896858,0.019999987,-0.263552427,0.998386204,0.463488638,0.017683929,-0.263862252,0.998439193,0.444102198,0.020551056,-0.214621931,0.998410761,0.443254143,0.019209437,-0.214441091,0.998016655,0.442951441,0.017488657,-0.214679435,0.997726738,0.488751948,0.022050008,-0.266449898,0.99916327,0.470529377,0.018850755,-0.07083454,0.998602271,0.458976746,0.089031264,-0.230844811,0.998936415,0.450786263,0.090143032,-0.168856055,0.998309135,0.511123776,0.204856679,-0.334799021,0.998194396,0.532548547,0.187708214,0.159142986,0.997286677,0.519093871,0.505815744,-0.370874375,0.845035315,0.533231735,0.475636661,0.339636058,0.438813388,0.385487854,0.48173511,-0.272956133,0.854590416,0.458074719,0.528187811,0.376022637,0.552207053,0.355927169,0.482875288,-0.298150361,0.846898794,0.441736132,0.55839783,0.400880635,0.570871413,0.357503593,0.443310291,-0.263960779,0.847551644,0.427200019,0.528646469,0.36041519,0.577327669,0.368279278,0.441281587,-0.251197159,0.842346787,0.434436321,0.523899615,0.358758658,0.580127001,0.488719761,0.773547113,-0.135589212,0.942907572,0.514300346,0.756054282,0.136153311,0.921258748,0.46880731,1.088420391,-0.027815551,0.590159774,0.494821459,1.069817662,0.257315874,0.391869962,0.467655987,1.385277152,0.152595371,0.080154911,0.513018012,1.353367567,0.393631905,0.09536615,0.486867279,1.450875401,0.165297136,0.171108305,0.530261874,1.4155339,0.406935751,0.16689609,0.404837072,1.401788712,0.110249005,0.051589541,0.450631857,1.411040664,0.356519669,0.061348483
Walking,0.413461149,0.048392374,-0.194484994,0.997685432,0.427434117,0.014282105,-0.226044968,0.997851074,0.432596773,0.014743767,-0.226270467,0.997762978,0.438417614,0.014376236,-0.226552844,0.997898579,0.418984979,0.00976989,-0.179092333,0.997853637,0.418334901,0.008015608,-0.178975597,0.997242987,0.418196589,0.005982184,-0.17915073,0.99693805,0.462144673,0.021550834,-0.256996244,0.998973072,0.443626314,0.011635241,-0.056181747,0.998116732,0.427567899,0.083534881,-0.1962789,0.998569548,0.418243587,0.081645608,-0.136451274,0.997716367,0.475084841,0.203907728,-0.325626791,0.998209715,0.490461677,0.185040414,0.164552838,0.996630967,0.464965999,0.502901316,-0.340985715,0.857789516,0.475524187,0.469098419,0.324166089,0.397114187,0.343670726,0.474036694,-0.188719392,0.86387521,0.400500476,0.531254411,0.335720003,0.50190717,0.313824326,0.469842285,-0.204759195,0.853595853,0.385224462,0.562313437,0.356185824,0.521015227,0.316087902,0.435311168,-0.172294781,0.854010463,0.372081548,0.535105407,0.314720422,0.527086735,0.328542411,0.435593069,-0.165510923,0.846612871,0.37773484,0.52848953,0.317063957,0.530373633,0.439401448,0.75253576,-0.131569862,0.932915568,0.467695415,0.736353457,0.132014215,0.902794123,0.439380407,1.062420368,-0.008645358,0.576898038,0.437492043,1.06827867,0.242702872,0.363729596,0.433785111,1.380720377,0.166637629,0.081551924,0.444654554,1.355918407,0.383172363,0.088298209,0.449048996,1.431618214,0.187714204,0.177177444,0.456867129,1.418263793,0.393527269,0.160879895,0.376450211,1.392555475,0.113800086,0.052656043,0.388986677,1.405526519,0.344810158,0.057458565
Walking,0.391027272,0.031366926,-0.197640762,0.997492433,0.403311789,0.001115237,-0.223728463,0.997636378,0.407222807,0.002921242,-0.223919839,0.997432888,0.411502212,0.004344352,-0.224147052,0.997597754,0.398055464,-0.003960037,-0.182033196,0.9976964,0.398371398,-0.005192391,-0.18191646,0.996955931,0.399149358,-0.006554141,-0.18209967,0.996691823,0.431229651,0.015427195,-0.251590908,0.998795152,0.421300083,0.001823256,-0.061921526,0.99793756,0.399919748,0.067074455,-0.19446528,0.998304725,0.394019127,0.064009801,-0.141222119,0.997456551,0.435272753,0.195180133,-0.310147822,0.998244345,0.459865421,0.177830279,0.144716948,0.996597111,0.408883721,0.497926384,-0.350189,0.866763175,0.428891242,0.454695463,0.284517735,0.359881699,0.29830876,0.466221392,-0.234524325,0.870310605,0.361094385,0.530805051,0.302138984,0.457288176,0.272316217,0.457167655,-0.272398472,0.858153224,0.347645074,0.5602898,0.326542079,0.476479173,0.273870349,0.426066965,-0.241651937,0.858188272,0.330964774,0.533942461,0.287016064,0.482044309,0.28448382,0.4282417,-0.21869424,0.847946942,0.335239232,0.528470933,0.28535223,0.485815585,0.401667923,0.739404559,-0.124833368,0.933956861,0.443393797,0.728413045,0.125205442,0.90285933,0.410253763,1.042405844,0.008173204,0.581389904,0.425926507,1.064845562,0.249454767,0.345283598,0.40540719,1.342113137,0.176752955,0.0926807,0.426457644,1.351380944,0.395774424,0.085122555,0.418459654,1.407372832,0.193600684,0.199981391,0.43655163,1.414953589,0.40842098,0.166960195,0.355860889,1.354650974,0.127044022,0.059935547,0.370723307,1.382570386,0.380310208,0.056719266
Walking,0.378199875,0.01803175,-0.164262027,0.996808231,0.387215793,-0.007242943,-0.20269084,0.997180939,0.38921389,-0.003707382,-0.202868149,0.996808708,0.391011685,-0.000300694,-0.203103423,0.99712038,0.387052,-0.014157641,-0.158919722,0.997183204,0.38866359,-0.01484764,-0.158830717,0.996177554,0.390327752,-0.015253973,-0.159058094,0.996118426,0.404784679,0.013292002,-0.273742825,0.99846983,0.406892121,-0.004139059,-0.073116221,0.997722745,0.382974416,0.055394139,-0.181094438,0.998020887,0.382741481,0.049641859,-0.125737116,0.997189581,0.403911889,0.195333481,-0.344853491,0.998300135,0.435848147,0.169817448,0.104151666,0.996632218,0.376038522,0.499147385,-0.359290302,0.87267679,0.400983185,0.449654251,0.286060691,0.326185971,0.265843451,0.457343161,-0.25881654,0.87300688,0.33634007,0.530272961,0.392842472,0.417591065,0.242112756,0.446961522,-0.284264058,0.859351873,0.325068325,0.558269501,0.429083765,0.437416762,0.247544736,0.417982131,-0.251870215,0.859286845,0.308845222,0.51600033,0.392568111,0.442504585,0.256761134,0.420866787,-0.240275949,0.846677303,0.315244377,0.527567327,0.380240589,0.44678545,0.380816817,0.740613639,-0.12041463,0.938116074,0.422751606,0.726343036,0.120825529,0.908243001,0.398614913,1.042154074,0.028334275,0.567563474,0.401828617,1.056491375,0.263676107,0.323069096,0.397211462,1.329734921,0.183375314,0.093907855,0.406107515,1.336547852,0.436387956,0.079371162,0.409878671,1.392237067,0.194137439,0.204630479,0.416071653,1.392885327,0.454477727,0.160601348,0.354858726,1.349995971,0.148952812,0.060585838,0.359240949,1.37063849,0.432937533,0.053655256
Walking,0.347645938,0.015526555,-0.110974573,0.996526897,0.360607773,-0.00955928,-0.149775729,0.996907175,0.362658799,-0.006064862,-0.149907634,0.996471465,0.364909351,-0.002604156,-0.1500763,0.996884227,0.361798346,-0.016558314,-0.107043087,0.996776402,0.364728838,-0.017494291,-0.106982626,0.995657086,0.368042588,-0.018191911,-0.107204117,0.99578923,0.385429591,0.012832693,-0.248907238,0.998247325,0.390458345,-0.004175164,-0.051822431,0.997577548,0.353243053,0.054257128,-0.132887021,0.99795866,0.354439586,0.049277715,-0.078688964,0.997128904,0.385236174,0.19557175,-0.32288599,0.998366892,0.418245018,0.168313712,0.10443648,0.996682346,0.370350033,0.498292148,-0.338436991,0.878778577,0.383366138,0.444377065,0.268709093,0.296641529,0.250314057,0.459199101,-0.256893605,0.875071645,0.296719044,0.461140513,0.317207158,0.383498639,0.221480057,0.451620221,-0.277106225,0.859846115,0.275462776,0.476068109,0.334432393,0.404095411,0.227824017,0.420790911,-0.250225216,0.859989643,0.267023861,0.44509694,0.298250705,0.409058869,0.237174585,0.422473222,-0.240328461,0.845452249,0.2652978,0.456325412,0.301842898,0.413620532,0.352866471,0.740779698,-0.117570482,0.940550864,0.410555273,0.727602839,0.11806792,0.910794079,0.369039655,0.990872681,0.058658332,0.550959289,0.400593579,0.998525321,0.272901595,0.300428838,0.378335208,1.248739004,0.233244568,0.098209254,0.409415722,1.261261582,0.451250404,0.074929796,0.394520342,1.305267811,0.247612357,0.219590396,0.421626955,1.314406872,0.469152868,0.163021103,0.336120784,1.259828329,0.216289088,0.063699678,0.360708296,1.288135409,0.462616593,0.052500956
Walking,0.323298752,0.017973432,-0.148461521,0.995941639,0.336541057,-0.008444372,-0.186190799,0.996471405,0.339095175,-0.005449452,-0.186348885,0.995974004,0.342042029,-0.002394797,-0.186519608,0.99650228,0.337195873,-0.014414718,-0.141227767,0.9961887,0.340389371,-0.015209317,-0.141140833,0.994844496,0.344158888,-0.015825558,-0.141366646,0.995104313,0.367304802,0.015800366,-0.276956737,0.998032033,0.369881064,-0.003402271,-0.055357415,0.997290254,0.331615716,0.055318452,-0.164430633,0.99776715,0.331975639,0.049659219,-0.107692838,0.996841848,0.373309016,0.208033025,-0.350264043,0.99842906,0.39913553,0.173780903,0.107975259,0.996587813,0.358444363,0.506652594,-0.365385294,0.886391878,0.366556078,0.448090494,0.351492822,0.270472825,0.230216697,0.464360863,-0.274292648,0.882558644,0.272955596,0.456746936,0.497510582,0.353629649,0.198346853,0.455617309,-0.290219843,0.866521955,0.255632013,0.464500219,0.538325787,0.37534672,0.205763653,0.425184429,-0.260745078,0.866491318,0.243453264,0.44159475,0.497560799,0.380271018,0.21546945,0.428111762,-0.255444586,0.8506549,0.247943878,0.448315084,0.483371437,0.386015683,0.337618172,0.745411098,-0.11815574,0.939384401,0.374393046,0.728008926,0.118669786,0.908536732,0.34907791,0.993469059,0.047800738,0.533164859,0.356280863,1.014870644,0.258677155,0.282807618,0.339535862,1.265468478,0.262607992,0.096572205,0.351159424,1.3026793,0.434284627,0.070204929,0.350640595,1.32024312,0.281785697,0.218618989,0.359897047,1.360576749,0.450733244,0.159954742,0.292806685,1.277441859,0.237168789,0.062569417,0.301777601,1.292448997,0.417847008,0.049903478
Walking,0.305615038,0.02999229,-0.168461233,0.993120551,0.3185983,-0.001909714,-0.195127815,0.994148552,0.322962582,0.000674273,-0.195279688,0.993253052,0.327639341,0.002999789,-0.195285335,0.994083941,0.313138425,-0.008398618,-0.158833504,0.993976772,0.313904852,-0.009831104,-0.158721536,0.991876185,0.315020919,-0.011343551,-0.158895731,0.992467165,0.351831436,0.018415716,-0.287920535,0.996591508,0.340840638,-0.000157302,-0.059112471,0.995636582,0.318844616,0.066999696,-0.174864382,0.996068597,0.312908053,0.062434576,-0.124123201,0.994462669,0.366425812,0.217814997,-0.359720707,0.998154104,0.366921335,0.179067463,0.14564839,0.995791316,0.352214664,0.519228935,-0.408194542,0.893229544,0.338507921,0.456499189,0.34818086,0.247987822,0.21844928,0.474017382,-0.372137815,0.890415907,0.235744864,0.467163473,0.39159736,0.330493361,0.179925367,0.457854748,-0.403970718,0.873911858,0.216050148,0.473475188,0.420352638,0.353399485,0.187318057,0.426452458,-0.363925725,0.873738468,0.203005001,0.448532522,0.375640929,0.358666211,0.200633883,0.432155102,-0.349743962,0.856660008,0.209997892,0.45348689,0.372519404,0.36537233,0.31707257,0.763049006,-0.131293997,0.919968605,0.338487804,0.750624657,0.131725505,0.891184628,0.318609893,1.050498486,0.03192129,0.512507081,0.308863252,1.062328219,0.255885154,0.264216661,0.30361709,1.347224593,0.270198733,0.092500485,0.30046314,1.370977044,0.435279697,0.065173596,0.316730648,1.393719196,0.292250216,0.212830707,0.311338246,1.42431879,0.450993866,0.152281627,0.249146938,1.400104642,0.224915072,0.060621034,0.244606346,1.402899027,0.408961147,0.046803933
Walking,0.288978398,0.040237032,-0.226715565,0.991680503,0.3010934,0.005396644,-0.25989455,0.992757022,0.306439608,0.006625953,-0.260076433,0.991656065,0.31213969,0.00754536,-0.260193408,0.992643535,0.292667478,0.000839813,-0.210642487,0.992869258,0.292081982,-0.000657058,-0.210649893,0.990345657,0.291776717,-0.002467362,-0.210924983,0.990983903,0.337023675,0.019362215,-0.301060885,0.995896459,0.317431509,0.005311217,-0.071087711,0.994393945,0.30413872,0.074929163,-0.225944847,0.995096445,0.29581359,0.071177505,-0.161527842,0.99319762,0.362745613,0.21802561,-0.3678146,0.997992158,0.345288098,0.179243103,0.159682751,0.995278299,0.34368512,0.517265558,-0.412993103,0.900376618,0.313623607,0.460313678,0.342732131,0.227861747,0.212891027,0.474363595,-0.363582164,0.895940185,0.216957167,0.470463187,0.345681965,0.308300465,0.178721607,0.459247768,-0.393289894,0.8774665,0.198314577,0.477212399,0.3716425,0.331247807,0.185093239,0.427234769,-0.356323183,0.877144337,0.18722938,0.433260947,0.3257671,0.336797029,0.197640419,0.432484359,-0.340851843,0.858029902,0.205645159,0.440221757,0.325507194,0.344069391,0.302498549,0.765869498,-0.138393268,0.893803895,0.322710693,0.757132113,0.138826862,0.869446039,0.287527204,1.071884871,-0.011093342,0.495497346,0.284147292,1.084213138,0.252370656,0.247706637,0.256401807,1.369545817,0.220043808,0.090451367,0.267734766,1.394578338,0.433277667,0.061657522,0.266267449,1.4177562,0.238508016,0.212200701,0.275750905,1.449591279,0.447979927,0.149614677,0.200554937,1.422680497,0.142449215,0.06017917,0.210788488,1.432620525,0.35819003,0.044647396
Walking,0.274679959,0.042493768,-0.319670051,0.991906047,0.288121879,0.006336622,-0.334847331,0.992946684,0.294781923,0.00701101,-0.335110128,0.991937995,0.301772714,0.007602806,-0.335288584,0.992847145,0.275342762,0.003436261,-0.290148228,0.993098974,0.273081601,0.002301733,-0.2901012,0.990645766,0.271169066,0.000801343,-0.29035598,0.99109745,0.323457003,0.019061238,-0.30207023,0.996054232,0.294324309,0.007958019,-0.092779957,0.994220972,0.29126814,0.076450631,-0.295500427,0.995130479,0.27931276,0.073828906,-0.236814186,0.992949009,0.363738209,0.21843183,-0.353347719,0.997951746,0.317396611,0.19023937,0.16944012,0.994841754,0.341994256,0.515786469,-0.414389849,0.908647239,0.284693003,0.466493815,0.387688041,0.213881299,0.205805138,0.462613076,-0.393920273,0.903764367,0.189236447,0.460713953,0.381743073,0.316128939,0.167613,0.445772648,-0.42584759,0.884467304,0.168642387,0.457810551,0.408047855,0.338647723,0.174717933,0.415373951,-0.390256524,0.884275496,0.164576113,0.419281721,0.360467821,0.345548242,0.187434569,0.420561105,-0.371276438,0.865311682,0.175222591,0.423314542,0.361024529,0.353818327,0.302012473,0.773988187,-0.138347045,0.885720432,0.288156152,0.759010851,0.138902724,0.865358055,0.283170104,1.097217441,-0.022770861,0.468834013,0.246376395,1.096329451,0.245068476,0.236516908,0.256587207,1.397230029,0.220230103,0.083769679,0.233411402,1.408086181,0.409216225,0.057814512,0.266658366,1.446252584,0.238684505,0.197323471,0.241037086,1.463367224,0.421120226,0.142137811,0.206836969,1.454861283,0.134777099,0.055768251,0.182919875,1.455063939,0.3137393,0.041567769
Walking,0.26362139,0.042943455,-0.330374658,0.992599487,0.276882708,0.006563357,-0.339678943,0.99352622,0.284753174,0.007043856,-0.339859158,0.992625296,0.292813033,0.007588588,-0.340032429,0.993430436,0.259938151,0.005625786,-0.298689544,0.99363929,0.256122261,0.005631151,-0.298652291,0.991392732,0.252910346,0.005392243,-0.298927009,0.991744399,0.313061625,0.018975761,-0.293291628,0.996385753,0.270672947,0.015384384,-0.101800181,0.994568229,0.28189522,0.076443315,-0.303774804,0.995548248,0.264734685,0.074478932,-0.250909626,0.993471026,0.365822792,0.220918551,-0.327152431,0.997971416,0.272527754,0.206209883,0.131715477,0.994955122,0.34019503,0.513929307,-0.410811841,0.916873157,0.236423999,0.455374539,0.218860075,0.207081035,0.212960035,0.455388814,-0.388584763,0.911094308,0.150493503,0.429899037,0.003583615,0.325575233,0.165797576,0.438408703,-0.422869265,0.891239524,0.115751311,0.422682405,-0.00822165,0.350202411,0.172006622,0.408945292,-0.396095753,0.891151786,0.115018092,0.400263727,-0.052517779,0.358532161,0.186018646,0.412394762,-0.370776862,0.872838616,0.132403716,0.405754358,-0.022260804,0.367903709,0.302849323,0.745064616,-0.134213388,0.871500313,0.249237135,0.725503981,0.13508293,0.857210696,0.215397716,0.993478715,-0.104148865,0.470288008,0.229943514,1.042857766,0.130574763,0.224408746,0.213710621,1.360868216,0.064327084,0.081526473,0.223076269,1.35774684,0.252160311,0.056606397,0.220912263,1.404427052,0.07446076,0.199850947,0.232619286,1.416855693,0.258993626,0.148357958,0.163013712,1.4427917,-0.042786684,0.054349285,0.17079474,1.426087499,0.141639799,0.041112229
Walking,0.266973108,0.040423188,-0.330938667,0.993104935,0.280162096,0.003149308,-0.335637391,0.993924737,0.287966579,0.003186634,-0.33583203,0.99314189,0.295701563,0.003549327,-0.336035937,0.993848383,0.26079762,0.005247444,-0.299864799,0.993930101,0.255498946,0.005648566,-0.299883634,0.991850257,0.25099349,0.00607828,-0.30021283,0.992036998,0.30919987,0.018590093,-0.278204441,0.996638179,0.260066569,0.018309956,-0.105196431,0.994655371,0.283239275,0.074444123,-0.299322635,0.995913386,0.263392866,0.074374937,-0.253348976,0.993888676,0.364448547,0.224956214,-0.283539951,0.998013735,0.248029903,0.21728301,0.113643005,0.995022833,0.348473966,0.512941539,-0.414230019,0.92443192,0.204966456,0.449622482,0.222224399,0.202108413,0.221309453,0.456831992,-0.589989126,0.918120503,0.128402621,0.426605105,0.024631802,0.3317644,0.180604562,0.438515425,-0.646299362,0.898296237,0.092510119,0.417090148,0.008148029,0.358369201,0.184977025,0.407566488,-0.622842908,0.898311913,0.090460286,0.393959939,-0.040385697,0.368801624,0.19913733,0.411840349,-0.577983081,0.880421042,0.107652701,0.398705453,-0.002230695,0.378260881,0.294627964,0.740043044,-0.11684452,0.868799329,0.223612592,0.718009114,0.117590591,0.858926773,0.251711398,1.015199661,-0.115167603,0.47418651,0.210176423,1.044700861,0.100408994,0.219220623,0.218940645,1.347618222,0.121100411,0.080552898,0.209896967,1.357114315,0.270765722,0.061688423,0.223353356,1.383741617,0.137763113,0.200796172,0.218991548,1.413441539,0.281096369,0.161720991,0.182428047,1.43841064,-0.001718356,0.05387672,0.169818729,1.434246778,0.126652896,0.044588894
Walking,0.26271534,0.043347672,-0.403592497,0.993721008,0.274771422,0.004917436,-0.397857994,0.9944489,0.282322675,0.004059635,-0.397998452,0.993756115,0.290378809,0.003872166,-0.39824447,0.994377851,0.255660176,0.009382712,-0.369245023,0.994424641,0.250132293,0.010424546,-0.369276971,0.99254179,0.244879365,0.010994172,-0.369667381,0.992661297,0.309132516,0.018752553,-0.278609604,0.996936917,0.250104159,0.021340679,-0.142576471,0.995049834,0.278539717,0.07498949,-0.352089047,0.996300936,0.258690447,0.075655565,-0.315266609,0.994444847,0.368537724,0.234145582,-0.265800208,0.998141289,0.22382459,0.216134414,0.070855305,0.995387912,0.354182571,0.515830457,-0.449748039,0.931713641,0.170005396,0.448707551,0.115064703,0.211709023,0.233099133,0.457151443,-0.73903501,0.925381839,0.123333827,0.425727725,-0.191118658,0.352953076,0.198555782,0.436860949,-0.810011685,0.906047046,0.094287604,0.414092124,-0.229301333,0.376956761,0.204404593,0.400639713,-0.787821531,0.906155229,0.085420512,0.389135569,-0.267774343,0.38849926,0.216528088,0.404435337,-0.730906188,0.889141798,0.105306365,0.395138592,-0.215701655,0.395778477,0.280432463,0.741079569,-0.101155356,0.869155943,0.195154026,0.714763582,0.101883247,0.863662183,0.205634043,1.007465482,-0.123323776,0.497595251,0.192705289,1.046956301,0.094281584,0.217616901,0.222387522,1.338959455,0.147835329,0.079931639,0.193203658,1.353521109,0.313954234,0.071805984,0.229367182,1.369957089,0.161001101,0.208694741,0.202578932,1.40471375,0.326894522,0.183988392,0.189368278,1.437548995,0.024820929,0.053809956,0.157249629,1.436115503,0.15594995,0.051621154
Walking,0.267840832,0.055616878,-0.343505532,0.994279683,0.278264731,0.01411847,-0.349819243,0.994911373,0.285872519,0.013259766,-0.349990845,0.994320631,0.294136822,0.013278565,-0.350204617,0.994863093,0.259481966,0.017886225,-0.3172189,0.99485904,0.253202856,0.018628342,-0.317235559,0.993170917,0.247105837,0.01878608,-0.317516923,0.993197024,0.311068654,0.027987655,-0.249364689,0.997213244,0.248727947,0.027433187,-0.128220588,0.995423973,0.283258438,0.087293439,-0.312117219,0.996640921,0.260922134,0.08502759,-0.268334836,0.994927883,0.373621017,0.247594744,-0.196853936,0.998306334,0.207890421,0.215160415,0.046482909,0.995780826,0.360347927,0.529191434,-0.28619954,0.938429356,0.152655602,0.447230875,0.139538974,0.281819224,0.244415447,0.464198142,-0.574557722,0.932538211,0.107447565,0.417004555,-0.075484842,0.413762718,0.209535033,0.440798998,-0.598581433,0.914792359,0.075272948,0.406444758,-0.105847433,0.434459955,0.215440318,0.40099147,-0.559362173,0.914922953,0.068146512,0.385596842,-0.152607664,0.445370376,0.227068573,0.404854119,-0.537138581,0.899473548,0.085180111,0.393679857,-0.10126213,0.452243447,0.274541616,0.741445839,-0.053457886,0.881549001,0.173469111,0.715942979,0.054268438,0.87658602,0.225355342,1.008015037,-0.030629586,0.498757362,0.165524706,1.049885035,0.128748924,0.236675069,0.224822849,1.368725181,0.226457089,0.074189104,0.146199971,1.372703314,0.315767497,0.067620747,0.227120757,1.403471589,0.244917721,0.19166398,0.146447048,1.41905582,0.341540724,0.17079857,0.193896502,1.474502444,0.042481009,0.0492578,0.128089875,1.468611598,0.192114383,0.047576886
Walking,0.268631041,0.059107754,-0.387747109,0.994840145,0.279864311,0.015672676,-0.379747331,0.995405555,0.288419157,0.015054395,-0.379798472,0.994875133,0.297474682,0.01528793,-0.379785627,0.995361328,0.259808838,0.018691732,-0.364807844,0.995358348,0.253665447,0.019410525,-0.364742398,0.993836224,0.246984765,0.019263912,-0.364923507,0.993854702,0.314638555,0.029700547,-0.245344236,0.997483253,0.244764805,0.027315505,-0.168362543,0.99586308,0.283931404,0.093429714,-0.332726747,0.996973395,0.258811533,0.088208467,-0.311200082,0.995429397,0.374467164,0.258246958,-0.168213636,0.99846983,0.19115214,0.21450606,-0.025540859,0.996190846,0.358517289,0.541414261,-0.246063188,0.944452465,0.123694576,0.44820863,-0.14447844,0.352252901,0.254386783,0.485488594,-0.510834694,0.938975215,0.10582342,0.41948089,-0.585825443,0.47124061,0.22981301,0.462617755,-0.563660324,0.922416985,0.0609501,0.412504464,-0.657012224,0.488786042,0.237920001,0.415356904,-0.550189555,0.922562957,0.058058839,0.388601273,-0.675995529,0.49868992,0.240505815,0.414939106,-0.498528957,0.908579648,0.080142975,0.395907581,-0.604405165,0.504977703,0.273378402,0.745192289,-0.020941939,0.892887414,0.157661542,0.718025625,0.022163626,0.888483167,0.23459132,1.014243245,0.01286356,0.47482574,0.146040082,1.022997737,0.137558579,0.229428098,0.220901772,1.403526902,0.290373534,0.067264751,0.124539852,1.381212115,0.458858162,0.061265066,0.219770908,1.44656539,0.309767753,0.173288599,0.120619729,1.425686002,0.484861791,0.154317677,0.195098117,1.512355089,0.08774779,0.044537485,0.120756045,1.49212575,0.267061025,0.043031644
Walking,0.269606292,0.057947375,-0.421575129,0.995352209,0.283331096,0.013187676,-0.407683998,0.995858967,0.29275319,0.013075063,-0.40779829,0.99538368,0.302423805,0.013900439,-0.407806724,0.995819032,0.261596888,0.015484408,-0.393123984,0.995815217,0.254520625,0.016439032,-0.393117934,0.994446158,0.248105139,0.017011322,-0.393290281,0.99445796,0.319649071,0.028702276,-0.247372195,0.99773258,0.246222943,0.025853412,-0.174454957,0.996269524,0.285466701,0.092128828,-0.357241541,0.99727422,0.258406699,0.087924816,-0.337131917,0.995882511,0.376651824,0.26445514,-0.150621742,0.998617053,0.183774441,0.212945789,-0.018580692,0.996553779,0.359934926,0.545070887,-0.244516924,0.949907899,0.12477608,0.448706388,-0.160072014,0.415626138,0.277494252,0.494224578,-0.529129803,0.944871545,0.101447895,0.418050975,-0.665455699,0.523136199,0.253993481,0.478637725,-0.595293343,0.929542303,0.068138242,0.415143371,-0.746140659,0.538042545,0.258053869,0.432794392,-0.591404796,0.929687381,0.070093259,0.388798654,-0.767161846,0.547062337,0.261759043,0.430054933,-0.526445031,0.917113781,0.091347106,0.394800305,-0.686372697,0.552909791,0.27023977,0.767229557,-0.015524019,0.903394163,0.149670288,0.72799176,0.017066717,0.899403274,0.230953932,1.113125801,-0.005516204,0.461046994,0.09792231,1.024039984,0.161222667,0.232527554,0.198389083,1.438128471,0.301477492,0.060787372,0.0811527,1.398146272,0.549539626,0.055419337,0.195059687,1.48927021,0.324540645,0.156491548,0.074579254,1.44644165,0.58045119,0.13929373,0.16965279,1.550393224,0.101488851,0.040196724,0.082805626,1.521877885,0.360913426,0.038869068
Walking,0.278600156,0.050320182,-0.383616745,0.995813608,0.29228127,0.011023311,-0.374268502,0.996268392,0.30063647,0.012451414,-0.374399602,0.995841503,0.309281826,0.013683636,-0.374447405,0.996232033,0.270752847,0.006734365,-0.358931839,0.996228755,0.264054656,0.005996692,-0.358919084,0.994996667,0.257711738,0.005140833,-0.359110087,0.995005667,0.326356947,0.028283458,-0.205980569,0.997956395,0.252175957,0.017589141,-0.165434361,0.996638417,0.293516874,0.091867015,-0.330256015,0.997544467,0.26529035,0.082444564,-0.308604658,0.996291339,0.377936304,0.26584819,-0.102586426,0.998745203,0.176788777,0.202705696,-0.03090612,0.996880889,0.360736072,0.544991195,-0.173500806,0.954658628,0.110736415,0.44052726,-0.190598875,0.473214149,0.313692033,0.498555541,-0.482211441,0.950144649,0.102765024,0.410481483,-0.656751513,0.570288956,0.297061026,0.496992081,-0.569127738,0.936030567,0.084782176,0.409215003,-0.727047622,0.583296776,0.300536931,0.446482331,-0.546588302,0.936157823,0.090556584,0.380363673,-0.747527599,0.591459274,0.303958714,0.441372097,-0.507326424,0.924898326,0.104503974,0.383825809,-0.675727427,0.596864581,0.274895191,0.769924343,0.000379568,0.912953138,0.146149188,0.728605568,0.001180737,0.909359455,0.233360693,1.124039888,0.003774704,0.449561089,0.101170696,1.013532639,0.162554398,0.237336829,0.195375353,1.439504981,0.301936328,0.054908846,0.084191144,1.401475906,0.515878081,0.050124589,0.192046389,1.488343596,0.323337436,0.141379535,0.075230546,1.447830319,0.544342339,0.125778183,0.16378668,1.552871227,0.122073293,0.036262069,0.085801944,1.526776791,0.342748851,0.035094164
Walking,0.296514392,0.048306387,-0.402570158,0.996216178,0.309214681,0.010579247,-0.382014573,0.996627688,0.316706091,0.012371583,-0.381985784,0.996239841,0.323530287,0.013458876,-0.38199538,0.996592999,0.282342613,0.003597609,-0.388988465,0.996594071,0.270080864,0.00151839,-0.388924658,0.995481133,0.259781063,-0.000386421,-0.389045388,0.995491683,0.328960955,0.027977299,-0.205611438,0.998147547,0.260436594,0.007905372,-0.236929148,0.99696511,0.303827733,0.090944484,-0.334684402,0.997785628,0.268768221,0.080558218,-0.342323601,0.996658623,0.376595378,0.262140244,-0.109037936,0.998863995,0.170432791,0.193325639,-0.125600874,0.997182906,0.363427639,0.541998208,-0.167219579,0.958106399,0.101024114,0.441550136,-0.284897715,0.525474012,0.32820636,0.503023684,-0.458806098,0.953674197,0.129387558,0.415661752,-0.658641934,0.612647653,0.309006393,0.506483197,-0.542048335,0.938537955,0.103612505,0.414439678,-0.720380187,0.623333275,0.312459618,0.459096938,-0.54038918,0.938548744,0.12693046,0.383158565,-0.724603057,0.630700171,0.313451141,0.451503128,-0.477536291,0.929109871,0.119721964,0.382551461,-0.666668952,0.635703623,0.283431053,0.774141848,0.009634908,0.920777798,0.158919632,0.738257587,-0.007850632,0.917663693,0.247071177,1.14078331,0.051648915,0.4083516,0.129341945,1.018486381,0.121546246,0.21790579,0.215315789,1.464918852,0.378868401,0.049457923,0.102960005,1.426074386,0.411652952,0.045169171,0.212522194,1.516299963,0.401730299,0.127329886,0.094071627,1.473015308,0.43581152,0.113274507,0.186909333,1.580055237,0.205041379,0.032674517,0.106198214,1.551820993,0.205061272,0.03162973
Walking,0.33191523,0.047429301,-0.376361907,0.996586323,0.34284395,0.010480183,-0.332516789,0.99695456,0.349363118,0.012705093,-0.332505316,0.996602535,0.355337948,0.014916655,-0.332361847,0.996919215,0.319369823,0.00021732,-0.360638976,0.996929705,0.308442533,-0.004258021,-0.360574186,0.995927155,0.296732843,-0.008891815,-0.360747129,0.995937586,0.349840611,0.027773656,-0.143838286,0.998319209,0.262911469,-0.006989531,-0.252686083,0.997266233,0.334359705,0.089994952,-0.283222139,0.998002887,0.307686388,0.077148564,-0.313929528,0.996991575,0.378640324,0.260302544,-0.014867229,0.998928607,0.177337542,0.181333646,-0.194454625,0.997458041,0.388058871,0.533385098,-0.047537766,0.948776782,0.117606126,0.443003684,-0.346216172,0.572588563,0.365205586,0.489009351,-0.306085825,0.949977636,0.245060951,0.4187693,-0.499479771,0.650242686,0.347502947,0.50091666,-0.358778119,0.929278851,0.278703153,0.417788237,-0.530086994,0.65746218,0.344962031,0.456786305,-0.344254613,0.928000093,0.284218371,0.384124726,-0.506477058,0.663781762,0.344387829,0.44730708,-0.307299048,0.921458423,0.275912762,0.385060757,-0.485667378,0.668226004,0.29052335,0.780925393,0.044062875,0.92720902,0.181848973,0.768301249,-0.042585686,0.925154567,0.291594177,1.155287385,0.111043751,0.400610745,0.156956136,1.145584345,0.137690976,0.233630359,0.270719767,1.467879057,0.39984864,0.045298133,0.129883379,1.467152953,0.44854793,0.042335667,0.259578139,1.515662789,0.419626474,0.115530357,0.140661314,1.516989112,0.47739321,0.103728734,0.269043356,1.586568594,0.240668967,0.030076414,0.168139219,1.57775557,0.267626017,0.029509131
Walking,0.358596981,0.046986341,-0.349645793,0.996922433,0.368981779,0.010373278,-0.309030831,0.997252405,0.374675989,0.012625016,-0.309087634,0.996934175,0.37937662,0.015170177,-0.308999032,0.997218132,0.345659137,-0.004002855,-0.350474238,0.997233152,0.335082293,-0.010592861,-0.350334495,0.996330142,0.324279517,-0.016693754,-0.350507915,0.996339977,0.368849128,0.027721429,-0.119108461,0.998478413,0.290053427,-0.012142812,-0.252686292,0.997537792,0.35699594,0.089612462,-0.25956139,0.998199046,0.332046509,0.075514168,-0.302604258,0.997291625,0.379018962,0.258748263,0.012247172,0.998997688,0.187458277,0.176821575,-0.201767996,0.997708023,0.388289124,0.526472807,-0.014056551,0.928655863,0.137966082,0.468198478,-0.328366041,0.61490947,0.413080871,0.497892708,-0.308356345,0.945590019,0.305608213,0.438670814,-0.442002922,0.684285045,0.411209285,0.507441401,-0.370103925,0.921860635,0.358544827,0.445128292,-0.469756275,0.689032853,0.411981195,0.464758903,-0.368931085,0.919752896,0.357269615,0.402727038,-0.444769859,0.694482565,0.40887776,0.459366113,-0.315908134,0.916335523,0.343019426,0.395410925,-0.425343335,0.69835639,0.327688098,0.784852445,0.061672013,0.933422387,0.191736564,0.798307538,-0.06013795,0.932086766,0.384334803,1.159836411,0.090831898,0.40368095,0.228540391,1.210597873,0.144805282,0.265035123,0.358017802,1.480260015,0.419667006,0.042062204,0.20068498,1.531367302,0.498975188,0.042339753,0.34252134,1.52759099,0.445701212,0.105641782,0.184884652,1.584172368,0.532980204,0.096104957,0.373068511,1.61983335,0.284266353,0.028499031,0.242625803,1.650454402,0.339214981,0.028911278
Walking,0.383026928,0.05015805,-0.217299774,0.997219324,0.395717621,0.013234192,-0.17922017,0.99751085,0.400838554,0.015947372,-0.17944923,0.997220695,0.405401051,0.018733885,-0.179684058,0.997477889,0.374474138,-0.003500453,-0.214162111,0.99749881,0.364048004,-0.009617509,-0.214181468,0.996684313,0.352991283,-0.015414219,-0.214487642,0.996696115,0.393937409,0.027763676,0.01840272,0.998610735,0.319957882,-0.014122775,-0.133525193,0.99777782,0.378916323,0.090630755,-0.136869639,0.998370349,0.355601639,0.076710053,-0.180688903,0.997559726,0.381761819,0.257423162,0.152547389,0.999054551,0.201756909,0.178291768,-0.127910227,0.997932017,0.397280186,0.52744168,0.145673066,0.897954702,0.149438202,0.50255686,-0.225451395,0.652258575,0.450287431,0.54031378,-0.148427099,0.920266271,0.360188305,0.469527125,-0.340952843,0.714883029,0.457144171,0.56646359,-0.21095252,0.897271931,0.405457258,0.481157899,-0.362986594,0.717545152,0.461325318,0.517693877,-0.210382104,0.896645725,0.40682894,0.440048397,-0.329988867,0.722453177,0.449317157,0.513089478,-0.156987652,0.89354676,0.394403338,0.431023329,-0.308884799,0.725423098,0.350675136,0.794064105,0.107191265,0.936665773,0.239103675,0.826870918,-0.106728397,0.937015533,0.475633144,1.143847108,0.12345992,0.428612202,0.333816618,1.197251081,-0.022941187,0.316369861,0.43386358,1.457014918,0.503946424,0.045364562,0.31164977,1.523516178,0.271221817,0.052979302,0.41174531,1.484458923,0.537996292,0.102645934,0.283317029,1.570469499,0.30455178,0.101146832,0.471082509,1.584056258,0.439563334,0.029333221,0.377685547,1.655670643,0.18028903,0.033613041
Standing,0.511407554,0.055969656,-0.398872405,0.999984264,0.524338126,0.021059036,-0.374371558,0.999952316,0.532764375,0.020884812,-0.374407619,0.999941707,0.540593743,0.020472139,-0.374431163,0.999928117,0.500242829,0.022966862,-0.370507717,0.99993062,0.492373526,0.025417209,-0.370529562,0.999915123,0.485697031,0.027858227,-0.370576769,0.999900341,0.552249908,0.034268558,-0.234389588,0.999943256,0.479516983,0.043108463,-0.221213147,0.999886274,0.528630435,0.093546309,-0.348027289,0.999994278,0.500090778,0.090891659,-0.34407866,0.999993563,0.596936762,0.245996535,-0.18170242,0.999944448,0.446971834,0.246314734,-0.121754825,0.999853969,0.622525454,0.419127047,-0.24093917,0.996349931,0.421510607,0.401794106,-0.184748366,0.974078238,0.60041976,0.526941419,-0.468350828,0.994859219,0.419217587,0.515538692,-0.468307555,0.969390154,0.598994493,0.57057786,-0.535699069,0.989687383,0.41453132,0.55464226,-0.534335911,0.957678318,0.586412549,0.556139588,-0.56072551,0.990254462,0.424603164,0.551362395,-0.562893748,0.959483504,0.585307479,0.541029394,-0.481844813,0.987400353,0.428957552,0.538907766,-0.487138182,0.950421333,0.559705853,0.553895593,-0.00230132,0.999678493,0.483578295,0.561014891,0.002420623,0.999563873,0.58478713,0.745432615,-0.286980003,0.665486634,0.455723703,0.759819269,-0.267085105,0.776158512,0.574359179,0.950966537,0.038434874,0.398712188,0.479065955,0.971963525,0.033621717,0.610312104,0.56563282,0.983414352,0.061380498,0.431045532,0.492613077,1.005069017,0.053096402,0.465301275,0.584949255,1.044665217,-0.092183232,0.414711326,0.467771143,1.067982912,-0.119340695,0.547287107
Standing,0.523941398,0.079690173,-0.502136886,0.99998498,0.53470993,0.046255488,-0.480659962,0.999956012,0.542126775,0.045399718,-0.480741739,0.999946177,0.549273372,0.044775374,-0.480890185,0.9999336,0.513795197,0.046818346,-0.478566736,0.999936283,0.505658984,0.047121089,-0.478697062,0.999922097,0.498672664,0.047687005,-0.478783667,0.999908805,0.561900556,0.05182505,-0.31808567,0.999948204,0.490714848,0.057001468,-0.309312314,0.999896705,0.536992431,0.112547621,-0.43857187,0.999994636,0.51419127,0.114535406,-0.436148882,0.99999404,0.611394107,0.248329148,-0.212313935,0.999946058,0.448767602,0.246759266,-0.178811193,0.999856651,0.635386348,0.447668791,-0.234494567,0.996302664,0.421456516,0.440215766,-0.252534926,0.975546718,0.60621804,0.537560344,-0.466749817,0.994334042,0.44987011,0.512923181,-0.571734548,0.970902979,0.599027872,0.580069423,-0.534452021,0.988197029,0.463268906,0.536424577,-0.639303684,0.958913624,0.586417854,0.556137264,-0.559636831,0.988835454,0.471572161,0.509686351,-0.65446955,0.96063292,0.585637867,0.541118503,-0.47946462,0.986165404,0.469373047,0.503334224,-0.58243978,0.951750755,0.56575954,0.608597755,-0.002761226,0.999588251,0.481162161,0.597384453,0.002922752,0.999462903,0.579758525,0.890777826,-0.066129327,0.679547429,0.456276655,0.876033127,0.005969543,0.785270452,0.573361516,1.067323565,0.392377675,0.379429668,0.465040773,1.078644514,0.361484706,0.593825161,0.565548778,1.090928912,0.430292934,0.413223535,0.471094519,1.108728766,0.390688002,0.4427858,0.582642496,1.17344594,0.284877211,0.39044556,0.458185256,1.182835937,0.214074284,0.522374511
Standing,0.531112731,0.08436913,-0.498313725,0.999985635,0.541257977,0.051729593,-0.475787252,0.999959528,0.548452556,0.051005602,-0.475860208,0.999950409,0.555542052,0.050518297,-0.475994408,0.999938846,0.52056551,0.051419593,-0.475085914,0.999941587,0.51223582,0.051284518,-0.475215912,0.999928653,0.504819036,0.051695798,-0.475299746,0.999916673,0.567699552,0.05612845,-0.311192513,0.999952734,0.49506864,0.061346464,-0.307708889,0.999906301,0.542678952,0.116997018,-0.434179723,0.999994993,0.520926356,0.119558804,-0.43323645,0.999994457,0.616883636,0.24991177,-0.206078365,0.999946713,0.450658262,0.247696713,-0.184702545,0.999856591,0.641994059,0.457419753,-0.196494728,0.996374369,0.421009839,0.455562681,-0.257417887,0.977376521,0.605882347,0.538972199,-0.41564855,0.994175613,0.467364371,0.511975706,-0.552001655,0.972631574,0.595894992,0.580914021,-0.478755534,0.987224996,0.481161892,0.531766057,-0.612518489,0.960131526,0.584219992,0.555544376,-0.494330496,0.98789525,0.489633948,0.502999902,-0.627738476,0.961730361,0.584908903,0.541101158,-0.423056126,0.985422909,0.487136215,0.495635957,-0.560995936,0.953136027,0.570579648,0.624682844,-0.00100903,0.9995116,0.479382455,0.613391757,0.001274508,0.999356627,0.582662284,0.925948441,-0.055296443,0.700898051,0.457771152,0.91310817,0.021440048,0.797632396,0.573363543,1.120512247,0.383038461,0.370679855,0.458576024,1.124326706,0.356533706,0.580650866,0.565549433,1.148774147,0.418533236,0.405899614,0.462167501,1.158724666,0.384166956,0.423220575,0.583849311,1.228949785,0.271233708,0.370707124,0.452622175,1.226065159,0.201816291,0.49968341
Standing,0.529024959,0.086923443,-0.463659942,0.999985516,0.54030323,0.054014366,-0.439837635,0.999961436,0.547710657,0.053370263,-0.439899683,0.999952853,0.554765701,0.052790828,-0.43999368,0.999941826,0.517597854,0.052146949,-0.437567294,0.999945164,0.509502888,0.051522717,-0.437648833,0.999933243,0.502832115,0.051651854,-0.437710851,0.999922395,0.568648696,0.056757413,-0.286812007,0.999956071,0.496485382,0.060368009,-0.296241939,0.999914348,0.541959107,0.119221553,-0.408254921,0.999995112,0.518442512,0.122333929,-0.413879871,0.999994695,0.618917286,0.250611186,-0.177849919,0.999945879,0.452917248,0.246519282,-0.139910191,0.999858737,0.642823994,0.463579863,-0.152252063,0.996333897,0.418971866,0.445802391,-0.199891478,0.978900909,0.600617647,0.546810389,-0.324897379,0.993586838,0.467997402,0.511676073,-0.483891249,0.973883033,0.587676346,0.586845458,-0.382764399,0.985441029,0.484088957,0.530478954,-0.542327106,0.960604012,0.579022288,0.556518316,-0.400700897,0.986233234,0.493408293,0.505485296,-0.547765732,0.962119877,0.580824435,0.543064177,-0.332071662,0.983863294,0.490339994,0.49719581,-0.487574875,0.953608632,0.569456398,0.639380336,-0.003881593,0.999355257,0.477100939,0.625434041,0.004311905,0.999174297,0.582177043,0.937246263,-0.047163453,0.718739748,0.462286949,0.915387452,0.023893226,0.810327232,0.564583957,1.131203294,0.389068067,0.35580492,0.45701465,1.125945568,0.347339064,0.565907776,0.55916661,1.160238981,0.424486786,0.387630671,0.460601091,1.160041332,0.374551415,0.405484736,0.568245769,1.232982516,0.27912271,0.346042901,0.450106144,1.223439455,0.198874071,0.473601937
Standing,0.53159976,0.085357144,-0.482033163,0.999984503,0.543220103,0.051644802,-0.460768849,0.999962091,0.55044055,0.051001295,-0.46087414,0.999953687,0.557200015,0.050456349,-0.461022764,0.999943078,0.519122124,0.050729062,-0.455981195,0.999947488,0.510665178,0.050489962,-0.456050813,0.999936163,0.504073739,0.050832186,-0.456158876,0.999926507,0.570681691,0.055326775,-0.304271758,0.999958038,0.497943878,0.059548013,-0.285152078,0.999920726,0.544564605,0.118223265,-0.421557993,0.999994934,0.520199776,0.122015625,-0.41627866,0.999994695,0.622348845,0.25062421,-0.198145121,0.999942303,0.453585714,0.245913148,-0.154458478,0.999853134,0.645143688,0.465397388,-0.183748662,0.996170819,0.417840183,0.444440544,-0.220582396,0.980232656,0.597030759,0.552996099,-0.373885036,0.992251694,0.473635346,0.512432456,-0.504276037,0.974378586,0.584130645,0.59332943,-0.436589718,0.982025087,0.489776224,0.532548845,-0.563947499,0.959511995,0.575285673,0.562676787,-0.454351246,0.983066618,0.499803394,0.510096133,-0.566389978,0.961057127,0.576539516,0.549473643,-0.381861866,0.980820298,0.496020645,0.500880301,-0.508131325,0.952568829,0.570540369,0.642888069,-0.009534075,0.99902457,0.47694844,0.629354119,0.010118531,0.998764873,0.582225621,0.934096634,-0.068307735,0.732779026,0.46579355,0.915289223,0.038469277,0.81700176,0.56277597,1.140916348,0.360206306,0.342616022,0.456048399,1.132046819,0.376510441,0.54346925,0.557493985,1.170282125,0.394080669,0.370769382,0.459278166,1.167099118,0.405307293,0.388355494,0.564382851,1.245082498,0.240236163,0.322771758,0.448173821,1.230045676,0.227276683,0.44515124
Standing,0.532551348,0.084012866,-0.481705278,0.999983311,0.544720054,0.049931768,-0.459122181,0.99996233,0.552107394,0.049391456,-0.459240764,0.999954104,0.558900118,0.04879063,-0.459380925,0.999943912,0.520301998,0.049434964,-0.454242527,0.999949217,0.511828423,0.049771596,-0.45431155,0.999938369,0.505433977,0.05068212,-0.454425633,0.999929726,0.571663976,0.054571185,-0.298266739,0.999959528,0.498661995,0.059191026,-0.276894212,0.99992609,0.545700192,0.117079154,-0.419659674,0.999994576,0.520629108,0.119547367,-0.41331768,0.999994516,0.621115983,0.250608146,-0.196496487,0.999937832,0.453457534,0.244531676,-0.151383638,0.999844313,0.643405914,0.463798106,-0.183495909,0.99602145,0.416614354,0.441465646,-0.217693165,0.981066048,0.595632374,0.556212366,-0.369191021,0.991424978,0.471842438,0.514370322,-0.502555251,0.973961532,0.583507538,0.595897079,-0.432049334,0.98002404,0.489208549,0.533453345,-0.563588977,0.957305253,0.574249089,0.564589143,-0.450066954,0.98115778,0.499364197,0.513462901,-0.566557705,0.958942413,0.575240254,0.551529944,-0.377065718,0.978882015,0.49555546,0.503812551,-0.508543432,0.950459063,0.571213543,0.645082772,-0.010846168,0.998651505,0.4762052,0.634521842,0.01141341,0.998418152,0.57980299,0.931939006,-0.036423367,0.746362567,0.465883017,0.921369672,0.026611438,0.824888825,0.561637282,1.124798894,0.415115535,0.333400607,0.456366003,1.132616997,0.362704992,0.529902816,0.556578517,1.151869535,0.451642185,0.357967585,0.460587502,1.165272951,0.391200334,0.377058655,0.563382506,1.226461411,0.303195179,0.30439508,0.447911114,1.231374502,0.210973188,0.423601836
Standing,0.532480121,0.076499946,-0.486352205,0.999982357,0.545580029,0.043809567,-0.463272184,0.999962449,0.553368211,0.043368962,-0.463387966,0.999954641,0.56039083,0.043190487,-0.46353513,0.999944627,0.520046294,0.043500949,-0.458779633,0.999950528,0.511547685,0.043524515,-0.458861828,0.999940336,0.505191982,0.04408624,-0.458987296,0.999932468,0.573360026,0.04955367,-0.302057862,0.999961019,0.49809581,0.054423094,-0.280561447,0.999930799,0.54649508,0.111393653,-0.424192488,0.999994278,0.520327568,0.115423247,-0.417926133,0.999994397,0.621749699,0.249271154,-0.199596167,0.999934018,0.453395039,0.243650377,-0.158377066,0.999836147,0.644514024,0.465102553,-0.191639185,0.995963275,0.415838957,0.445601135,-0.217985705,0.981755972,0.595289469,0.558569372,-0.389083207,0.99088949,0.474093676,0.516148508,-0.501277089,0.974036098,0.584531724,0.598746717,-0.453522503,0.978501976,0.493391126,0.534086168,-0.56294632,0.956160128,0.5744344,0.5673666,-0.472112179,0.979754806,0.501987815,0.514964998,-0.568617225,0.957866907,0.575047612,0.553762674,-0.397619605,0.977588117,0.497395098,0.505334318,-0.508456826,0.949437082,0.57236135,0.647983789,-0.011722428,0.998292863,0.47503686,0.638097286,0.012291316,0.998086095,0.578148901,0.943711519,-0.042463917,0.758290052,0.465725243,0.936296344,0.027306959,0.830796838,0.561392844,1.137500405,0.424493879,0.323989868,0.455838203,1.1472615,0.374694824,0.515146315,0.556738675,1.165824175,0.462877035,0.347894937,0.460728168,1.181479692,0.404215395,0.36530292,0.563020229,1.241108656,0.31591934,0.287671953,0.446528971,1.248863578,0.224613354,0.402317554
Standing,0.531690657,0.070684619,-0.48601079,0.999982119,0.545060039,0.03794454,-0.463791519,0.999963641,0.552991509,0.037743293,-0.46389991,0.99995631,0.560011089,0.037980109,-0.464034975,0.999946654,0.519271135,0.037381366,-0.458452761,0.999952972,0.510957062,0.037129343,-0.45853591,0.999943495,0.504630208,0.037373457,-0.458651692,0.999936402,0.572673202,0.04523243,-0.306110591,0.999962866,0.497895062,0.048862092,-0.281007349,0.999935925,0.546223462,0.106130801,-0.425530374,0.999994159,0.519826174,0.109735206,-0.418145806,0.999994457,0.621271193,0.2489364,-0.204798698,0.999930978,0.453249991,0.24212712,-0.159302771,0.999835849,0.643410146,0.466245741,-0.186259598,0.995800555,0.414927483,0.444043517,-0.216636807,0.982677937,0.594852269,0.558112442,-0.365252197,0.990151167,0.47298342,0.517330647,-0.500363469,0.974233568,0.585049629,0.598872066,-0.42747131,0.976645768,0.491619766,0.534903347,-0.56052357,0.955203414,0.574564815,0.56764847,-0.446639597,0.97807008,0.50136286,0.515848279,-0.567305088,0.956985116,0.574905515,0.553946078,-0.373393595,0.975981772,0.497481495,0.50600785,-0.505831659,0.948630393,0.573128343,0.652363956,-0.011978694,0.997987807,0.475035578,0.641585708,0.012531082,0.997801125,0.578368187,0.945012808,-0.036682762,0.767368972,0.467154175,0.922487378,0.049207311,0.83447206,0.564102471,1.146174312,0.404133499,0.315568775,0.457193911,1.150604844,0.385882348,0.496360749,0.561044574,1.174802184,0.440006196,0.337174743,0.462517738,1.183761239,0.414867878,0.351057529,0.563227057,1.249199152,0.291296691,0.272402704,0.447112173,1.251840234,0.238510609,0.380012751
Standing,0.530996621,0.066890426,-0.47873497,0.99997896,0.544781923,0.033621959,-0.456002384,0.999960899,0.552799523,0.033838354,-0.456114471,0.99995327,0.559761345,0.034642518,-0.456234127,0.999943674,0.518637478,0.032004341,-0.450853258,0.999951601,0.510384977,0.031405285,-0.450929105,0.999941945,0.504089177,0.031517293,-0.451040089,0.999935865,0.572206497,0.043414947,-0.29954356,0.999960721,0.497364223,0.043810911,-0.276453286,0.999937236,0.545949578,0.102959938,-0.419057071,0.999992907,0.519150615,0.105560601,-0.41198343,0.999993622,0.62076813,0.248878971,-0.202725008,0.999920726,0.45280534,0.241719946,-0.157801896,0.999816239,0.642655969,0.473885089,-0.1823401,0.995627344,0.413027704,0.444765896,-0.211895272,0.98328954,0.594241738,0.556763232,-0.361957192,0.989563346,0.474683702,0.518378079,-0.490219176,0.974096298,0.58523643,0.5977844,-0.425045073,0.975147903,0.492959976,0.536768198,-0.549178541,0.953670979,0.574376702,0.567573488,-0.441020578,0.97663933,0.502414763,0.51674825,-0.557904005,0.955472231,0.574277699,0.553196907,-0.36873287,0.974637389,0.498287857,0.50682646,-0.49562031,0.947164059,0.57359302,0.653290033,-0.014115155,0.997690499,0.474381685,0.646168709,0.014680709,0.997464299,0.575600207,0.939079046,-0.014790076,0.772652566,0.469287694,0.920848072,0.087899998,0.832875371,0.564008415,1.151432395,0.403320402,0.303435683,0.457455695,1.155767202,0.421557367,0.469475329,0.561085761,1.18121171,0.436849117,0.323586822,0.463820636,1.18881309,0.450774342,0.333502501,0.563241005,1.250708222,0.286092401,0.255816162,0.452246517,1.254897118,0.276697516,0.355078638
Standing,0.529244184,0.061889775,-0.496997923,0.999978602,0.543619156,0.027921062,-0.473356158,0.999961734,0.552414238,0.028529551,-0.473469108,0.999954581,0.559329569,0.029641313,-0.47358638,0.999945223,0.517002046,0.026460377,-0.467085123,0.999953389,0.509643853,0.026160637,-0.467172712,0.999944329,0.503543675,0.026788993,-0.46729064,0.999938726,0.571736276,0.040831905,-0.313083142,0.999962151,0.496947914,0.040772185,-0.283918232,0.999941111,0.545719087,0.099145688,-0.436228991,0.999992728,0.517845273,0.0992079,-0.427579343,0.999993503,0.620190918,0.248438045,-0.216739252,0.999916613,0.452393442,0.241499096,-0.164227337,0.999811411,0.642381132,0.470808029,-0.221647739,0.995567501,0.411322266,0.447147906,-0.234126374,0.984093964,0.59360224,0.555893183,-0.424611986,0.989270926,0.475187927,0.518486381,-0.529757738,0.974799573,0.584423423,0.596980095,-0.492507458,0.974301934,0.493329346,0.537230611,-0.59381187,0.953959405,0.573504925,0.567317963,-0.506129801,0.975865304,0.503025711,0.517243683,-0.601098657,0.955760658,0.573370516,0.552958369,-0.430969298,0.97388047,0.498574883,0.507223427,-0.535746098,0.947573781,0.573566794,0.6565997,-0.014475701,0.997439563,0.47383514,0.649646401,0.015035707,0.997215927,0.575784624,0.946125686,-0.029938931,0.780468941,0.469067514,0.927835345,0.057367347,0.837472141,0.572592854,1.154662251,0.410632133,0.294945121,0.458022505,1.165611267,0.397489429,0.45299992,0.570542932,1.184596658,0.446436495,0.312473506,0.463779777,1.198421597,0.426618516,0.318336219,0.572773516,1.256589293,0.291752845,0.242915928,0.453087866,1.268359065,0.246186107,0.335485786
Standing,0.527778804,0.059966799,-0.490746021,0.999977529,0.54295361,0.025241189,-0.46798268,0.999961257,0.552338898,0.025894336,-0.468213648,0.99995476,0.559212923,0.027137946,-0.468428433,0.999945223,0.515547991,0.024239974,-0.457293421,0.999953508,0.508621454,0.024011267,-0.457333714,0.999944985,0.502301633,0.024725951,-0.45746851,0.999939442,0.571502984,0.039759904,-0.304721206,0.999962747,0.496094078,0.03929583,-0.263023794,0.999943256,0.545469761,0.098607942,-0.428060919,0.999992132,0.516281486,0.097900361,-0.413915962,0.999992967,0.619732738,0.248422772,-0.209241912,0.999911487,0.45156613,0.24150531,-0.149587631,0.999801099,0.640581727,0.471617669,-0.20621264,0.995194793,0.41160208,0.447608858,-0.231723741,0.984007239,0.585096478,0.555780888,-0.387072146,0.987735689,0.473147064,0.519313037,-0.523425698,0.973759353,0.576157153,0.598332107,-0.45228529,0.970889568,0.489475161,0.53941685,-0.584900796,0.95133543,0.564800382,0.567902803,-0.467740834,0.972776353,0.499611288,0.517668545,-0.598620772,0.953356683,0.564883769,0.552896798,-0.394055247,0.970902145,0.495481163,0.507615089,-0.532615721,0.945031226,0.57340008,0.657281876,-0.014797078,0.997233868,0.472042263,0.652017653,0.015369964,0.99696511,0.576812863,0.951349318,-0.040121116,0.783691049,0.469047487,0.932129562,0.055371366,0.836206079,0.57671982,1.164819002,0.394675016,0.284014225,0.458422273,1.174998522,0.392999709,0.432393074,0.575237334,1.195064425,0.42998749,0.299442768,0.464359611,1.209323883,0.421958625,0.302173823,0.577238679,1.267689943,0.274183571,0.229247972,0.454241753,1.277547836,0.241146892,0.314568967
Standing,0.526207924,0.05961347,-0.466940224,0.999976635,0.541632414,0.025184046,-0.443263769,0.99996078,0.551570177,0.025761854,-0.443447053,0.999955475,0.558527768,0.026891049,-0.443624109,0.999945283,0.514033854,0.024097268,-0.435192823,0.99995327,0.507472575,0.023847286,-0.435243756,0.99994576,0.501076162,0.024437478,-0.435366631,0.99993962,0.570537508,0.039115861,-0.280189633,0.999963641,0.495576769,0.038740132,-0.246035427,0.999945402,0.544775605,0.098364308,-0.404155165,0.999991596,0.514853835,0.097281277,-0.393269867,0.999992371,0.619590759,0.248151928,-0.177923173,0.999911129,0.450948298,0.241480932,-0.135590374,0.999793828,0.640573025,0.472215176,-0.189104915,0.995252013,0.41153565,0.447523654,-0.226122499,0.984729171,0.586395502,0.555558741,-0.389014065,0.988023341,0.471557319,0.518532038,-0.516821504,0.97500217,0.57774812,0.596732676,-0.454328358,0.97139281,0.486821562,0.539723694,-0.579049528,0.952875555,0.566305339,0.567737222,-0.469318867,0.973297238,0.496900558,0.516840219,-0.593888104,0.95486927,0.566364169,0.552746952,-0.395966738,0.97158426,0.493407071,0.506935835,-0.526412368,0.946937203,0.573186815,0.660986781,-0.011957452,0.997273326,0.471721083,0.65561378,0.012624855,0.996977746,0.579532325,0.970194817,-0.042025998,0.788157225,0.468885094,0.957345724,0.029983666,0.835634351,0.576151252,1.208929777,0.377655268,0.266166717,0.458715826,1.22138226,0.362556547,0.401424229,0.573799789,1.243454337,0.411230892,0.280486733,0.463256747,1.259228945,0.390347332,0.278439879,0.574674726,1.314225316,0.255017459,0.212018549,0.455197513,1.324265718,0.210902974,0.288752913
Standing,0.523736596,0.057074759,-0.466838986,0.999972105,0.539614916,0.022562485,-0.443042815,0.999954462,0.549999356,0.02299667,-0.443226278,0.999949396,0.557325244,0.024006525,-0.443400472,0.999937415,0.512338221,0.021419229,-0.434936285,0.9999488,0.506069958,0.021032803,-0.434999615,0.999941766,0.499666601,0.021414293,-0.435127825,0.999935806,0.569182992,0.036614835,-0.280688554,0.99995786,0.494937271,0.035860084,-0.248338789,0.999942958,0.542499661,0.096937999,-0.404196203,0.999989271,0.51213491,0.093972526,-0.393746525,0.999990463,0.619369388,0.248705819,-0.178860962,0.999887288,0.44894439,0.241505221,-0.135026425,0.999777615,0.639575541,0.476895899,-0.198901892,0.994750261,0.410276592,0.452678561,-0.219758198,0.985220432,0.581704974,0.554848909,-0.397372663,0.985828817,0.471831083,0.518654823,-0.504998147,0.975108027,0.574104369,0.593000829,-0.46171999,0.966674387,0.488240957,0.541348279,-0.565529585,0.951925337,0.562826335,0.55961448,-0.470251739,0.968860865,0.499098957,0.51705575,-0.571380496,0.953861356,0.563389659,0.54501766,-0.401768148,0.967145145,0.494146913,0.507173777,-0.509870946,0.945625365,0.573658049,0.660075486,-0.018266317,0.996945858,0.471362293,0.656007767,0.0188733,0.996620297,0.579563498,0.96740824,-0.052712608,0.791545093,0.46928829,0.960162044,0.070832953,0.833089709,0.575599074,1.216183186,0.343963802,0.258350611,0.458942413,1.22561574,0.39911899,0.385762006,0.573130727,1.250590801,0.375196993,0.269914061,0.46346122,1.265139222,0.426535189,0.26568073,0.574120164,1.323253751,0.207545757,0.20232372,0.45522505,1.328744888,0.242089823,0.273646504
Standing,0.523011744,0.056202307,-0.457899183,0.999970794,0.539001763,0.021999862,-0.432952881,0.999952257,0.549634814,0.02237286,-0.433090299,0.9999488,0.557108819,0.02328545,-0.433200896,0.99993521,0.511516035,0.020659503,-0.42686224,0.999947608,0.505233407,0.020282883,-0.426941961,0.999942124,0.498736918,0.020641312,-0.42708236,0.999935448,0.569086373,0.035658609,-0.26664719,0.999957263,0.493853241,0.035477716,-0.237982556,0.999944389,0.541538477,0.096635073,-0.39403072,0.999988019,0.510975897,0.093684375,-0.385350645,0.99998939,0.619546413,0.248962939,-0.162281305,0.999879599,0.447172403,0.242271915,-0.128313243,0.999765873,0.640673041,0.48302412,-0.185149685,0.995008588,0.409873813,0.4549115,-0.219386011,0.986342132,0.582269073,0.554561615,-0.39414081,0.98639214,0.473929703,0.51862061,-0.505006015,0.976964176,0.574018121,0.592893541,-0.458994389,0.967644155,0.491730124,0.542040169,-0.566046417,0.954839826,0.562878311,0.559343338,-0.465984404,0.969768405,0.503125906,0.517259717,-0.571595848,0.956702232,0.563388467,0.544552684,-0.397869647,0.96838814,0.497706473,0.507353961,-0.509855151,0.949121594,0.574079514,0.669104099,-0.01534407,0.997033954,0.47147423,0.66455549,0.016203849,0.996695697,0.58131212,0.979132652,-0.050157316,0.790915489,0.469318092,0.973529637,0.06469398,0.822849751,0.575928688,1.242407799,0.351843894,0.236008286,0.459194481,1.253774047,0.394590735,0.351303875,0.575397849,1.282088757,0.383522451,0.247595981,0.462288946,1.298186779,0.421723276,0.241837353,0.570924699,1.349052548,0.20878002,0.183889881,0.459851027,1.355600595,0.231645271,0.248267993
Standing,0.520847678,0.055156812,-0.45042482,0.999961197,0.536881089,0.021193828,-0.426062912,0.999935746,0.547382832,0.021507142,-0.426208347,0.999933243,0.555140972,0.022411779,-0.426338106,0.999914229,0.510352552,0.01957624,-0.418988138,0.999932945,0.504013777,0.018926917,-0.419087261,0.999928653,0.49763599,0.018895619,-0.419242799,0.999921024,0.567156553,0.035034336,-0.26491195,0.999942183,0.493577391,0.033708274,-0.232248589,0.999930859,0.53891021,0.096001349,-0.388861477,0.999982536,0.508884847,0.092141755,-0.379255176,0.999985099,0.619413257,0.249421924,-0.162386328,0.99983573,0.446629614,0.242289394,-0.119481817,0.999727964,0.638581991,0.481059998,-0.160365671,0.993997455,0.408303589,0.456169963,-0.187991053,0.985513031,0.582427561,0.554343998,-0.341252655,0.982184887,0.473080724,0.518417418,-0.469362438,0.973951757,0.57263124,0.592637718,-0.398867458,0.959453702,0.490141243,0.541980445,-0.526506782,0.949169397,0.561740518,0.557700217,-0.407638013,0.961994231,0.501264274,0.516910672,-0.533040404,0.951083899,0.561249673,0.543368638,-0.344635457,0.96020472,0.496449322,0.507038474,-0.474271536,0.942533433,0.573975742,0.667525709,-0.015073528,0.996409655,0.470758677,0.663842738,0.015912255,0.995979548,0.579836011,0.966671348,-0.08298827,0.797111928,0.471052319,0.962213635,0.047000356,0.820190191,0.575013161,1.210248113,0.351129502,0.241798624,0.46737808,1.228115797,0.392806232,0.346097827,0.573609293,1.245825171,0.382841051,0.251784176,0.469764173,1.265164495,0.423243195,0.236924872,0.570911884,1.31795907,0.215328142,0.185193941,0.4686988,1.334171534,0.23853597,0.240680143
Standing,0.52068615,0.054027423,-0.451108932,0.999958158,0.536356211,0.020266403,-0.427666187,0.999930739,0.546704054,0.020524919,-0.427798033,0.999930024,0.554436564,0.021325694,-0.427925259,0.999908328,0.510015905,0.01867315,-0.420998156,0.999929011,0.503638327,0.018062292,-0.421084225,0.999926507,0.497174591,0.01804262,-0.42122373,0.999917567,0.565844178,0.033518583,-0.2672382,0.999939322,0.493009806,0.032873344,-0.236230806,0.99992913,0.538492978,0.094978832,-0.390663326,0.999980032,0.50856328,0.091271371,-0.381610334,0.999983072,0.619317174,0.250358552,-0.165763959,0.999810219,0.445859373,0.242495075,-0.120354794,0.999697447,0.636085033,0.484483838,-0.167849436,0.99388808,0.408485562,0.458350956,-0.192557037,0.985709727,0.581214607,0.554213703,-0.3560929,0.981322706,0.47289142,0.51902765,-0.472536653,0.973790288,0.571147263,0.587654173,-0.41580382,0.957441509,0.490450382,0.542265892,-0.533317566,0.948114276,0.561541796,0.554099917,-0.424709499,0.960128725,0.500486672,0.517019212,-0.544751763,0.950021803,0.561467052,0.541496634,-0.359924585,0.958293557,0.495537937,0.507086694,-0.481293201,0.941349983,0.573880017,0.669428706,-0.015927568,0.996002614,0.470441401,0.666641831,0.01669335,0.995506406,0.57852304,0.962896466,-0.081729129,0.805304229,0.471049786,0.965105891,0.069787502,0.820436597,0.568138421,1.222751975,0.35033071,0.239256263,0.468190372,1.245538354,0.409108579,0.336074829,0.56657505,1.256418347,0.382531226,0.24691385,0.470612109,1.285545826,0.437469244,0.229488432,0.560513675,1.334973335,0.216080502,0.178688958,0.468361318,1.350127697,0.247147366,0.22928831
Standing,0.520717263,0.054090124,-0.435759783,0.999958634,0.536211848,0.020431181,-0.408071905,0.999931991,0.546458423,0.020671023,-0.408186495,0.999932051,0.554076731,0.021431953,-0.408237696,0.999910295,0.509887993,0.01889411,-0.403969675,0.999930978,0.503441215,0.018333998,-0.404018402,0.999929249,0.496888012,0.018340448,-0.404143184,0.999920189,0.564957023,0.033546969,-0.234139517,0.999941111,0.491952002,0.033101175,-0.213218257,0.99993223,0.538315713,0.095015198,-0.370900542,0.999979496,0.508512497,0.091434926,-0.364821494,0.999982595,0.618797958,0.250349015,-0.139710993,0.99981463,0.444189221,0.2444821,-0.099080496,0.999692857,0.635973573,0.476835519,-0.156292379,0.994288862,0.407592356,0.467606127,-0.193229452,0.986868799,0.581335783,0.55234015,-0.364237398,0.982597351,0.47268647,0.516565859,-0.519611478,0.975947678,0.571688473,0.586072981,-0.426016241,0.960145414,0.490653813,0.539130688,-0.587081075,0.952063501,0.562153995,0.55323112,-0.436877906,0.962615371,0.500281274,0.514208555,-0.588798404,0.953808963,0.562121332,0.540719271,-0.369384468,0.961045146,0.495511234,0.505220771,-0.523754537,0.945834696,0.573798656,0.672731459,-0.015727449,0.996228933,0.469707668,0.670244873,0.016507907,0.99574399,0.57782191,0.970178485,-0.068383589,0.797632277,0.471004546,0.968265116,0.073484547,0.807209313,0.567944646,1.256993294,0.335259497,0.218514606,0.468040317,1.276024699,0.394585162,0.306596935,0.56659174,1.296499848,0.364085078,0.226152942,0.470318139,1.319883585,0.421435356,0.209720731,0.558711112,1.361807227,0.186998159,0.162370443,0.469099045,1.377242804,0.239712119,0.208360672
Standing,0.520795941,0.054082293,-0.458414942,0.999959826,0.536241293,0.020354915,-0.431788445,0.999933839,0.546426177,0.020437224,-0.431938171,0.999934673,0.554024577,0.021081386,-0.432019651,0.999912858,0.509794652,0.019063823,-0.426119626,0.999933302,0.503259659,0.018524745,-0.426210403,0.999932289,0.496582896,0.018563176,-0.426332414,0.999922931,0.564947605,0.033252381,-0.251129925,0.999943852,0.49123612,0.033203464,-0.219732493,0.999935389,0.538465858,0.094707586,-0.390909135,0.999979615,0.508549631,0.091521487,-0.382653058,0.999982595,0.620159745,0.250812143,-0.149597168,0.999810815,0.444222748,0.244717404,-0.106773995,0.999682903,0.637635112,0.47936818,-0.163718283,0.99446243,0.406644344,0.469662398,-0.194163129,0.98752743,0.581495762,0.552510142,-0.364581287,0.98294276,0.47302255,0.515881121,-0.531580567,0.977043509,0.572462261,0.58563298,-0.428544432,0.960503936,0.491452873,0.538631141,-0.596879482,0.95351404,0.562571824,0.552698076,-0.441636473,0.962942541,0.501475036,0.514101744,-0.598846138,0.955143929,0.56241852,0.540378213,-0.371973485,0.96147871,0.49651137,0.505194843,-0.535617709,0.947345197,0.573845208,0.675113559,-0.016407769,0.996156514,0.469376147,0.674110174,0.017168928,0.995701373,0.582141519,0.974853516,-0.088161096,0.807353318,0.470916748,0.980402052,0.062576339,0.814648271,0.571246505,1.270974278,0.316975296,0.213379681,0.468454689,1.299516797,0.389210045,0.300800592,0.569739699,1.309294581,0.347092807,0.219015881,0.470766395,1.346118927,0.420183659,0.202965453,0.561903834,1.383904219,0.166791826,0.154510856,0.46846047,1.403428197,0.208317131,0.198976487
Standing,0.520396113,0.054098055,-0.459492296,0.999961495,0.535383582,0.020389225,-0.433163971,0.999937057,0.545465946,0.020494971,-0.433314383,0.999938309,0.553162873,0.021146795,-0.433387578,0.99991715,0.509066343,0.019102139,-0.427437007,0.9999367,0.502614319,0.01856585,-0.427535385,0.999936163,0.495827109,0.018649627,-0.427650303,0.999926865,0.564134896,0.033267152,-0.251478851,0.999946952,0.490805387,0.034118611,-0.220586985,0.999939561,0.537992775,0.09472511,-0.393021137,0.999980271,0.508142114,0.091646068,-0.384759039,0.999983132,0.620079875,0.252107441,-0.1558716,0.999814808,0.444264591,0.24480623,-0.110461928,0.999689281,0.637700915,0.480399758,-0.167752996,0.994719148,0.406287611,0.46795246,-0.19609791,0.988178015,0.58241719,0.552488267,-0.383792371,0.983760774,0.472575128,0.515953898,-0.529371202,0.978216946,0.573162973,0.584714174,-0.448935926,0.96221596,0.49075073,0.538645327,-0.593830645,0.955402911,0.562677801,0.551718771,-0.460782677,0.964565873,0.499665558,0.51395154,-0.599900842,0.956962943,0.562681198,0.539606333,-0.389977336,0.96315074,0.495287567,0.505168974,-0.535076499,0.949527264,0.573804379,0.675331473,-0.015058048,0.996263921,0.46922645,0.673989177,0.01579812,0.995815635,0.581800342,0.975886226,-0.058256723,0.815585375,0.470744193,0.974363804,0.070560977,0.820334911,0.571488976,1.262138486,0.32229653,0.207792535,0.465244234,1.279080868,0.391406715,0.288073987,0.569823921,1.300053954,0.352905333,0.21060802,0.466912419,1.321956515,0.418708026,0.192747727,0.563367486,1.370088339,0.179274872,0.146234885,0.467120498,1.381672382,0.216242522,0.186595917
Standing,0.520395219,0.053854387,-0.458253294,0.999957085,0.535370827,0.020427547,-0.432313383,0.999930143,0.545429349,0.020474222,-0.432471454,0.999932826,0.55311352,0.021056095,-0.432564557,0.999908745,0.509003282,0.019227717,-0.426400036,0.999930859,0.502503276,0.018730868,-0.426497161,0.999931335,0.495717853,0.01882286,-0.426620781,0.999920428,0.564109921,0.033123497,-0.255825073,0.999942482,0.490768611,0.034237083,-0.22681272,0.999934971,0.537984252,0.094499208,-0.392795324,0.99997741,0.50812453,0.091533281,-0.38434881,0.99998045,0.620139718,0.253480494,-0.15866296,0.999790847,0.444287449,0.244802743,-0.112032458,0.999663532,0.637813687,0.484821945,-0.169943541,0.994270205,0.406388462,0.467471153,-0.196154356,0.987900913,0.582413077,0.552433372,-0.38292098,0.981271029,0.472504854,0.515964985,-0.522895217,0.976846218,0.572759032,0.583989978,-0.446528018,0.956953704,0.490457356,0.53846854,-0.585401416,0.952247024,0.56207037,0.550850272,-0.456681639,0.959657013,0.499381125,0.51376307,-0.589440703,0.953846037,0.562607944,0.538736463,-0.388342202,0.9579826,0.495084614,0.505145967,-0.527610183,0.94576174,0.573833346,0.677520216,-0.01514931,0.99586904,0.4686746,0.676356614,0.015870353,0.995329082,0.581501067,0.97351402,-0.097641483,0.822280943,0.47069484,0.971211135,0.068738401,0.821338773,0.570856929,1.259112,0.284438938,0.212366685,0.465247065,1.27676785,0.391268194,0.286548167,0.568317533,1.295811415,0.313840479,0.212064356,0.46693182,1.319711447,0.41765517,0.191350013,0.563836873,1.369816899,0.137997136,0.145679146,0.466228336,1.379457593,0.218649551,0.181872472
Standing,0.5201298,0.054119352,-0.464624077,0.999949932,0.535025358,0.020883329,-0.439682811,0.999920189,0.544962287,0.020892933,-0.439846933,0.999922693,0.552644491,0.02140736,-0.439966589,0.999896526,0.508732378,0.019698504,-0.434746355,0.999921978,0.50223124,0.019195018,-0.434843957,0.999922037,0.495505571,0.019165933,-0.434986413,0.999910891,0.563488424,0.033573166,-0.267005265,0.999933064,0.490758181,0.035430141,-0.245347381,0.999926388,0.53757602,0.095012791,-0.399671793,0.999973416,0.507887006,0.092250451,-0.392918646,0.99997741,0.619207263,0.253460914,-0.159356415,0.999772608,0.44398123,0.245111257,-0.122319542,0.999637246,0.637610555,0.483571529,-0.157001823,0.993519902,0.406431526,0.46780467,-0.196297199,0.986955345,0.581037879,0.552443087,-0.344747603,0.978814363,0.472383976,0.517298579,-0.502207935,0.973386824,0.569752574,0.583792329,-0.403245449,0.952062726,0.490504175,0.538666189,-0.563213646,0.946164548,0.559596658,0.550714314,-0.41617012,0.954932153,0.499192148,0.514084637,-0.570925713,0.947826028,0.560663342,0.538695455,-0.350010067,0.952481449,0.494878352,0.505920172,-0.508232296,0.938555896,0.573807299,0.676208854,-0.012844311,0.995170295,0.468650013,0.674697399,0.013454514,0.994566977,0.582168639,0.973223984,-0.073792443,0.822823644,0.470670789,0.966574013,0.055016804,0.816907048,0.569912314,1.232043266,0.321127832,0.219701156,0.463775814,1.257054925,0.375946611,0.289694726,0.565518022,1.260344744,0.352760017,0.217889994,0.465223402,1.290701866,0.402711332,0.192259908,0.564014792,1.346341014,0.191145584,0.149626136,0.464843571,1.362051368,0.208425477,0.181345373
Standing,0.520146251,0.054154061,-0.477515548,0.999941766,0.535027862,0.020905681,-0.452880293,0.999908924,0.544955969,0.020933049,-0.453045517,0.999911904,0.552619934,0.021442844,-0.453173161,0.999882579,0.508726895,0.0198681,-0.447535127,0.999912202,0.502191544,0.019412417,-0.447645485,0.99991262,0.495480537,0.019354783,-0.447795302,0.999900818,0.563467741,0.033609647,-0.284508616,0.999923944,0.4907704,0.035669561,-0.259363413,0.999918222,0.537561119,0.095019944,-0.41352272,0.999968767,0.507902026,0.092459954,-0.406150192,0.999973834,0.618728399,0.25361675,-0.180393666,0.999735892,0.443611622,0.245232567,-0.133997709,0.999605298,0.636421263,0.485363811,-0.184638053,0.993043363,0.406544596,0.469650179,-0.205974966,0.98652184,0.577480853,0.552622914,-0.374940902,0.976170003,0.472348273,0.518275559,-0.507409215,0.971829474,0.564927936,0.583727121,-0.434654057,0.947042167,0.490410715,0.53871429,-0.568665564,0.943215013,0.555392683,0.550139427,-0.442476571,0.950043738,0.499117196,0.514144003,-0.575950384,0.944863796,0.556915641,0.538389981,-0.378512084,0.947433293,0.494630963,0.506027102,-0.513292909,0.935144603,0.573605537,0.675644815,-0.013126491,0.994752944,0.468146414,0.673639178,0.013715014,0.994088173,0.582979321,0.972211301,-0.070612155,0.827049792,0.47066015,0.964590967,0.061762255,0.817816615,0.57004863,1.231532335,0.337414593,0.224170059,0.463783026,1.255491018,0.392788142,0.290454328,0.565578461,1.259316921,0.3702268,0.220599741,0.465268463,1.289780736,0.420670033,0.192829445,0.565840721,1.34354794,0.207174063,0.150015295,0.464726746,1.359622478,0.229775041,0.179107636
Standing,0.519917369,0.053711317,-0.479962677,0.999933541,0.534981191,0.020144152,-0.455495447,0.999898791,0.544923127,0.020213461,-0.455663383,0.999902248,0.552579343,0.020794827,-0.455798775,0.999870241,0.508315027,0.018851291,-0.449330479,0.999902844,0.501616061,0.018367585,-0.449424565,0.999903321,0.494876146,0.018377228,-0.449578702,0.999890864,0.563466609,0.033340238,-0.28931725,0.999915898,0.490426123,0.034891337,-0.259759605,0.99990952,0.537341237,0.094693318,-0.416727245,0.999964416,0.507473409,0.092101827,-0.408140659,0.999970317,0.618523419,0.254337817,-0.184372067,0.999695063,0.443495929,0.245433971,-0.133872688,0.999551654,0.636427879,0.485857934,-0.184665695,0.992139518,0.406467021,0.473104268,-0.207498714,0.985468864,0.57800287,0.553551197,-0.375026673,0.972512782,0.472393572,0.518566966,-0.511525512,0.968643546,0.566036642,0.584069133,-0.434824228,0.939785004,0.491646826,0.538650155,-0.573608935,0.937126338,0.556137264,0.549557507,-0.44384867,0.943164349,0.500208497,0.514059663,-0.578760684,0.938814998,0.557561576,0.537771583,-0.378892452,0.940157175,0.494536877,0.5060637,-0.516695976,0.92787683,0.573374689,0.676137328,-0.013672955,0.994023263,0.468009651,0.673521698,0.01425381,0.993316174,0.581067204,0.970982432,-0.059144806,0.829389155,0.470563322,0.964177191,0.066500336,0.818884075,0.569836736,1.230184913,0.354727119,0.231541589,0.462192237,1.2527951,0.395763963,0.295672089,0.565400422,1.259009004,0.387382925,0.224376634,0.463963449,1.288458586,0.423323482,0.194513127,0.565971792,1.341878295,0.220799252,0.153059378,0.462315172,1.356484294,0.231242776,0.179940984
Standing,0.519946814,0.054607656,-0.485922188,0.999934554,0.534962296,0.021438986,-0.462019145,0.999901175,0.544853091,0.021648481,-0.462177187,0.999904752,0.55248946,0.022321433,-0.462279618,0.999873459,0.50830847,0.019879693,-0.456324339,0.999905109,0.501609087,0.019392254,-0.456408828,0.999905407,0.494878441,0.019252723,-0.456540495,0.999892831,0.56345427,0.035460476,-0.293894529,0.999918163,0.490474701,0.036085866,-0.266946733,0.999911726,0.537338793,0.095598198,-0.421787828,0.999964714,0.507512927,0.092913479,-0.413960695,0.999970436,0.617743313,0.254416049,-0.184658214,0.99969703,0.443951666,0.245357871,-0.133899182,0.999537468,0.636200964,0.48576659,-0.1843054,0.992349207,0.407509506,0.473141789,-0.209258512,0.985585213,0.578501344,0.553329289,-0.375667751,0.973488629,0.472622216,0.517890096,-0.529218793,0.969020307,0.566593051,0.582211792,-0.434938341,0.941754699,0.491561592,0.536373496,-0.593285263,0.937690616,0.556653798,0.548248231,-0.445167243,0.944960475,0.500128746,0.510827661,-0.599152982,0.939228356,0.558007598,0.536945105,-0.379668891,0.941907763,0.494438797,0.50424093,-0.534914196,0.928361893,0.57278955,0.677728415,-0.013457526,0.994082868,0.467802942,0.67310077,0.01403187,0.993336976,0.580520749,0.973878503,-0.040780574,0.833250344,0.470367491,0.963314056,0.069124058,0.822650552,0.568703651,1.239532948,0.348619372,0.232712343,0.459356397,1.251670361,0.393094867,0.293512225,0.563855171,1.271288037,0.374598771,0.224107936,0.460825443,1.287993193,0.420520872,0.192925647,0.565964818,1.348951697,0.201172262,0.150405169,0.459225595,1.355006218,0.228659913,0.175690278
Standing,0.520077467,0.054583509,-0.491599232,0.999936223,0.534998775,0.021437634,-0.467870146,0.999903381,0.544854522,0.021612568,-0.468003571,0.999907672,0.552470088,0.022245307,-0.468107074,0.999876261,0.508309722,0.019934295,-0.461485684,0.999907672,0.501590729,0.019462913,-0.461577952,0.999908686,0.494863808,0.019333547,-0.461709082,0.999895811,0.563523769,0.035333667,-0.30071041,0.999920785,0.490473986,0.036109056,-0.270210713,0.999915123,0.537425518,0.095580131,-0.427582115,0.999964952,0.507730424,0.092948303,-0.418803513,0.999970734,0.618282437,0.255440235,-0.188583404,0.999687493,0.444467932,0.245407015,-0.138608098,0.999534428,0.636801779,0.488446116,-0.195116907,0.992518008,0.40745458,0.472668082,-0.225339562,0.986086249,0.577109933,0.55354315,-0.386058033,0.973741531,0.474570841,0.517693281,-0.539598048,0.969780743,0.561475635,0.581155062,-0.444010168,0.941894352,0.496381372,0.53646332,-0.601995349,0.938326895,0.552123666,0.547293484,-0.449532896,0.945048451,0.50389874,0.510859668,-0.604246855,0.939860582,0.555041313,0.536623716,-0.387863934,0.942066967,0.497992218,0.504266441,-0.543443859,0.929322004,0.57319206,0.680319607,-0.013056053,0.99413085,0.46831584,0.672863364,0.013641869,0.993446112,0.582911611,0.981047332,-0.044539444,0.840463042,0.470345676,0.965143442,0.068422586,0.828741074,0.573924184,1.260857344,0.346330583,0.232558131,0.459776968,1.277066827,0.392057836,0.290345252,0.569576561,1.296941161,0.374189675,0.223906189,0.460885227,1.319381237,0.420335948,0.188466161,0.572247863,1.373844743,0.2011123,0.147684395,0.459991693,1.382453084,0.222405583,0.170142591
Standing,0.519493461,0.054703277,-0.489155591,0.999937952,0.534137845,0.021745063,-0.467516184,0.999906361,0.543813527,0.021995928,-0.467642367,0.99991101,0.551590145,0.022669762,-0.467758119,0.999880195,0.508055508,0.020160073,-0.458771467,0.999910533,0.501446605,0.019713566,-0.458841383,0.999911964,0.494811147,0.019590706,-0.458975703,0.999899089,0.563071132,0.035987794,-0.29728207,0.999923825,0.490705311,0.036838133,-0.264866263,0.999918342,0.536881864,0.095677271,-0.427288204,0.999965787,0.507513165,0.092971057,-0.415176719,0.99997139,0.618274808,0.255363196,-0.187019244,0.999692023,0.445085615,0.245205685,-0.136418164,0.999540448,0.636879444,0.484693259,-0.192825437,0.992653966,0.408094406,0.472486705,-0.224693656,0.986490786,0.577419162,0.553974152,-0.38570264,0.974074662,0.474461645,0.51647532,-0.548827827,0.970763385,0.562501073,0.581182718,-0.443857133,0.942627668,0.496057659,0.535588503,-0.614575267,0.93998462,0.552697301,0.547354996,-0.450841039,0.945751488,0.503566921,0.510323107,-0.618254602,0.94146359,0.555718303,0.53663975,-0.387681812,0.942767441,0.497540146,0.503753245,-0.553898573,0.931185305,0.57284987,0.679921389,-0.013134601,0.994279206,0.468326092,0.67268604,0.01372077,0.993565559,0.582897186,0.979501069,-0.046460051,0.845303237,0.469882727,0.9626652,0.071514785,0.831951737,0.573755264,1.255002618,0.324534446,0.235579729,0.458886862,1.274352908,0.392962247,0.287757576,0.569522619,1.29014504,0.352098972,0.225676462,0.460197031,1.317006707,0.420267582,0.1860248,0.572093427,1.366869092,0.179280967,0.146998972,0.459053516,1.37938118,0.227489144,0.166003719
Standing,0.51940459,0.054726541,-0.466594368,0.999934971,0.533883512,0.02216685,-0.445183516,0.999902368,0.543390751,0.022468233,-0.445323288,0.999907315,0.551177382,0.02313705,-0.445417494,0.999875009,0.508053899,0.020501224,-0.437715203,0.99990803,0.501450717,0.020076759,-0.437801182,0.999909878,0.49490267,0.019940866,-0.437945902,0.999897063,0.562826276,0.036730871,-0.284929693,0.999919891,0.4915874,0.037184853,-0.251913279,0.999917388,0.536713958,0.095679507,-0.406675965,0.999963939,0.507502913,0.092932403,-0.39601174,0.999970317,0.61823386,0.255297095,-0.17764093,0.999680758,0.445830017,0.244882375,-0.134730965,0.999543667,0.636935651,0.476606101,-0.165488645,0.992346466,0.408461571,0.470752925,-0.224507958,0.986890793,0.584045589,0.554324746,-0.351057082,0.973080575,0.474889815,0.514738739,-0.537778735,0.971594036,0.570461035,0.584121883,-0.410230011,0.941239715,0.495600164,0.534735441,-0.60331881,0.941425323,0.559315801,0.549300551,-0.425315142,0.944433749,0.503482759,0.510162294,-0.605863631,0.942794502,0.561877549,0.537672877,-0.357388079,0.941578984,0.497841507,0.503545702,-0.542029023,0.932702899,0.572603822,0.67982316,-0.012839098,0.994315088,0.468470901,0.67264241,0.013429324,0.99362576,0.582877338,0.978466988,-0.045353364,0.846483707,0.469709575,0.960986495,0.079832114,0.832705498,0.573204339,1.245783806,0.325765997,0.23445937,0.458883345,1.251400471,0.404896319,0.282909602,0.568443537,1.279005408,0.354054421,0.223863691,0.460325658,1.289404154,0.432852328,0.18375811,0.572018623,1.355873942,0.180131808,0.143820435,0.45885998,1.353338838,0.250449389,0.161195859
Standing,0.519522429,0.054809097,-0.461436599,0.999930978,0.533927441,0.022392705,-0.438603878,0.999898374,0.543413877,0.022719156,-0.438765585,0.999903083,0.551180243,0.023405958,-0.438854873,0.999870539,0.508158088,0.020592261,-0.43258056,0.999904335,0.501532853,0.020164378,-0.432652801,0.999905765,0.495053232,0.020015558,-0.432795763,0.999892771,0.562898278,0.037067559,-0.276689857,0.999914885,0.49167037,0.037425801,-0.249652505,0.999913812,0.536748111,0.095720388,-0.400612742,0.999961197,0.507645786,0.092950001,-0.392151564,0.99996829,0.617868841,0.25486201,-0.173072666,0.999672115,0.446704954,0.243825704,-0.134491578,0.999512672,0.636635423,0.470841676,-0.144829467,0.991827786,0.409374088,0.469375879,-0.218274027,0.986289501,0.584451318,0.554318964,-0.307417572,0.971750975,0.476598322,0.512649715,-0.513559937,0.969707668,0.570667863,0.584384978,-0.363493621,0.939449191,0.498467982,0.534617424,-0.576586366,0.938542128,0.560759008,0.549834073,-0.38002938,0.942692101,0.504811525,0.51007992,-0.581884682,0.93991679,0.563114166,0.537913203,-0.313821942,0.93968159,0.499805063,0.503262222,-0.518934131,0.929541945,0.571986318,0.679515183,-0.012338782,0.994385481,0.468593419,0.671366394,0.012918437,0.993574619,0.580295146,0.971536934,-0.018265819,0.843030632,0.469703436,0.948615611,0.096792325,0.826192975,0.567972124,1.214713693,0.338229358,0.2353504,0.459125131,1.205957174,0.430377811,0.275313795,0.563071728,1.243983746,0.365351319,0.225059271,0.460445404,1.236556292,0.460118711,0.18148382,0.567513824,1.318773508,0.204807252,0.142895371,0.459899664,1.305608153,0.287627041,0.156235009
Standing,0.519738615,0.055000052,-0.44622007,0.999935091,0.534209609,0.022712182,-0.421939313,0.999904513,0.543610573,0.023018757,-0.422118187,0.999909341,0.551249862,0.023700496,-0.422216952,0.999878466,0.508376241,0.020971239,-0.416009247,0.999909937,0.501699328,0.020510631,-0.416064501,0.999911666,0.495375484,0.020322388,-0.416175514,0.99989897,0.563182533,0.0374122,-0.257141054,0.999920726,0.492219627,0.037718397,-0.228796169,0.999919772,0.536866903,0.09575665,-0.38381514,0.999963284,0.507736564,0.093039393,-0.37549895,0.9999699,0.617948174,0.254007787,-0.156113163,0.99968946,0.44739908,0.243829593,-0.112032652,0.99952364,0.637503982,0.470215857,-0.137589902,0.992319822,0.409493625,0.469299316,-0.199508801,0.987056673,0.585303426,0.554450333,-0.30794853,0.973479629,0.478135675,0.511590898,-0.49691534,0.971617401,0.570885777,0.586158931,-0.366903603,0.943024516,0.501113772,0.534513235,-0.560766339,0.942082047,0.560849249,0.551353991,-0.380796373,0.946059227,0.506620526,0.51013118,-0.56446445,0.943341076,0.563444972,0.538951576,-0.313305318,0.943306446,0.50171572,0.503241539,-0.501393676,0.933593214,0.571817517,0.681031227,-0.012352603,0.994715512,0.468604952,0.672265649,0.012938718,0.993896961,0.580895066,0.974636734,-0.027432892,0.847388268,0.468602508,0.95545572,0.086793549,0.831484854,0.569319308,1.226225972,0.340823174,0.227522403,0.456636041,1.218515992,0.402229458,0.267212927,0.565085471,1.256924391,0.369493544,0.216792002,0.457824618,1.252652645,0.429667056,0.175817207,0.567805886,1.331166029,0.209153324,0.135278225,0.456460148,1.314386606,0.254670531,0.148505583
Standing,0.519310117,0.056325447,-0.465191543,0.9999367,0.533968091,0.024810422,-0.442677677,0.999907553,0.543357432,0.025384961,-0.442832172,0.999912202,0.551029742,0.026245074,-0.442928612,0.999882519,0.508347869,0.022548959,-0.436172664,0.999912858,0.501695454,0.02185232,-0.436236948,0.999914527,0.495410115,0.021491688,-0.436371326,0.999902368,0.563128948,0.03979744,-0.280825704,0.999923468,0.493101597,0.038156815,-0.249820709,0.999922514,0.536466837,0.09677992,-0.403327048,0.999964416,0.507599473,0.093338996,-0.394323885,0.999970853,0.617945194,0.253705084,-0.179527655,0.999693155,0.448305666,0.243343115,-0.132557705,0.999532402,0.637519658,0.469826847,-0.17554526,0.99228847,0.41152215,0.469076276,-0.219451278,0.987061203,0.585285544,0.554459453,-0.356031954,0.973094881,0.480098069,0.511228859,-0.515742898,0.971365333,0.570507646,0.586468637,-0.417347103,0.942236364,0.503442347,0.534535587,-0.580023527,0.941638887,0.560861647,0.551650643,-0.430198044,0.945280313,0.508908868,0.510633171,-0.585039258,0.942834675,0.563448191,0.539009511,-0.361340463,0.942214072,0.503672779,0.503376842,-0.520684123,0.932764232,0.571810722,0.680841088,-0.013373172,0.994471073,0.46896252,0.671994865,0.013934838,0.993635654,0.581203163,0.972407222,-0.03035658,0.851406097,0.467805475,0.952366412,0.083158389,0.83515656,0.569921792,1.21339643,0.336840868,0.242450103,0.455196857,1.216197252,0.389993161,0.280141652,0.565677822,1.24227941,0.365598142,0.226996198,0.456831276,1.250037909,0.416446775,0.183481306,0.568601131,1.320158005,0.206357211,0.143430337,0.453604311,1.315054536,0.239989758,0.154402584
Standing,0.520691872,0.057628103,-0.456775367,0.999939442,0.535158098,0.025881674,-0.432931125,0.999911606,0.544385195,0.026451632,-0.433108032,0.999916613,0.551604927,0.027336285,-0.4331972,0.999887705,0.509045005,0.023858866,-0.427896112,0.999916732,0.502080262,0.023296049,-0.427968174,0.999918878,0.495880902,0.023084812,-0.428087145,0.999906778,0.56376493,0.040966075,-0.266836315,0.999927521,0.493092597,0.0399362,-0.242094755,0.999927104,0.537382841,0.097608343,-0.393284619,0.99996537,0.508305907,0.095102355,-0.38607043,0.999971688,0.617821336,0.253660887,-0.164489672,0.999701619,0.448487341,0.243384674,-0.124000594,0.999536753,0.637033582,0.470233381,-0.163880974,0.992663026,0.411518753,0.470775425,-0.218427971,0.987818718,0.580887198,0.554353356,-0.348500162,0.974381208,0.480046451,0.511008859,-0.515900314,0.973188341,0.565059006,0.586622238,-0.409536302,0.945058048,0.503923059,0.535321236,-0.580472171,0.945053458,0.55465728,0.55170083,-0.420891851,0.947921038,0.508927464,0.51197201,-0.585063815,0.94616431,0.557848632,0.53907007,-0.353331149,0.945170105,0.503669143,0.503669262,-0.520751357,0.936769128,0.571804643,0.681910753,-0.013363907,0.994792342,0.468969256,0.673262239,0.013929768,0.993955851,0.581378937,0.9747172,-0.035657916,0.854511201,0.467738003,0.954654455,0.081652127,0.837987125,0.570427001,1.243773699,0.334477574,0.231974572,0.455472797,1.243351936,0.390188634,0.267590195,0.566715121,1.277308583,0.36281088,0.218143076,0.457097709,1.281642199,0.416490853,0.176391959,0.568612218,1.350824952,0.201854587,0.134820431,0.453936636,1.342671394,0.239226729,0.145305023
Standing,0.521293104,0.059008121,-0.506617725,0.999939024,0.535511017,0.02690996,-0.485017449,0.99991256,0.544691443,0.027440455,-0.485140234,0.999916136,0.551801324,0.028291879,-0.485212266,0.99988842,0.509464443,0.025060816,-0.479037225,0.999918103,0.502408445,0.024520567,-0.479124933,0.999919474,0.496418953,0.02433436,-0.479243219,0.999908686,0.564197898,0.041705787,-0.321661055,0.999926567,0.493602514,0.040924326,-0.294299036,0.999928176,0.537840962,0.098402783,-0.444163024,0.99996531,0.509145975,0.096355923,-0.435984313,0.999972045,0.618324637,0.254626602,-0.208716184,0.999695897,0.448881924,0.243611872,-0.171183005,0.999546468,0.63862431,0.470935643,-0.187417895,0.992094874,0.411945283,0.470695704,-0.243625611,0.987356961,0.581507027,0.555800855,-0.358109355,0.972123086,0.479967177,0.511451066,-0.530953765,0.970796824,0.566122651,0.588175178,-0.416349113,0.940386117,0.502701402,0.536021829,-0.593033493,0.940717578,0.557159841,0.55331111,-0.428600162,0.943198144,0.508719146,0.512168407,-0.60015285,0.941725969,0.559707284,0.540458024,-0.363032669,0.940020621,0.503356397,0.503687978,-0.536804378,0.931565702,0.571799159,0.681733608,-0.012750657,0.99465698,0.469075918,0.673223555,0.013256324,0.993932605,0.579633117,0.968408942,0.012512887,0.852772057,0.467253149,0.946205318,0.091669358,0.8396945,0.569818854,1.206600666,0.397438228,0.24754557,0.454313368,1.205235839,0.413285434,0.281602234,0.565156877,1.234387636,0.427573204,0.230585322,0.456249416,1.235513568,0.441497087,0.186956778,0.569821656,1.311770082,0.270619243,0.145525634,0.451287597,1.307294846,0.265096277,0.154664829
Standing,0.521451473,0.061735403,-0.470561922,0.999931335,0.535524726,0.02928436,-0.44911775,0.999901831,0.544692934,0.029774535,-0.449275672,0.999905407,0.551805139,0.030542908,-0.449394077,0.999874651,0.509656787,0.027791319,-0.443854094,0.999908984,0.502669811,0.027360171,-0.443931669,0.999910593,0.496874332,0.027311452,-0.444082737,0.999899626,0.56423521,0.043719921,-0.292054415,0.999916673,0.494444788,0.04366105,-0.267264277,0.99992162,0.537895381,0.100543998,-0.409858942,0.999961197,0.509752154,0.099143662,-0.402438164,0.999969065,0.618798912,0.254949987,-0.187113687,0.999682426,0.449430704,0.244246647,-0.155777112,0.999541759,0.638608873,0.47110942,-0.173545942,0.991652727,0.412010372,0.469299436,-0.216697335,0.98706156,0.58074224,0.555427909,-0.346358836,0.970116556,0.479877055,0.512043715,-0.4915995,0.969873667,0.565523267,0.587582827,-0.404068083,0.937047958,0.500161767,0.536628723,-0.55063498,0.939155221,0.556249499,0.553176761,-0.414626449,0.939961076,0.507339358,0.513736665,-0.557950079,0.940163016,0.558504224,0.540327847,-0.350790679,0.936560035,0.502509177,0.504776239,-0.497116417,0.929741383,0.571454644,0.680233181,-0.012722452,0.994395852,0.469082743,0.672542572,0.013228668,0.993629694,0.579849601,0.967496753,-0.039053671,0.848784149,0.467249632,0.945215285,0.064157024,0.833339036,0.569931865,1.202392697,0.336813837,0.245356321,0.45451194,1.204568982,0.378855884,0.277254879,0.565378428,1.230578661,0.366577387,0.228961572,0.456422031,1.237183094,0.406209886,0.185922891,0.569927156,1.307843804,0.218134195,0.142896816,0.451069415,1.304396033,0.233479768,0.150999501
Standing,0.521872818,0.064670943,-0.49706012,0.999931276,0.535843909,0.03156054,-0.475261748,0.999903083,0.544930458,0.03221073,-0.475404352,0.999905825,0.551944196,0.033129513,-0.475507647,0.999876142,0.510085285,0.029827043,-0.469957978,0.999910414,0.50300914,0.029347928,-0.470045954,0.999911487,0.497308016,0.029284965,-0.470189899,0.999901414,0.564341366,0.046808809,-0.310719043,0.999916911,0.494722933,0.046065144,-0.285909712,0.99992317,0.538114429,0.103120632,-0.433662415,0.999961376,0.510036588,0.101949364,-0.426319987,0.999969482,0.618777394,0.257580787,-0.197654337,0.999676108,0.449766219,0.244283676,-0.163703457,0.999541521,0.638315082,0.473152757,-0.179180726,0.991180897,0.412962347,0.469524086,-0.236911774,0.986880779,0.580450118,0.555520654,-0.351610065,0.96818608,0.481111377,0.512267292,-0.520423472,0.968580782,0.565214276,0.587402344,-0.408208996,0.93315506,0.503365159,0.536913216,-0.581009507,0.936434507,0.556276619,0.552997351,-0.418298185,0.936116576,0.508683205,0.514106214,-0.586224318,0.937369525,0.558537066,0.540276766,-0.355798364,0.93244487,0.503912628,0.505149305,-0.525032163,0.926417887,0.5709939,0.681414783,-0.012555865,0.994189799,0.469072908,0.672553062,0.013063135,0.993358135,0.578612685,0.967504382,-0.01252103,0.846607983,0.466235071,0.941847086,0.088654019,0.831942797,0.567988515,1.204546332,0.359385163,0.249357,0.451492846,1.206899643,0.415616572,0.278181374,0.562951624,1.233763933,0.388153642,0.232420072,0.452785164,1.239595175,0.444401979,0.187730208,0.567965388,1.311059594,0.229088619,0.144826755,0.449289083,1.30743897,0.26723966,0.151725516
Standing,0.522830009,0.072641559,-0.481876463,0.999921858,0.536328197,0.040637832,-0.461544126,0.999890268,0.545205474,0.041218702,-0.461721241,0.999892771,0.552099109,0.041849077,-0.461869001,0.999859154,0.510796607,0.038506974,-0.456594229,0.999900103,0.503604293,0.03810871,-0.456682354,0.999901533,0.498048246,0.037908599,-0.456854343,0.999891877,0.564396143,0.053434372,-0.297433168,0.999907076,0.495235682,0.052227296,-0.272746116,0.999916971,0.538635314,0.109328263,-0.41730684,0.999956369,0.510549307,0.108994611,-0.410063446,0.999966323,0.618633211,0.257924616,-0.181727499,0.999642313,0.449947417,0.245884433,-0.147626787,0.999530673,0.636793792,0.47444737,-0.164338872,0.990234792,0.412946045,0.471146345,-0.22550182,0.986621678,0.579247236,0.555778861,-0.337230951,0.963424742,0.482936531,0.512586951,-0.513305008,0.967603803,0.563804686,0.58736366,-0.393235028,0.925340414,0.50701493,0.536887884,-0.5748173,0.934656799,0.555120111,0.552993596,-0.405282646,0.928428531,0.511817217,0.514065087,-0.57854259,0.935446262,0.557417154,0.540470481,-0.342161536,0.924516082,0.506030798,0.505303681,-0.517413914,0.923843026,0.570943594,0.683124185,-0.012555365,0.993757963,0.469011962,0.674334884,0.013063513,0.992992103,0.578674853,0.973080277,-0.025409844,0.846472442,0.464920044,0.951414406,0.067811124,0.832846284,0.565639257,1.205358744,0.356635332,0.2533409,0.451513231,1.210902214,0.384110272,0.285954326,0.560307086,1.235558867,0.385912061,0.235984117,0.453067064,1.24296701,0.410945415,0.19234255,0.56552285,1.313846469,0.226191401,0.147161916,0.448918581,1.311807632,0.228569508,0.155035257
Standing,0.523649335,0.079840399,-0.475976855,0.999915481,0.536520481,0.047449034,-0.457048178,0.999880254,0.545325398,0.047525473,-0.457232863,0.999884367,0.552192807,0.047767762,-0.457381785,0.999846041,0.51108253,0.046658028,-0.452958256,0.999891996,0.503833294,0.046911024,-0.453069121,0.999895096,0.498444974,0.047324944,-0.453248024,0.99988389,0.564396501,0.05748653,-0.293427885,0.999900818,0.495358557,0.05937665,-0.272361219,0.999913692,0.539734781,0.114759549,-0.410785913,0.99995178,0.511066616,0.114977352,-0.404343516,0.999963284,0.618830621,0.25854823,-0.171781749,0.999625921,0.449940771,0.246257439,-0.145056278,0.999531925,0.636447012,0.474761158,-0.145390153,0.989624023,0.413679272,0.471099883,-0.22277233,0.986539602,0.579624057,0.55534941,-0.317131221,0.96080184,0.483015209,0.51284492,-0.513449252,0.967416644,0.567226291,0.58676064,-0.371088564,0.92158246,0.506414115,0.536909342,-0.574931264,0.934578955,0.55806601,0.552643597,-0.387185991,0.924874306,0.511437595,0.514049888,-0.579003513,0.935374498,0.55986017,0.539986908,-0.323521554,0.921071112,0.505762875,0.505311608,-0.517732024,0.923675537,0.570927858,0.683288038,-0.011912752,0.993690848,0.468919426,0.675394237,0.012438615,0.9930076,0.578650117,0.972617567,-0.025244609,0.847216189,0.464973778,0.950886369,0.068165138,0.833800972,0.565727592,1.207781434,0.355739087,0.253432184,0.455023468,1.212486982,0.385353297,0.287663609,0.560590088,1.238124847,0.385294974,0.237826064,0.457014084,1.245095015,0.412200153,0.194715589,0.565493047,1.316089869,0.228095219,0.146455213,0.452445209,1.313697219,0.230181068,0.154408544
Standing,0.526067257,0.080798447,-0.459115446,0.999913156,0.538224518,0.048472166,-0.437281042,0.999877214,0.546494126,0.048640493,-0.437450707,0.999881923,0.553080201,0.048813947,-0.437579334,0.99984169,0.513055146,0.047854345,-0.434454143,0.999889672,0.505394816,0.04801055,-0.434564173,0.999893546,0.499966681,0.048680484,-0.434724808,0.999881804,0.564580858,0.0582866,-0.270218909,0.999899864,0.495937109,0.060916729,-0.254998654,0.99991405,0.541195512,0.115824193,-0.393237442,0.999950051,0.512995422,0.11615435,-0.388598233,0.999962211,0.61883986,0.258565187,-0.161316946,0.999625206,0.4500269,0.248379365,-0.133688912,0.999534369,0.636396229,0.474752963,-0.150005996,0.989338219,0.414863527,0.474292159,-0.223206758,0.986805797,0.579533756,0.554377198,-0.330467165,0.96021378,0.487382501,0.512946486,-0.518221259,0.968012989,0.56663537,0.584101915,-0.385653913,0.920750439,0.511676908,0.536895394,-0.580906451,0.935529828,0.556941628,0.550050318,-0.398286402,0.924112737,0.518326581,0.513937294,-0.581750274,0.936324835,0.559218585,0.538067698,-0.335946918,0.920212924,0.511943161,0.505316913,-0.521324992,0.924625397,0.572999835,0.685803533,-0.012241795,0.993550956,0.470293522,0.679746509,0.012776805,0.993016839,0.582060933,0.976458669,-0.052001059,0.846722245,0.465043604,0.955773413,0.033650376,0.835666537,0.575792789,1.218653321,0.34682855,0.249965891,0.457532018,1.232744932,0.344759971,0.290178001,0.57185328,1.249363661,0.378527284,0.235918999,0.460812628,1.268377662,0.370831937,0.196261019,0.575664461,1.328215241,0.222680613,0.143951699,0.453760058,1.335442662,0.190584809,0.153447106
Standing,0.526578307,0.083759427,-0.458507687,0.999907613,0.538485885,0.050779544,-0.437185198,0.999870837,0.546689332,0.050585043,-0.437352002,0.999875128,0.553258419,0.050506596,-0.437474877,0.999833345,0.513251364,0.051129006,-0.433705389,0.999884784,0.505542457,0.051485851,-0.433798075,0.999888539,0.500174642,0.052266005,-0.433956772,0.999877214,0.56458199,0.059182227,-0.272094816,0.999893188,0.496065289,0.063274682,-0.254710346,0.999912083,0.541865051,0.118148975,-0.393872082,0.999947131,0.513677537,0.119134106,-0.388482541,0.999960959,0.618788242,0.259003937,-0.160072058,0.999614775,0.450419337,0.249180883,-0.133772284,0.999533117,0.635786355,0.474529654,-0.131755248,0.988419414,0.414860815,0.474167645,-0.21904406,0.986811578,0.579859376,0.554348171,-0.295524597,0.957545042,0.487638146,0.513577104,-0.504790306,0.967076719,0.567267537,0.583601713,-0.349112689,0.917022407,0.511288941,0.537718415,-0.566047132,0.933827221,0.559832811,0.549608409,-0.363947988,0.920477092,0.518850684,0.514409482,-0.569290161,0.934621632,0.561529279,0.537734568,-0.301413625,0.916015804,0.511741519,0.505802214,-0.508700967,0.92259258,0.57297802,0.685996711,-0.011518656,0.993436098,0.47041446,0.679466009,0.012067398,0.992892027,0.582143009,0.971795976,-0.02812314,0.847917736,0.466125071,0.949677587,0.071540914,0.835427344,0.575340748,1.210548282,0.346893817,0.2566154,0.460422128,1.210175157,0.394744098,0.291707873,0.571205556,1.239396214,0.378305674,0.241341919,0.462619543,1.241485715,0.423551261,0.199280381,0.575187504,1.316814661,0.221975729,0.146947354,0.458727688,1.310468316,0.252437025,0.153939575
Standing,0.526326239,0.085818134,-0.440815538,0.999909163,0.537706435,0.052475978,-0.420969397,0.999874055,0.54597652,0.052173976,-0.42113322,0.999878466,0.552748799,0.052012667,-0.421252489,0.999837756,0.512967408,0.053048484,-0.414831251,0.999886811,0.505470812,0.053729355,-0.41486755,0.999890268,0.500154734,0.0546313,-0.415006012,0.999878526,0.564102471,0.060455512,-0.26405555,0.999896765,0.496507317,0.06563092,-0.23392494,0.999914229,0.541780591,0.120174654,-0.379632801,0.999949336,0.513661504,0.121813521,-0.370621502,0.999962151,0.619043112,0.259064138,-0.156773239,0.999632061,0.451283216,0.249606639,-0.119930424,0.999546468,0.636224389,0.47371453,-0.136520147,0.988602042,0.415167749,0.474050939,-0.21164377,0.986976862,0.586149335,0.552066565,-0.330812097,0.958885014,0.486579955,0.513518751,-0.506021917,0.967926681,0.575520813,0.583181798,-0.393440962,0.919814646,0.506844103,0.537436008,-0.566674411,0.935662568,0.566363335,0.549201369,-0.410742342,0.923162401,0.514845431,0.512959599,-0.573358119,0.936380029,0.567611635,0.53675878,-0.338974595,0.918634832,0.50890106,0.504677236,-0.509044647,0.924654961,0.572967649,0.687039077,-0.01157013,0.993698776,0.471165955,0.679256439,0.012129566,0.99309504,0.582122684,0.974525809,-0.05549534,0.855079055,0.464577198,0.949771285,0.077726424,0.841542542,0.574904025,1.212214947,0.318070799,0.271465749,0.459184945,1.209044099,0.416552782,0.301983863,0.571086049,1.240776181,0.347178489,0.251994103,0.462021589,1.241404414,0.446500063,0.208112404,0.575215399,1.318734288,0.189436913,0.152211741,0.454203546,1.309035182,0.276293755,0.15765509
Standing,0.526384771,0.085554495,-0.446081221,0.999911368,0.537698805,0.05220598,-0.425604343,0.999877155,0.545974374,0.051924616,-0.425766468,0.99988246,0.552746475,0.051803235,-0.425890356,0.999841869,0.512945354,0.052533139,-0.419604927,0.999889016,0.50547123,0.05311222,-0.419648319,0.999893188,0.500162303,0.053894583,-0.419784635,0.999880493,0.564001322,0.060250983,-0.266410023,0.99990046,0.496563375,0.064988382,-0.238347203,0.999916792,0.54194206,0.12020696,-0.384572804,0.999950588,0.513911963,0.121401154,-0.376053959,0.999962926,0.618993402,0.259063095,-0.156908125,0.999643743,0.45135659,0.249796003,-0.122217476,0.999556243,0.636140168,0.471844614,-0.142272741,0.988726556,0.415977776,0.473982483,-0.219555333,0.987250745,0.589606822,0.548825681,-0.342009127,0.960046589,0.486293554,0.513414085,-0.540324509,0.968911707,0.57898438,0.579496622,-0.404472291,0.922604561,0.506792128,0.537307918,-0.606798232,0.937823415,0.570305467,0.547638655,-0.42397213,0.92590481,0.514127314,0.51231128,-0.614512861,0.938566387,0.571531773,0.535416245,-0.351341397,0.921460569,0.508790076,0.504191399,-0.546646297,0.927354097,0.573340356,0.687203586,-0.011330538,0.99389708,0.471899092,0.679127991,0.01192049,0.993253231,0.582185626,0.974250972,-0.053524483,0.861010909,0.464373529,0.945758402,0.090263203,0.8447119,0.573696733,1.210894108,0.337151468,0.276310593,0.459121376,1.207142711,0.447447836,0.302384406,0.569003701,1.239374161,0.368443429,0.259053886,0.461939752,1.24021709,0.478883177,0.213197485,0.573580384,1.318383932,0.213058278,0.152810857,0.45420891,1.306949496,0.305898845,0.156475335
Standing,0.526330829,0.086560696,-0.417773247,0.999893248,0.537471533,0.053506486,-0.397834033,0.999854565,0.545668244,0.053272109,-0.397996217,0.999858856,0.552471519,0.053207383,-0.398133725,0.99981451,0.512936234,0.053630002,-0.39295274,0.999868095,0.505461335,0.054173145,-0.392988622,0.999871612,0.500154912,0.054846559,-0.39312619,0.999858916,0.563451886,0.061915912,-0.242347032,0.999878287,0.496615708,0.065539315,-0.219457433,0.999900818,0.541915894,0.120885879,-0.356892556,0.999941587,0.513883114,0.121981099,-0.350142419,0.999956429,0.61817652,0.258940071,-0.135672495,0.999628305,0.451705307,0.24959816,-0.11191003,0.999538541,0.636121631,0.466028541,-0.108679786,0.986781538,0.41600889,0.470024914,-0.200708315,0.986213982,0.589345574,0.548394561,-0.270856231,0.955980062,0.486134946,0.513352692,-0.491324186,0.966221988,0.578796506,0.580394506,-0.325563759,0.917364419,0.505189836,0.537341952,-0.554732621,0.934396446,0.569770455,0.548505723,-0.346259683,0.920800567,0.513780951,0.5121907,-0.562690079,0.935117304,0.570907772,0.535710454,-0.279644251,0.915695727,0.508283794,0.50385952,-0.498223543,0.923203111,0.573331892,0.683463812,-0.009387203,0.993821144,0.472300202,0.676130772,0.009933344,0.993188143,0.581965148,0.972101271,-0.036671862,0.859342277,0.465526283,0.943845809,0.062261514,0.843933582,0.573538482,1.200214386,0.336357892,0.283998787,0.459941626,1.197494626,0.367808878,0.310910016,0.568738341,1.22710824,0.366114646,0.265273988,0.462583244,1.228146315,0.39444375,0.217700243,0.575117409,1.306486726,0.213073045,0.158064976,0.45547238,1.297240138,0.225236863,0.160838321
Standing,0.526525497,0.090022594,-0.42155534,0.999891341,0.537489772,0.05585457,-0.400096804,0.999852419,0.545674026,0.055384669,-0.400263786,0.999859095,0.552471161,0.055076584,-0.400373518,0.99981302,0.513008118,0.056994177,-0.396798372,0.999864936,0.505487502,0.057618979,-0.396876276,0.999870479,0.500179887,0.058319058,-0.39701885,0.999855459,0.563356638,0.062825814,-0.236333102,0.999879718,0.496605694,0.068001091,-0.220128745,0.999901772,0.54200995,0.123022504,-0.357566178,0.999940753,0.513953567,0.124943763,-0.352722377,0.999955297,0.618076682,0.25890097,-0.121253014,0.999643862,0.451696306,0.249748394,-0.111133143,0.999539316,0.636163056,0.465288132,-0.108336449,0.987400174,0.416000903,0.469790727,-0.203576326,0.986935377,0.589079559,0.548309326,-0.291669905,0.958587706,0.486292899,0.513375759,-0.49789539,0.968170881,0.578223228,0.580444396,-0.348965168,0.922248781,0.505435884,0.537419915,-0.561282277,0.937972724,0.569108725,0.54817611,-0.364861339,0.925476611,0.513792753,0.512171149,-0.568079472,0.938647687,0.570345819,0.53539902,-0.298511446,0.92072612,0.508620024,0.503805518,-0.50414902,0.927496433,0.57373333,0.683691382,-0.004696377,0.994152069,0.472447485,0.676099539,0.00534102,0.993504405,0.582684457,0.971954405,-0.047479607,0.860063732,0.465530068,0.943652034,0.045212138,0.844895363,0.574204981,1.2155267,0.330156863,0.270156831,0.459889799,1.21325779,0.356959194,0.297297746,0.569344401,1.24477303,0.360230386,0.254648119,0.461885631,1.246342301,0.383917034,0.208212316,0.575292706,1.322813153,0.2065074,0.148420811,0.459165961,1.314112067,0.207559183,0.15167141
Standing,0.526830137,0.090436526,-0.428317696,0.999896049,0.537649155,0.056752104,-0.406543911,0.999859214,0.545820117,0.056373056,-0.406707108,0.999865949,0.55251658,0.056158714,-0.406806707,0.999821842,0.513197541,0.057539221,-0.403173506,0.999870718,0.505587816,0.058099806,-0.403244674,0.999876201,0.500293016,0.05880465,-0.403372943,0.999861062,0.563338935,0.063903801,-0.242141128,0.999885798,0.496586859,0.068845466,-0.225550652,0.999906361,0.542165697,0.123502806,-0.364431322,0.999943018,0.514095843,0.125010073,-0.35950315,0.999956787,0.617711902,0.258737475,-0.130567193,0.999664247,0.451932818,0.24971576,-0.113833979,0.999549866,0.636382878,0.456108779,-0.118566677,0.987886727,0.416539669,0.466088474,-0.203979254,0.98713249,0.588859618,0.545706511,-0.301341623,0.960698009,0.48604089,0.513299406,-0.497806609,0.968122005,0.577804208,0.579714835,-0.359246135,0.926047802,0.504351676,0.537482977,-0.561891437,0.938311696,0.568777204,0.548180878,-0.375272095,0.929116189,0.512921572,0.512417912,-0.569572926,0.939042628,0.57008791,0.535404146,-0.30829668,0.924384236,0.508243263,0.503872335,-0.50450778,0.928156734,0.573568583,0.683067083,-0.004640152,0.994333684,0.472807705,0.675607741,0.00526276,0.993710935,0.582674086,0.969732165,-0.021064911,0.863337815,0.464851767,0.943581402,0.047060315,0.850421667,0.576926231,1.209015846,0.336022437,0.277159572,0.45876202,1.208854198,0.335920841,0.307127059,0.571732879,1.237467289,0.364252955,0.259502053,0.460829169,1.240448356,0.360370785,0.215052873,0.58170712,1.31349051,0.214888975,0.149949327,0.45850426,1.308690667,0.18694894,0.15422684
Standing,0.526578546,0.089606658,-0.416785419,0.999898672,0.537628651,0.056443226,-0.392870694,0.999863803,0.545802951,0.056273863,-0.393031508,0.999870896,0.552488327,0.055987976,-0.393119603,0.999828339,0.513192058,0.056537841,-0.389919758,0.999874294,0.505587935,0.05683177,-0.38998884,0.999880075,0.500289083,0.057146072,-0.390121073,0.999864757,0.563278079,0.063771077,-0.228073433,0.999890149,0.49664861,0.068447992,-0.213557169,0.999909401,0.541724384,0.123403527,-0.35371387,0.999944925,0.513944089,0.12426234,-0.349470556,0.999957979,0.617627263,0.25887838,-0.12701419,0.999678969,0.452041805,0.24971953,-0.111968733,0.999551535,0.636575818,0.456516087,-0.123523854,0.988369584,0.41746673,0.463310957,-0.208220527,0.987657309,0.588838398,0.545297563,-0.307182729,0.962875187,0.488211721,0.513216674,-0.499937296,0.969347119,0.577500403,0.579134941,-0.368290931,0.92988646,0.506987035,0.537341833,-0.563690782,0.940394282,0.568480253,0.548178077,-0.383200407,0.932819903,0.516008794,0.512638152,-0.571290791,0.941124558,0.57003963,0.535416007,-0.314060152,0.928189635,0.510441184,0.504156888,-0.506605506,0.930554152,0.573580086,0.682838202,-0.004506437,0.994451284,0.473386377,0.67514509,0.005130888,0.993775249,0.583598435,0.972119451,-0.038213201,0.863376319,0.464847147,0.944732904,0.03661631,0.851318359,0.577528,1.21343112,0.316183388,0.271489501,0.458809048,1.218127012,0.322578847,0.301638931,0.572631478,1.242675066,0.34385401,0.253189117,0.460790694,1.250211716,0.346255332,0.207333982,0.580794692,1.318179607,0.185966104,0.146150067,0.462489367,1.319032311,0.164879084,0.149487525
Standing,0.524337411,0.088976331,-0.418913186,0.999894977,0.535523295,0.05600559,-0.396753818,0.999859571,0.543941319,0.055862755,-0.396921337,0.999868929,0.551159501,0.055608708,-0.39702484,0.999823928,0.512101889,0.055773977,-0.392226279,0.999868929,0.505065799,0.055921167,-0.392296791,0.99987644,0.4997558,0.055735987,-0.392433852,0.999858856,0.562080264,0.063729994,-0.235303,0.999888897,0.496618897,0.067400746,-0.213182494,0.999906719,0.539644718,0.122883447,-0.356834382,0.999943495,0.51264894,0.123031415,-0.35021618,0.999956071,0.617625952,0.258200198,-0.131833643,0.999685585,0.451916873,0.249710783,-0.108845912,0.999551475,0.636715531,0.456307858,-0.135977387,0.988552213,0.417447805,0.463440567,-0.207793757,0.987937033,0.58876586,0.544189513,-0.344121665,0.963750184,0.487365723,0.512682617,-0.50594753,0.970483959,0.57729423,0.579103529,-0.408067644,0.931622922,0.505134642,0.536414742,-0.571708798,0.94243896,0.568013191,0.548139215,-0.425099075,0.93458879,0.514055908,0.512093246,-0.578196406,0.943178892,0.569639325,0.535263002,-0.352380365,0.930180848,0.509490073,0.503885388,-0.512459934,0.932957113,0.573515654,0.681798875,-0.004690637,0.994631469,0.473376572,0.67486304,0.005315857,0.993909061,0.583272636,0.973415792,-0.065390095,0.861558795,0.464653671,0.946089089,0.037950139,0.85004437,0.577479959,1.219296336,0.301449388,0.261540979,0.457388103,1.219793081,0.338205218,0.291340888,0.572640777,1.250526547,0.329938948,0.244113818,0.458772093,1.253458023,0.363388449,0.198462248,0.580214143,1.324132085,0.168536991,0.139739409,0.462213039,1.320301294,0.18317844,0.142667174
Standing,0.524108768,0.077958263,-0.41672653,0.999897122,0.535622239,0.044434827,-0.39332816,0.999862671,0.544259191,0.044572581,-0.393507749,0.999872625,0.551495016,0.044895314,-0.393610626,0.999828458,0.511943161,0.043346822,-0.389190614,0.999870896,0.504925311,0.043367896,-0.389248073,0.999878287,0.499514908,0.04350131,-0.389374495,0.99985981,0.562930465,0.056593858,-0.230591893,0.999891937,0.496142715,0.060165215,-0.20936498,0.999907255,0.539567113,0.115252696,-0.354318023,0.999944389,0.512255549,0.113962494,-0.348006785,0.99995625,0.617620349,0.256177217,-0.130912989,0.999692261,0.451669544,0.249706566,-0.102133691,0.999532521,0.635556042,0.457065463,-0.136062846,0.988840878,0.418385565,0.472771376,-0.199320808,0.988044739,0.589229584,0.544112086,-0.34626174,0.965419114,0.487199306,0.512007177,-0.503815293,0.971538365,0.577786565,0.579075813,-0.410741568,0.93462652,0.505407751,0.535562336,-0.569765508,0.944316864,0.56792897,0.548178434,-0.42827788,0.937533081,0.514690042,0.511789024,-0.575686574,0.945071101,0.569466889,0.535328448,-0.354640335,0.933429182,0.509403229,0.503679037,-0.509761453,0.935196102,0.573505878,0.682191014,-0.004813212,0.994814515,0.47333318,0.675307512,0.005426831,0.994020045,0.583258688,0.974576652,-0.063015446,0.862273991,0.463960648,0.948783338,0.05571536,0.84927541,0.576165378,1.232661128,0.306017131,0.252727181,0.456201553,1.23552978,0.372980267,0.281306833,0.571128666,1.265894175,0.334519476,0.236624926,0.457252026,1.273371935,0.399342537,0.190478444,0.577452064,1.340521693,0.171474844,0.134175777,0.460611045,1.335977316,0.214690357,0.136594087
Standing,0.523013949,0.071649157,-0.419573486,0.999896705,0.535242438,0.038812868,-0.396284282,0.999860287,0.54402113,0.039040726,-0.396455079,0.999872208,0.55138433,0.039467148,-0.396555901,0.999826312,0.511301637,0.037391018,-0.392180502,0.999868274,0.504505277,0.037279069,-0.392250836,0.999876976,0.498953581,0.037431631,-0.392383575,0.999856412,0.562912941,0.052112941,-0.233821586,0.99989152,0.495877087,0.054895651,-0.212726355,0.999905348,0.538639128,0.110788979,-0.357071221,0.999943256,0.511553764,0.108448729,-0.350848377,0.99995476,0.618434787,0.253362536,-0.13088502,0.999692798,0.451424599,0.249707058,-0.104513451,0.999515951,0.635931075,0.457667172,-0.130650282,0.989240825,0.418419451,0.475230336,-0.19890067,0.988342881,0.586540222,0.543832242,-0.321934104,0.967022061,0.487534136,0.511113763,-0.49407357,0.972844064,0.57409668,0.578087211,-0.381343901,0.937301874,0.507987738,0.534449697,-0.555624068,0.946463704,0.564485908,0.546537101,-0.392257988,0.940114498,0.517645538,0.511190355,-0.558980942,0.947192669,0.566530645,0.534384489,-0.326527953,0.936292231,0.511066079,0.503212929,-0.498095334,0.937722385,0.57384485,0.682633102,-0.004933483,0.994952261,0.473326981,0.675428987,0.00554817,0.994130254,0.583208561,0.975606024,-0.059232704,0.862382174,0.464077413,0.952287138,0.06200105,0.846262693,0.572699726,1.238797545,0.310558081,0.242562711,0.456498325,1.247441292,0.381613821,0.269169092,0.568351865,1.272673011,0.339074343,0.228806436,0.457271397,1.287169337,0.408266008,0.181812465,0.570061445,1.347810268,0.178377986,0.128206089,0.460616887,1.348436832,0.225713328,0.130056784
Standing,0.522605717,0.065408938,-0.420014292,0.999883175,0.535265625,0.032536332,-0.396554291,0.999836266,0.544031203,0.032569226,-0.396688312,0.999850154,0.551415324,0.032989629,-0.396797985,0.999794781,0.511182129,0.031094344,-0.393601775,0.999853432,0.504414916,0.030822346,-0.393650353,0.999864399,0.498823881,0.030724475,-0.393754095,0.999844432,0.563005209,0.047113817,-0.242982104,0.999866545,0.495887429,0.048697531,-0.213250875,0.999896467,0.538209856,0.105848737,-0.360433072,0.999933839,0.511181891,0.102916613,-0.351750106,0.999949634,0.618725657,0.25369963,-0.139659703,0.999558628,0.451317221,0.250157833,-0.114042379,0.999508083,0.633103371,0.470634788,-0.133495077,0.987167954,0.418394625,0.476834953,-0.20419085,0.988633394,0.583223462,0.544626594,-0.307344824,0.957455456,0.490167201,0.510881484,-0.480195194,0.973308444,0.570452571,0.57730186,-0.358679146,0.922043085,0.515167713,0.532856941,-0.536161065,0.946213067,0.562752604,0.545317769,-0.366925806,0.925493538,0.523051381,0.509979606,-0.534676611,0.946920574,0.564730287,0.533860445,-0.310828269,0.922779977,0.516454339,0.502936602,-0.481630951,0.937188268,0.573443413,0.685165167,-0.008490634,0.994561553,0.47275129,0.677507699,0.00912085,0.99389112,0.581142843,0.975572288,-0.057195693,0.861788392,0.464382976,0.957819045,0.100055076,0.84345293,0.568820834,1.24798429,0.304094374,0.237139955,0.45659551,1.263054371,0.426474392,0.261286974,0.566522956,1.284479141,0.331548363,0.223018304,0.457282215,1.304545641,0.454024076,0.174543679,0.561653614,1.354156852,0.164396033,0.126101807,0.460543245,1.364121079,0.269776314,0.126497164
Standing,0.521364987,0.061291642,-0.420900255,0.999878943,0.534357905,0.028724227,-0.397426099,0.999831438,0.543484926,0.028659407,-0.397565991,0.999845505,0.551148176,0.028949764,-0.397665232,0.999789536,0.510290265,0.027781524,-0.394561112,0.999849558,0.503755867,0.027736684,-0.394615471,0.999860466,0.497989118,0.027734799,-0.394715428,0.999840736,0.56296581,0.043045796,-0.243379042,0.999861181,0.495398045,0.045792751,-0.215270326,0.999893844,0.537763357,0.102006689,-0.361369371,0.999932289,0.510373175,0.099673189,-0.352513611,0.999948382,0.618744612,0.253660053,-0.139545158,0.999549985,0.451313674,0.249747515,-0.115991592,0.999500692,0.633139253,0.470460892,-0.134055853,0.986836672,0.417669713,0.472024441,-0.20535621,0.988756716,0.582230926,0.544675887,-0.309640348,0.956820369,0.490238994,0.510924459,-0.480240822,0.973451436,0.569279611,0.576964974,-0.36338675,0.920131087,0.515072703,0.532793462,-0.537691295,0.945704579,0.56170243,0.545331001,-0.375438452,0.923655689,0.523335099,0.509974658,-0.537812173,0.946337104,0.563669503,0.533910334,-0.314687937,0.920657694,0.516449809,0.502974451,-0.482305586,0.936201215,0.573436797,0.685172796,-0.008486096,0.994566321,0.472723544,0.677413583,0.009113795,0.993866265,0.579361916,0.976517498,-0.053097624,0.858707607,0.465205431,0.96268028,0.089450426,0.838009775,0.566052318,1.245269895,0.30557853,0.234948143,0.457691252,1.25657773,0.409193426,0.254846931,0.563545763,1.280306101,0.33258751,0.219667628,0.458563894,1.296329379,0.436164767,0.167329222,0.560339034,1.351277351,0.164419457,0.126658067,0.461622417,1.357467413,0.254380733,0.124058582
Standing,0.51995784,0.05987332,-0.416038692,0.999876201,0.533605456,0.027350795,-0.392267764,0.99982506,0.542883992,0.027317472,-0.392424077,0.999842167,0.550756216,0.027652703,-0.3925367,0.999782503,0.509512544,0.026427789,-0.387447,0.99984473,0.503216267,0.026269531,-0.387509286,0.999857843,0.497426599,0.026211143,-0.387639374,0.999835789,0.562828958,0.041976511,-0.234755874,0.999857545,0.495305836,0.044450022,-0.205671579,0.9998914,0.536881268,0.100252554,-0.355594158,0.999928713,0.509313226,0.097771324,-0.347127944,0.999944925,0.618722439,0.253719926,-0.131462365,0.999524653,0.451310486,0.249651089,-0.106261633,0.99949038,0.633031726,0.47153464,-0.132169634,0.986931324,0.417700768,0.468662381,-0.200533465,0.98893708,0.579493046,0.544522524,-0.308604062,0.957036138,0.487634748,0.51097846,-0.48307386,0.974235415,0.565347672,0.575558543,-0.363333076,0.920552194,0.511785269,0.533260763,-0.542101264,0.947027802,0.55678612,0.544503212,-0.37410295,0.924084365,0.518277705,0.510827005,-0.543735623,0.947624028,0.558862984,0.533557534,-0.313143611,0.92124778,0.512059391,0.503503323,-0.486106217,0.937698781,0.572971106,0.68498385,-0.008479479,0.994738877,0.472300589,0.677378237,0.00910692,0.994083464,0.578905404,0.976649165,-0.05501119,0.861411452,0.46585989,0.966074526,0.080028012,0.839830101,0.566132724,1.251365781,0.302440852,0.230616376,0.46241942,1.267282367,0.395794123,0.248578846,0.563573956,1.286798358,0.329478323,0.213102192,0.463719755,1.307387114,0.421279252,0.160397351,0.56109482,1.357019186,0.161715776,0.123527706,0.465029806,1.367524981,0.231522799,0.119921394
Standing,0.520028293,0.058932438,-0.400711596,0.99987793,0.533640862,0.026968386,-0.37355113,0.999828041,0.542904258,0.026847331,-0.373743236,0.999847472,0.550761163,0.02711371,-0.373833328,0.999787748,0.509467483,0.026304169,-0.370286018,0.999845445,0.503138959,0.026258389,-0.37037307,0.999861002,0.497269481,0.026306523,-0.370522916,0.999836147,0.562720954,0.041090675,-0.204196364,0.999863088,0.494881719,0.044442713,-0.186104238,0.999893665,0.53690666,0.098847672,-0.337044179,0.999928653,0.509197295,0.096657053,-0.331810474,0.999943733,0.618140221,0.253728807,-0.107602552,0.999539912,0.450442255,0.249643415,-0.096044704,0.999475718,0.633052468,0.466891915,-0.133898944,0.987780511,0.417572111,0.468668997,-0.200754762,0.989393175,0.579531968,0.544398725,-0.35227105,0.960056782,0.485558271,0.510977149,-0.500385404,0.975751817,0.565564036,0.575074077,-0.417681396,0.926162899,0.509727418,0.533273995,-0.566620767,0.950124979,0.557038724,0.544323504,-0.430043757,0.92948997,0.515890837,0.510886908,-0.572930694,0.950732887,0.559096098,0.533555746,-0.359104782,0.926858723,0.510352075,0.503639996,-0.506244779,0.941466033,0.572665989,0.684376001,-0.005418807,0.995066941,0.472252935,0.67734915,0.006057729,0.994413495,0.578979135,0.977700889,-0.05583965,0.861883044,0.466569901,0.965517759,0.044874869,0.840206087,0.568048,1.249034524,0.316994101,0.218498901,0.462251991,1.262122035,0.356366009,0.237289608,0.56591481,1.284007549,0.346624374,0.202298522,0.463498592,1.301011801,0.38149485,0.152111262,0.561746836,1.355029583,0.180918932,0.115915634,0.465693414,1.362389088,0.189343646,0.113092512
Standing,0.519282818,0.057512168,-0.396731794,0.999882817,0.53313458,0.025627337,-0.371459723,0.999833941,0.542302132,0.025292741,-0.371640503,0.999854684,0.550248325,0.025467478,-0.371711522,0.999795616,0.50879544,0.025788765,-0.36678955,0.999849677,0.502555013,0.025887046,-0.366877526,0.999866545,0.496483982,0.026011657,-0.367017925,0.999840438,0.562121749,0.039986491,-0.206583589,0.999869823,0.494177282,0.044044193,-0.182896882,0.999897659,0.53622061,0.097060628,-0.334203303,0.999930382,0.508528352,0.095080845,-0.327485502,0.999944508,0.61771071,0.252950788,-0.111001894,0.999563456,0.450251758,0.249009833,-0.084980503,0.999485314,0.63291204,0.466897786,-0.136612922,0.98873359,0.415901989,0.466008455,-0.193378225,0.990003407,0.575136721,0.544696569,-0.353571743,0.963343024,0.480039746,0.510864377,-0.501641691,0.977526605,0.559134901,0.573887229,-0.417645127,0.932091653,0.500620902,0.533271849,-0.568633199,0.95365113,0.551321566,0.543597341,-0.42914018,0.935172081,0.509516299,0.510877848,-0.573560178,0.954231918,0.554355025,0.533448815,-0.359350383,0.932761252,0.50397253,0.503614187,-0.507215619,0.945657194,0.571720004,0.684370279,-0.005452882,0.995395601,0.471386582,0.677277923,0.006092741,0.994755805,0.578726172,0.979009509,-0.052456606,0.861939609,0.466441959,0.965020657,0.04615853,0.841365397,0.567207694,1.248235941,0.32191509,0.205653697,0.459697545,1.259973526,0.349382043,0.224955499,0.565401554,1.282680631,0.351579189,0.191437751,0.460310221,1.298546433,0.373880535,0.143793747,0.560234427,1.353613973,0.188738152,0.108297773,0.465339959,1.359767795,0.186870828,0.106002167
Standing,0.518443346,0.056079321,-0.400470883,0.999881804,0.532592356,0.024390604,-0.376492172,0.999834001,0.541706443,0.02424862,-0.376659483,0.999855876,0.549710393,0.024624977,-0.376752079,0.999797285,0.508086801,0.024073627,-0.371577591,0.999846697,0.501836419,0.023946173,-0.371673137,0.999864042,0.495619953,0.023921488,-0.371812671,0.99983573,0.561615586,0.039299753,-0.214017913,0.999871194,0.493476957,0.04175571,-0.189632639,0.99989444,0.535584211,0.095993198,-0.33864525,0.999930084,0.507527113,0.093703136,-0.33146295,0.999943256,0.617310286,0.251947194,-0.11552278,0.999582767,0.449804068,0.248090252,-0.090410575,0.999459624,0.632966042,0.462812901,-0.139116555,0.989360034,0.415214449,0.466062129,-0.194976673,0.99004066,0.575604558,0.543674409,-0.359828174,0.965993226,0.476686627,0.510312796,-0.506060541,0.978258967,0.559673071,0.573582351,-0.425372601,0.936776996,0.497753441,0.532407999,-0.573022962,0.955201209,0.551898122,0.54349792,-0.439009994,0.939656913,0.508341312,0.510573566,-0.578894198,0.955754578,0.554906666,0.533219576,-0.366422117,0.937331557,0.50298655,0.503327012,-0.512004554,0.947517037,0.571415782,0.684167445,-0.003093958,0.995600224,0.470670074,0.676355422,0.003725248,0.994909585,0.578736067,0.978211105,-0.043956812,0.860336423,0.466019571,0.963195145,0.04496548,0.840658844,0.565067172,1.245634675,0.335365713,0.200034574,0.455562502,1.251211166,0.355466187,0.218880162,0.561297536,1.278537512,0.364805162,0.186893091,0.455388695,1.286347508,0.380835831,0.138643846,0.56032151,1.351676345,0.20024991,0.104677767,0.463213623,1.353751779,0.19433704,0.102524213
Standing,0.517390609,0.055085342,-0.404577911,0.999887824,0.531751692,0.023743227,-0.380692571,0.999841511,0.540806651,0.02383505,-0.380860984,0.999864161,0.548889935,0.024361273,-0.380954981,0.999806941,0.507453561,0.022826897,-0.375876635,0.999852955,0.501217961,0.02245752,-0.375967443,0.999871254,0.494962603,0.022325492,-0.376110166,0.999842465,0.560938776,0.039160151,-0.217856497,0.999879003,0.49310261,0.040719856,-0.192837268,0.999899983,0.534488082,0.095389515,-0.342342436,0.999932647,0.506603479,0.09248212,-0.335638523,0.999944687,0.617319286,0.251927078,-0.122119509,0.999601007,0.449056149,0.248187631,-0.091873944,0.999474108,0.632849753,0.466036111,-0.174023077,0.99023658,0.414245754,0.465624034,-0.200032711,0.990725458,0.573276758,0.545489669,-0.404702038,0.968843877,0.474983066,0.510351002,-0.526337266,0.980043948,0.556656361,0.573599458,-0.472082794,0.942029059,0.493918359,0.53241837,-0.594455302,0.95875138,0.548924208,0.54345715,-0.48153311,0.944684565,0.505046129,0.510575354,-0.5985443,0.959288836,0.55212456,0.533316731,-0.409908354,0.942582428,0.498728931,0.50334543,-0.531782091,0.951776683,0.571414471,0.684315443,-0.004905136,0.995923579,0.470622689,0.676489294,0.005544739,0.995262444,0.579304397,0.980288863,-0.049256742,0.864261508,0.465964794,0.966853082,0.046184577,0.843754053,0.568678916,1.254625559,0.33441934,0.187772855,0.457106352,1.260532737,0.358626693,0.205668852,0.567339182,1.289370418,0.362917423,0.17644912,0.457440287,1.299093008,0.384310633,0.130437136,0.561496317,1.358737707,0.198463663,0.097327754,0.464533657,1.36087966,0.198427722,0.095414907
Standing,0.517448068,0.05466868,-0.398705721,0.999890864,0.531782389,0.022778247,-0.374540508,0.999845922,0.540830851,0.022789013,-0.3747271,0.999867558,0.548896849,0.023314919,-0.374814987,0.999811828,0.507411242,0.022196267,-0.369235128,0.999857128,0.50115478,0.021971796,-0.369296253,0.999874651,0.494828403,0.021923119,-0.369432867,0.999846518,0.56091851,0.038330838,-0.212983012,0.999881804,0.492634058,0.040514112,-0.186828062,0.99990195,0.534419954,0.094998181,-0.337327152,0.999934018,0.506554484,0.092445508,-0.329980552,0.999945819,0.615275264,0.250525832,-0.121882126,0.999601781,0.448389292,0.247989863,-0.085958831,0.999480367,0.632104754,0.464550853,-0.151381522,0.990235567,0.414285481,0.464119792,-0.176031515,0.990350306,0.573121369,0.545475125,-0.350514472,0.968985498,0.475529969,0.511622727,-0.4806692,0.979773879,0.557219923,0.573655248,-0.413451195,0.942602336,0.494881451,0.534065247,-0.548285484,0.958754361,0.548683882,0.543447316,-0.432587862,0.945282578,0.50565505,0.512052894,-0.556952477,0.959357679,0.551364839,0.533310175,-0.359478205,0.94308418,0.499382913,0.504425287,-0.488091856,0.951820552,0.570815146,0.683982074,-0.008051001,0.995904982,0.470570266,0.67649436,0.008639374,0.995230436,0.579307735,0.977960229,-0.047388785,0.862681866,0.466109693,0.965823114,0.053618424,0.84261322,0.569085956,1.226300001,0.333932698,0.189942718,0.45843339,1.232011318,0.359245181,0.210805908,0.567324042,1.25611496,0.362732917,0.177878365,0.460302919,1.266501904,0.384925365,0.134912968,0.564393163,1.330835104,0.197694629,0.098508604,0.463799894,1.328514099,0.208310217,0.097705901
Standing,0.517502308,0.055049732,-0.4018085,0.999880493,0.531844795,0.023106463,-0.377583951,0.999834001,0.540873647,0.023112303,-0.377768725,0.999854386,0.548920989,0.023620529,-0.377852321,0.999797106,0.507552028,0.022551889,-0.3724944,0.999847233,0.501287937,0.022345707,-0.372560322,0.999863863,0.495034397,0.022310885,-0.372701496,0.999837041,0.560891688,0.038488027,-0.217048168,0.999869704,0.492803097,0.04073438,-0.190078393,0.999891579,0.534517527,0.09524823,-0.339860678,0.999929547,0.50662154,0.092769697,-0.332984865,0.999942601,0.615316629,0.252053916,-0.131290972,0.999554873,0.448630482,0.247638449,-0.091395579,0.99946928,0.631513,0.46510455,-0.155514956,0.988753021,0.414305836,0.462092042,-0.187089801,0.989234686,0.573518038,0.545474291,-0.350304067,0.963910639,0.476349533,0.511577308,-0.482255697,0.976659656,0.558069766,0.573668182,-0.41224128,0.934950948,0.497559786,0.533984184,-0.548462033,0.953932941,0.548933208,0.543327153,-0.431967914,0.937926114,0.507574916,0.512038648,-0.557983518,0.954560578,0.551263154,0.533282161,-0.358713478,0.934849262,0.500901222,0.504431129,-0.488708019,0.946034133,0.570484102,0.68316704,-0.009022637,0.995444536,0.470571697,0.675148129,0.009573167,0.99484992,0.578859806,0.973314822,-0.04599512,0.863160729,0.465605557,0.957517505,0.055178881,0.844550669,0.568913043,1.20373714,0.332095236,0.208069965,0.455705971,1.211397052,0.362734139,0.231017157,0.565709949,1.230686665,0.361015975,0.190988019,0.458319426,1.24328351,0.389119208,0.145885468,0.566009343,1.310354233,0.200171188,0.11143066,0.455312908,1.309383392,0.215282291,0.109489508
Standing,0.517605126,0.055163149,-0.400390536,0.999884903,0.531893432,0.023285883,-0.375546247,0.999840796,0.540895104,0.023233343,-0.375725657,0.999860406,0.548932672,0.023654003,-0.375826776,0.999805748,0.507562995,0.022789635,-0.37042737,0.999852598,0.501292765,0.022619942,-0.370482236,0.999868512,0.495044947,0.02260196,-0.370622516,0.999842525,0.560892463,0.038173571,-0.213327169,0.999875367,0.492785305,0.040903959,-0.187217996,0.999895573,0.534586489,0.095159121,-0.338591903,0.999932826,0.506765664,0.092881799,-0.331444085,0.999944925,0.615731061,0.252112001,-0.123124555,0.999576509,0.448863357,0.247499555,-0.091985628,0.999476969,0.632126451,0.46546939,-0.144790605,0.989231646,0.414552361,0.461876124,-0.188589796,0.989520192,0.57383287,0.546615183,-0.340347081,0.965861261,0.479590714,0.511637092,-0.486009926,0.97747916,0.558564067,0.574158013,-0.403750569,0.938190222,0.502485394,0.534351707,-0.55174005,0.955298305,0.549159527,0.543506086,-0.417758316,0.941021025,0.512756646,0.51224798,-0.559053957,0.955932081,0.551361024,0.533474207,-0.346886992,0.937983334,0.505466163,0.504606009,-0.491951704,0.947732568,0.570514619,0.683358967,-0.008665509,0.995662272,0.470798254,0.67511487,0.009233159,0.995013297,0.578826308,0.973355532,-0.058490999,0.863576293,0.464414418,0.957639217,0.055530824,0.843113065,0.56915319,1.208353639,0.325550944,0.203966811,0.455696106,1.216935515,0.380063713,0.224347785,0.565790951,1.235452771,0.355583131,0.186886817,0.458056927,1.250383973,0.408631653,0.140910134,0.566791177,1.315413833,0.1922815,0.108460411,0.455539137,1.315027475,0.229632571,0.105796449
Standing,0.517654896,0.05524623,-0.423229873,0.999885917,0.531911254,0.02329482,-0.398756653,0.999840856,0.540973902,0.023110131,-0.398917109,0.999862909,0.549032271,0.023415761,-0.399003685,0.999807358,0.507573724,0.022969075,-0.392831802,0.999851286,0.501297951,0.022827394,-0.392939985,0.999869168,0.495059252,0.022820506,-0.393104345,0.999840796,0.560989022,0.03772838,-0.235447854,0.999878526,0.492848933,0.040985774,-0.205715969,0.999895394,0.534636021,0.0951325,-0.361201048,0.999932885,0.50677824,0.093020283,-0.35271579,0.999943674,0.617605209,0.252113461,-0.136128888,0.999588549,0.449065208,0.24749957,-0.105599664,0.999464512,0.632721364,0.467826813,-0.153394178,0.989940643,0.415045977,0.465745717,-0.216111735,0.9898839,0.57406944,0.550669134,-0.343145549,0.968156397,0.481806189,0.511621237,-0.522699296,0.9785285,0.558714747,0.57605505,-0.40524897,0.941992283,0.504683554,0.534454882,-0.585815668,0.956973195,0.549424767,0.543682694,-0.417371899,0.944652736,0.513099015,0.512077093,-0.58926034,0.957597554,0.551694691,0.53380698,-0.347554147,0.941855788,0.507038832,0.504575729,-0.527216971,0.949971676,0.571564913,0.684689939,-0.008315032,0.995882392,0.471013367,0.675425828,0.008919338,0.995227695,0.578671277,0.974175751,-0.053202342,0.866516888,0.464178085,0.958766162,0.062649034,0.843657374,0.569178879,1.231105447,0.333253801,0.195928916,0.455827862,1.232697368,0.403515637,0.21222727,0.56600219,1.264644504,0.363573819,0.181932226,0.458040953,1.270351887,0.432895005,0.134154826,0.566521049,1.338144302,0.200709149,0.103140809,0.4567101,1.332953334,0.254920721,0.099661291
Standing,0.518827558,0.055228267,-0.421642363,0.999886751,0.533434331,0.023179218,-0.397465736,0.99984026,0.542441368,0.023049522,-0.397627831,0.999863505,0.550045729,0.023407442,-0.397716552,0.999806345,0.508343458,0.022759324,-0.391745865,0.999851644,0.501784563,0.022678394,-0.391837984,0.999870718,0.495593786,0.022742284,-0.392001063,0.999842107,0.561780334,0.037720952,-0.234320953,0.999879181,0.492916524,0.04101073,-0.205621555,0.999895453,0.535600483,0.095198587,-0.359677136,0.999931812,0.507105947,0.093091421,-0.351454467,0.999943018,0.617760301,0.252329648,-0.137387723,0.999573708,0.449033171,0.248088226,-0.105368242,0.9994573,0.633223176,0.471688896,-0.154242888,0.990142226,0.414576828,0.471212,-0.215541601,0.990156353,0.574123025,0.552930653,-0.340296507,0.968094826,0.482834041,0.511042714,-0.524733424,0.979273379,0.558838904,0.579704225,-0.399625063,0.94136095,0.505950391,0.533340931,-0.589464664,0.958113134,0.549126267,0.545349658,-0.409897625,0.944099426,0.515131474,0.511738777,-0.590110183,0.958737612,0.551694751,0.535428822,-0.344351143,0.941630483,0.508103907,0.504487336,-0.528412342,0.951269448,0.571709216,0.68526566,-0.01014762,0.995883465,0.470958382,0.67714107,0.010768253,0.995255768,0.579828382,0.974738479,-0.055071425,0.86697942,0.464287996,0.959270895,0.063952312,0.844497442,0.57053268,1.237092972,0.332427174,0.19242163,0.458237499,1.253574848,0.394976228,0.210621342,0.567793667,1.271177292,0.362238675,0.179308444,0.459886134,1.294131398,0.421074629,0.132156834,0.566973388,1.345966458,0.199871689,0.10127873,0.459753335,1.353388071,0.234331399,0.098098718
Standing,0.518993258,0.055239741,-0.424705118,0.999889195,0.5335989,0.023085531,-0.400093138,0.999843657,0.542581856,0.022908855,-0.400258839,0.999866545,0.55015105,0.023249421,-0.400343597,0.999810874,0.508432984,0.022787265,-0.394562334,0.999854445,0.501847208,0.022740051,-0.394656003,0.999872983,0.495660067,0.022820447,-0.394810021,0.99984467,0.561798453,0.037378144,-0.236467481,0.999881983,0.492929757,0.0410056,-0.208615467,0.999896109,0.535638988,0.094969541,-0.362727374,0.999933422,0.507139802,0.09298452,-0.354740828,0.999943972,0.617803991,0.252349138,-0.1407478,0.999583244,0.449275404,0.24803938,-0.105010524,0.999450803,0.633461118,0.471604794,-0.160001844,0.990592718,0.417477608,0.471428216,-0.211634368,0.990182221,0.575081646,0.553744078,-0.362355709,0.969613075,0.482792199,0.511459291,-0.521221757,0.979589224,0.560733199,0.581120372,-0.426254451,0.943709016,0.505389988,0.53419435,-0.585596919,0.958577096,0.551523924,0.54587847,-0.438043177,0.946377635,0.513565838,0.512001097,-0.587013185,0.959215045,0.554023266,0.535764933,-0.367743313,0.943971574,0.507672369,0.504894733,-0.524878681,0.951881647,0.572001457,0.685270429,-0.010484597,0.995903552,0.471389383,0.677058637,0.011114499,0.995258272,0.579934537,0.975106895,-0.055738829,0.866509676,0.464425504,0.959279537,0.06480211,0.843606889,0.570504248,1.239299655,0.3222242,0.189211309,0.458204687,1.253549814,0.392865062,0.207461029,0.56778276,1.273086071,0.350901008,0.176771343,0.459703684,1.293160915,0.419881523,0.129689544,0.566688597,1.347325444,0.184504554,0.099227518,0.459776461,1.35327518,0.230286762,0.096266069
Standing,0.519058824,0.055742022,-0.412831783,0.999892056,0.533646226,0.023699904,-0.388715744,0.999847591,0.542595923,0.02362024,-0.388889134,0.99987042,0.550153375,0.023974977,-0.388975799,0.999815524,0.508569181,0.023026271,-0.38265276,0.999857545,0.502001882,0.022931783,-0.382736206,0.999876082,0.495929152,0.022994017,-0.382881403,0.999848068,0.561755717,0.037939362,-0.228812009,0.999885321,0.493430704,0.041365355,-0.198478624,0.999898374,0.535638332,0.09527684,-0.352198869,0.99993515,0.507239282,0.093038253,-0.343437701,0.999945223,0.617924809,0.252176791,-0.137163371,0.999598086,0.449657679,0.248231038,-0.092282258,0.999458373,0.633640647,0.4704611,-0.153354898,0.990989029,0.417566627,0.471304208,-0.196346223,0.990435183,0.57653296,0.553627968,-0.360496491,0.971211195,0.482412577,0.511126935,-0.514762998,0.980590165,0.563276887,0.581509531,-0.424455881,0.946433902,0.504291415,0.533622801,-0.580830812,0.960442364,0.554779887,0.546175361,-0.434331506,0.94900763,0.512463033,0.511710525,-0.583448768,0.961053312,0.556772053,0.53581357,-0.367394865,0.946702838,0.507074714,0.504617453,-0.519240677,0.954015493,0.572405696,0.685647309,-0.011537066,0.996041477,0.471588075,0.677051783,0.012173334,0.995374978,0.579776406,0.975460112,-0.061732292,0.866789937,0.464486778,0.959290564,0.067519203,0.842280507,0.570500135,1.239590645,0.315879136,0.185671106,0.458186716,1.252831221,0.392419517,0.203000292,0.567763805,1.273161769,0.344880581,0.173127621,0.459681898,1.291908383,0.419365942,0.12666066,0.566478074,1.347244382,0.180529878,0.096829265,0.459715515,1.352928042,0.234734938,0.093666829
Standing,0.518840015,0.055851281,-0.420881033,0.999890506,0.533287942,0.023752742,-0.397610962,0.999845028,0.542393267,0.023664454,-0.397787154,0.999869466,0.550071716,0.02400616,-0.397881806,0.999813378,0.508133829,0.023054451,-0.390262216,0.99985379,0.501616597,0.022967897,-0.390351444,0.999873221,0.495477915,0.023044787,-0.390517533,0.99984324,0.561742783,0.037884105,-0.237760782,0.999885857,0.493223101,0.041382726,-0.201366276,0.999894977,0.535623014,0.095478602,-0.359970748,0.999934971,0.507173896,0.093366556,-0.349391401,0.999944031,0.618494153,0.251715064,-0.142181978,0.999606371,0.44983393,0.248241588,-0.092935346,0.999443293,0.633730233,0.47078976,-0.161319733,0.991409779,0.418152094,0.47227025,-0.196743295,0.990398347,0.576417685,0.553584397,-0.366832733,0.972660184,0.482445657,0.511294067,-0.51948601,0.981025517,0.562581301,0.581453383,-0.431495816,0.948774517,0.50422132,0.533800483,-0.586306155,0.961139143,0.554461658,0.545949042,-0.44190383,0.951280475,0.51227355,0.511598587,-0.590517104,0.961758554,0.556618631,0.535580039,-0.37225607,0.949073434,0.507083356,0.504551888,-0.524940491,0.954961836,0.572602868,0.686314881,-0.01157141,0.996096015,0.471646309,0.677053392,0.01222991,0.9953776,0.580084503,0.975221694,-0.061002403,0.866752625,0.463321865,0.959303439,0.073717594,0.840785086,0.570488513,1.240728736,0.316701114,0.179723516,0.454439342,1.252350569,0.405250549,0.196227774,0.567747593,1.274467707,0.346095622,0.169696078,0.455212295,1.290910602,0.433034956,0.122996785,0.565989137,1.348315954,0.181662783,0.093244933,0.456517309,1.352260113,0.249451429,0.090086654
Standing,0.518874407,0.054855898,-0.423684031,0.999890208,0.533376276,0.02232118,-0.401122987,0.999842703,0.542522132,0.022399373,-0.401280254,0.999866426,0.550214648,0.022973362,-0.401389897,0.999808967,0.508228898,0.021348078,-0.393929005,0.999853909,0.501721263,0.021179492,-0.393996477,0.999872744,0.495614231,0.021220248,-0.394159347,0.999843836,0.562225819,0.036931887,-0.243789703,0.999882638,0.493450105,0.039619219,-0.207793549,0.999896109,0.535665035,0.094832063,-0.363252342,0.999935389,0.50721705,0.092671327,-0.352855623,0.999944746,0.618682742,0.251686841,-0.141944796,0.99958086,0.45029074,0.248226061,-0.100838505,0.999458373,0.633077323,0.473294884,-0.146479338,0.990885615,0.418306172,0.472219735,-0.195679754,0.990563869,0.575053811,0.553437233,-0.318342388,0.970502377,0.485349953,0.511305332,-0.482823133,0.98143661,0.555409372,0.579771042,-0.374520659,0.94479531,0.506021142,0.533998728,-0.542078555,0.961477637,0.550907493,0.544909835,-0.381755561,0.947371721,0.514887869,0.511580169,-0.545022309,0.962026238,0.554335475,0.534766614,-0.321353495,0.945264041,0.508606732,0.504546463,-0.486450911,0.95521009,0.572838962,0.687686861,-0.011530127,0.99612838,0.471729994,0.677324951,0.012186507,0.99543035,0.580796361,0.978983045,-0.073880963,0.870321929,0.463331461,0.96688056,0.07605096,0.843869627,0.570373416,1.261167645,0.29116708,0.183148935,0.454209149,1.26361537,0.416101635,0.196455583,0.567584574,1.297884345,0.318667531,0.170820773,0.455181122,1.303692579,0.445072323,0.122209102,0.565992236,1.36824441,0.148079291,0.094353929,0.453481615,1.364741206,0.263853282,0.090244681
Standing,0.519084752,0.054417774,-0.423076481,0.999891937,0.533468425,0.021856563,-0.400695235,0.999845445,0.542574227,0.021778751,-0.40084824,0.999868929,0.55024147,0.022243336,-0.400959194,0.999812841,0.508391798,0.021225683,-0.393356621,0.999855936,0.501827836,0.021152776,-0.393425047,0.999874532,0.495725334,0.021250106,-0.393586963,0.999845564,0.562221646,0.036211863,-0.239849478,0.999885321,0.49345842,0.039673369,-0.207517341,0.999896348,0.53576839,0.0941374,-0.362712681,0.999936461,0.507359982,0.092346787,-0.352461398,0.999945223,0.618492007,0.251034468,-0.14153026,0.999589205,0.450287044,0.248314098,-0.100983143,0.999448121,0.633564115,0.469866008,-0.161872044,0.991181612,0.418736219,0.472191244,-0.200164944,0.990516543,0.575098872,0.552955091,-0.359839469,0.971621335,0.486059368,0.511831224,-0.497910887,0.981464863,0.556466579,0.579759836,-0.423523664,0.94664079,0.507393599,0.536250532,-0.563471854,0.961639166,0.551319063,0.544909894,-0.434504598,0.949152768,0.517102242,0.513170183,-0.56812644,0.962200582,0.554520011,0.534743011,-0.364979416,0.946986616,0.511520684,0.505531669,-0.502904177,0.955382764,0.573088825,0.687678039,-0.012768189,0.99607867,0.471850395,0.677715957,0.013420381,0.995319307,0.581596255,0.976491988,-0.070984736,0.871451139,0.463348776,0.966819763,0.075489059,0.845325112,0.57278955,1.255417109,0.296764791,0.18466787,0.455757707,1.261915088,0.389424741,0.199867606,0.569696963,1.290692091,0.3248927,0.172492489,0.457360744,1.301640987,0.415035784,0.12438684,0.569692791,1.362693429,0.157700598,0.09517619,0.455973625,1.361421108,0.232472017,0.091502406
Standing,0.519981802,0.054437812,-0.422567904,0.999895811,0.534053504,0.021953091,-0.398452491,0.999851882,0.543067098,0.021838013,-0.398623228,0.999874651,0.550547242,0.022267852,-0.398727328,0.999821246,0.508873105,0.021473121,-0.392409086,0.999860764,0.502165914,0.021501848,-0.392484397,0.999878645,0.496124178,0.021699671,-0.392635226,0.999849856,0.562259793,0.036234036,-0.233192995,0.999891043,0.493474871,0.040118754,-0.206844404,0.999898255,0.536330998,0.094166383,-0.361273021,0.999938965,0.507893384,0.092508219,-0.352323711,0.999946594,0.618561089,0.251036823,-0.141156971,0.999608099,0.45018521,0.248722494,-0.100685738,0.999432206,0.63415277,0.469907135,-0.175352335,0.991625309,0.41915074,0.473010004,-0.209192723,0.990369737,0.575144887,0.553702295,-0.390871584,0.973183215,0.487533659,0.512006998,-0.531058431,0.981359124,0.556805491,0.581075609,-0.457350731,0.949240148,0.509312212,0.536459744,-0.599916399,0.961574972,0.551106989,0.545522928,-0.4679811,0.951656103,0.51971066,0.513417065,-0.604057908,0.962184191,0.554492891,0.535274267,-0.396068037,0.949478507,0.513224721,0.505943894,-0.536818326,0.955394447,0.573796391,0.687406301,-0.012829004,0.996114492,0.472008228,0.677814007,0.01348196,0.995286882,0.582143247,0.974514067,-0.073270604,0.871611953,0.463937521,0.966593504,0.065462925,0.844897449,0.576713979,1.254274368,0.296301782,0.184717998,0.457550704,1.260321617,0.370664418,0.200576335,0.573331296,1.289765954,0.324828714,0.173100203,0.459158093,1.299572229,0.39557156,0.124235883,0.574771762,1.360987902,0.158673957,0.095209584,0.459146887,1.360100269,0.209885195,0.09128391
Standing,0.520367086,0.054400485,-0.427577168,0.999894977,0.534435272,0.021862678,-0.401977599,0.9998523,0.543549418,0.02163415,-0.402163446,0.999874651,0.551024318,0.021972874,-0.402282655,0.999822676,0.508924842,0.021517031,-0.396821529,0.999858558,0.50217092,0.021562876,-0.3968817,0.999875724,0.496124327,0.021759937,-0.397033751,0.999846339,0.562648654,0.035721693,-0.23423402,0.999891818,0.493201256,0.040079363,-0.210165218,0.999893665,0.536780715,0.094101198,-0.364670336,0.999939501,0.507961452,0.092544049,-0.357164979,0.999946415,0.618274391,0.250941664,-0.14232935,0.999617159,0.45004338,0.249342501,-0.104691327,0.999393284,0.634186208,0.468547553,-0.171439081,0.991400063,0.419853687,0.474064946,-0.209293336,0.988908529,0.578481317,0.553005099,-0.381437689,0.973058105,0.487845182,0.512948811,-0.525884807,0.978411496,0.563857555,0.58095938,-0.447168738,0.948899329,0.509248376,0.53678453,-0.593065441,0.957262158,0.557201207,0.54552114,-0.459537029,0.951365411,0.519398391,0.513411582,-0.597418725,0.957992196,0.558676541,0.535143077,-0.387423068,0.948790014,0.513041854,0.505996704,-0.531178176,0.950522602,0.574341714,0.686699986,-0.012496747,0.995831311,0.472220361,0.677364647,0.013150297,0.994822502,0.582359135,0.973069608,-0.066840552,0.872454703,0.464197487,0.962654054,0.056747198,0.844382226,0.574814856,1.21031332,0.357017815,0.19766058,0.457304329,1.221402526,0.385261029,0.213705003,0.56965524,1.236957192,0.391118348,0.184028372,0.458829463,1.254067063,0.414513171,0.132930979,0.574205279,1.321252108,0.234203011,0.103143692,0.458173037,1.324202657,0.23055701,0.098699093
Standing,0.520668149,0.054337706,-0.411536604,0.999897838,0.534548819,0.02187996,-0.38419354,0.999857306,0.543653905,0.021616517,-0.384383112,0.999879301,0.551100433,0.021894066,-0.38448146,0.999829113,0.509003282,0.021563737,-0.380307853,0.999862134,0.502232254,0.021615649,-0.380365819,0.999879122,0.496192217,0.021814292,-0.380507112,0.999849737,0.562647223,0.035342906,-0.213612244,0.999896109,0.493104696,0.040048074,-0.194247425,0.999896646,0.537022769,0.09405718,-0.347436905,0.99994123,0.508140385,0.092564352,-0.341771394,0.999947608,0.618338346,0.250958681,-0.125722706,0.999634027,0.449737012,0.249644369,-0.098085053,0.999387324,0.634321213,0.466276199,-0.170720726,0.991786897,0.419663996,0.474427283,-0.209445044,0.989172995,0.578689694,0.552964628,-0.380517751,0.974701405,0.487776905,0.513405383,-0.523313701,0.979168177,0.56481421,0.581005931,-0.447603762,0.95186013,0.509528995,0.537136197,-0.590945244,0.958659887,0.557197094,0.545879006,-0.459077448,0.954201639,0.519499123,0.51359421,-0.595188677,0.95939672,0.558833838,0.535364211,-0.386507541,0.951716721,0.513553023,0.506147087,-0.528660595,0.95220226,0.574546576,0.687451363,-0.01093627,0.995978177,0.472377837,0.678132355,0.011587741,0.994962573,0.582771897,0.974908292,-0.059639834,0.871532619,0.464302778,0.965066195,0.042599101,0.844871461,0.575591862,1.216908455,0.352712303,0.192737103,0.457305044,1.229162216,0.365662396,0.210602075,0.57085073,1.243552089,0.385270894,0.179692388,0.458804667,1.261660457,0.39317745,0.129880071,0.574324608,1.328234196,0.224369094,0.09996967,0.45935744,1.332715154,0.206053212,0.096327655
Standing,0.520235419,0.054470561,-0.415471554,0.999896765,0.534229279,0.022097928,-0.389088213,0.99985671,0.543264985,0.021945709,-0.389266074,0.999878466,0.550769329,0.022287806,-0.389359772,0.999828398,0.508727491,0.02161929,-0.384712875,0.999861121,0.502003968,0.021644633,-0.384775758,0.99987781,0.495890558,0.02183638,-0.384918332,0.999848247,0.562175095,0.035632964,-0.220735863,0.999895036,0.49274531,0.040036619,-0.199790984,0.999894977,0.536476552,0.094096869,-0.351956815,0.999940574,0.50786835,0.092531376,-0.345845997,0.999947309,0.617857039,0.250955105,-0.127267003,0.999636173,0.449531615,0.249646232,-0.100675523,0.999382138,0.634328008,0.466160744,-0.159259796,0.991594493,0.416932434,0.474418759,-0.209110886,0.988818824,0.580057323,0.552490294,-0.353272974,0.974633336,0.487788528,0.513426483,-0.51942569,0.977728903,0.5670771,0.580895007,-0.414879888,0.951459885,0.510326982,0.537193775,-0.586306572,0.9559834,0.55894506,0.546059906,-0.428401142,0.953839779,0.52031076,0.513604641,-0.588658869,0.956759751,0.560525239,0.53540045,-0.359408081,0.951019943,0.514693677,0.506208122,-0.523956597,0.949070215,0.574653625,0.687437654,-0.010785147,0.995821297,0.472382069,0.67799145,0.011433459,0.994819045,0.582826495,0.974236906,-0.0398928,0.871469021,0.464424521,0.960427403,0.053297192,0.845669687,0.575677156,1.215481639,0.35646829,0.200473219,0.457175195,1.22601831,0.374517053,0.220341265,0.570830703,1.24360466,0.387919664,0.185991809,0.458723158,1.259519815,0.402173817,0.135676727,0.575211167,1.326116562,0.228381366,0.105123311,0.459006727,1.327851415,0.219635516,0.101219699
Standing,0.518632233,0.054259427,-0.418762058,0.999894977,0.533162951,0.021723194,-0.393224537,0.99985379,0.542410076,0.021585558,-0.393394887,0.999875903,0.550189197,0.021957738,-0.393506616,0.999824941,0.507689178,0.021205232,-0.386987388,0.999857962,0.501112103,0.021149037,-0.387069851,0.999874949,0.494982153,0.021317039,-0.387221962,0.99984467,0.562010825,0.035513286,-0.229988217,0.999893486,0.492532074,0.039492041,-0.199834466,0.999891341,0.535620928,0.09386339,-0.356995612,0.999940157,0.506834626,0.091997191,-0.348189414,0.999946475,0.617889762,0.251018614,-0.139822453,0.999630094,0.449490875,0.249553546,-0.100963511,0.999385238,0.63449502,0.467281312,-0.170205951,0.991377771,0.416740358,0.474360526,-0.206784964,0.988164485,0.581094503,0.552454591,-0.372503489,0.973517299,0.487065226,0.514054954,-0.515965044,0.976159096,0.568210244,0.580991507,-0.436358362,0.949288607,0.510262966,0.538990378,-0.582942367,0.953212082,0.560485721,0.546248019,-0.44899106,0.951855421,0.519305944,0.514321744,-0.585911393,0.954035997,0.562080979,0.535425961,-0.378659785,0.948833644,0.513912082,0.506490111,-0.521064162,0.945951521,0.575430691,0.68727982,-0.012134361,0.995676994,0.472419173,0.678068817,0.01277639,0.994700015,0.582793951,0.973120868,-0.064075999,0.870520353,0.464271307,0.960445225,0.054957252,0.844364882,0.576217592,1.212172627,0.348553717,0.203411698,0.456735939,1.22322917,0.400039971,0.225832641,0.571391046,1.241092324,0.380484164,0.190191597,0.458710372,1.258349538,0.430010021,0.14104782,0.576002896,1.323167801,0.221286461,0.107647784,0.454664856,1.324490905,0.251303434,0.104425423
Standing,0.516793847,0.054273847,-0.416565359,0.999898612,0.531045437,0.02176407,-0.39079982,0.999858677,0.540314972,0.021697011,-0.390965998,0.999880672,0.548457265,0.022108484,-0.391068041,0.9998312,0.50634867,0.021229513,-0.384934962,0.999861956,0.500005126,0.021181075,-0.385014176,0.999878824,0.49382025,0.021333301,-0.385162532,0.999848485,0.560606718,0.035748184,-0.226803973,0.999897897,0.491633654,0.039575491,-0.198117226,0.999894798,0.533986628,0.093873151,-0.354640007,0.999942243,0.505734861,0.091959342,-0.346241623,0.999947846,0.617267251,0.25042519,-0.134691283,0.999647141,0.449299753,0.249000192,-0.100941457,0.999394834,0.634761035,0.465568274,-0.158138648,0.991719663,0.416620165,0.473729461,-0.207927227,0.988414645,0.581428349,0.552587688,-0.358590871,0.974781334,0.487224489,0.514170229,-0.515594125,0.976783216,0.568405509,0.5817433,-0.423235953,0.951504469,0.510808468,0.539543092,-0.581925511,0.954224825,0.560204864,0.547592878,-0.43550244,0.953983009,0.520102143,0.515388787,-0.585457921,0.955037117,0.561893582,0.536403954,-0.364517987,0.951123178,0.514743865,0.5072245,-0.520699859,0.947292745,0.575479269,0.687124372,-0.011821109,0.995873868,0.472418368,0.678029776,0.012491779,0.994908988,0.582799315,0.973586798,-0.072310306,0.872538626,0.46307534,0.962781429,0.053475529,0.845660746,0.575213134,1.222963929,0.327085167,0.20034416,0.455935329,1.227410674,0.39755711,0.220375851,0.570160031,1.255012512,0.35850656,0.188541844,0.45808357,1.264599562,0.426877171,0.138516307,0.575334191,1.335330129,0.19885084,0.104927525,0.454019785,1.329276323,0.248598099,0.101159625
Standing,0.516489387,0.054252174,-0.41611132,0.999898911,0.530809045,0.021781582,-0.390571862,0.999860346,0.540099323,0.021756522,-0.390743315,0.999881387,0.548255503,0.022213649,-0.390852988,0.999833286,0.506064951,0.021250021,-0.384690553,0.999863267,0.49972716,0.021205448,-0.384758294,0.999879122,0.493455797,0.02135879,-0.384901643,0.999849677,0.560240626,0.035864174,-0.226765469,0.999898612,0.491134703,0.039596613,-0.197796971,0.999894679,0.533701599,0.093872271,-0.354199827,0.999942899,0.505384803,0.091845855,-0.345730484,0.999948263,0.617011964,0.250078648,-0.134710073,0.999647975,0.449014366,0.249001369,-0.100660905,0.999389768,0.634783387,0.462885737,-0.155431464,0.991182745,0.416627645,0.474112183,-0.210111782,0.988103807,0.581533432,0.552141428,-0.351265013,0.973153532,0.487445503,0.51385051,-0.520516217,0.976064444,0.569374204,0.583058476,-0.415219367,0.948668122,0.510944188,0.539479673,-0.58852011,0.952915013,0.560219884,0.549244702,-0.430624783,0.9513219,0.520183861,0.515171707,-0.592455745,0.953733742,0.561981082,0.537054002,-0.358656943,0.948272645,0.514628053,0.507127941,-0.526077867,0.945576072,0.574981868,0.686219335,-0.012185836,0.995875001,0.472256511,0.678378582,0.012847784,0.994856298,0.582467437,0.972524345,-0.073732652,0.872536123,0.463737398,0.962686658,0.058930725,0.845811844,0.576296687,1.227705836,0.298118919,0.207119137,0.456623316,1.229922652,0.389119714,0.226383418,0.571195185,1.260462999,0.325999975,0.191832975,0.458864927,1.267184734,0.415939808,0.140456349,0.577627957,1.338751793,0.155854851,0.108900785,0.455353737,1.33160162,0.231554955,0.10433057
Standing,0.51453793,0.053854618,-0.407418579,0.99990195,0.529223859,0.021320349,-0.381008834,0.999864459,0.538603723,0.021411527,-0.381206095,0.999886096,0.546973228,0.021968514,-0.381296903,0.999838889,0.504805088,0.020640431,-0.374434382,0.999865949,0.498512268,0.020507243,-0.374495447,0.99988234,0.492310703,0.020731019,-0.374636978,0.999851704,0.559409499,0.035830874,-0.215895534,0.999903202,0.490693718,0.039135911,-0.182999879,0.999896348,0.532073915,0.093742192,-0.345518827,0.99994415,0.503930748,0.091298759,-0.336100817,0.999948442,0.616848886,0.249959394,-0.131801903,0.999658763,0.448590696,0.249130383,-0.087171875,0.999372959,0.634787679,0.461739779,-0.169630736,0.991665244,0.416286767,0.474799037,-0.210577577,0.988353848,0.581509233,0.552298605,-0.396297872,0.974735796,0.484991163,0.51063329,-0.543504238,0.977104366,0.569278121,0.583904505,-0.467060566,0.951630771,0.509544551,0.535912693,-0.616279364,0.954951286,0.560137391,0.549681664,-0.482967943,0.954173207,0.517646074,0.5126158,-0.619780719,0.955726326,0.561716795,0.537546217,-0.404530704,0.951331019,0.512980521,0.504956663,-0.549615324,0.947931647,0.574305296,0.686315715,-0.012260374,0.996070921,0.471443504,0.67891258,0.01292444,0.995060563,0.581313491,0.972991705,-0.068584487,0.875281632,0.463710636,0.966524243,0.059000574,0.849721372,0.575332522,1.238984227,0.318446815,0.205846533,0.455432743,1.249288678,0.385476381,0.226585791,0.570811391,1.271976471,0.348033309,0.190029696,0.457386017,1.287458181,0.411644876,0.139406458,0.574759662,1.34837079,0.174416572,0.10675931,0.455340445,1.349718332,0.221933052,0.102842353
Standing,0.514252722,0.053621758,-0.404957861,0.999881208,0.528910458,0.021116022,-0.379166543,0.999835968,0.53828311,0.021259263,-0.379362732,0.9998613,0.546655774,0.021852218,-0.379468828,0.999805808,0.504408836,0.020349501,-0.373569965,0.999839127,0.498118818,0.020177962,-0.373630852,0.999858201,0.491921335,0.020425906,-0.373788863,0.999823689,0.559197545,0.035702765,-0.215779141,0.999878228,0.490311861,0.038819395,-0.185950696,0.999876022,0.531874776,0.093578562,-0.34343785,0.999930561,0.503768981,0.090851404,-0.33535555,0.999937594,0.616039097,0.249301225,-0.122473218,0.999621391,0.448590219,0.248303652,-0.08866109,0.999330223,0.633938134,0.460749656,-0.122428752,0.990436256,0.416240215,0.474588782,-0.198792592,0.987689793,0.581464827,0.550924182,-0.299383283,0.97193414,0.486208588,0.510677278,-0.485037148,0.975805223,0.569302857,0.583663106,-0.356760204,0.947268248,0.510521233,0.535897553,-0.548203588,0.952538431,0.560329795,0.550277293,-0.372975081,0.950030744,0.518661678,0.512612045,-0.551056027,0.953324735,0.561718225,0.537835717,-0.306571424,0.947021067,0.513165593,0.504952908,-0.489269793,0.944928944,0.573485494,0.684610844,-0.008479265,0.995951176,0.471193701,0.677165866,0.009081985,0.994934976,0.581011057,0.971500158,-0.04595723,0.867948711,0.465464443,0.964771509,0.059026591,0.84112674,0.56968081,1.218662739,0.344809115,0.203579381,0.46054703,1.232051373,0.386243641,0.223535359,0.565510571,1.247971892,0.375567406,0.187432468,0.462182671,1.26569581,0.413028955,0.136678636,0.568023324,1.324016213,0.213979319,0.106670588,0.462595314,1.332610607,0.227168202,0.102335647
Standing,0.514349282,0.053298824,-0.412863791,0.999887168,0.529025078,0.020943379,-0.387890816,0.999843895,0.538435161,0.021106161,-0.388075382,0.999868691,0.546743393,0.021722145,-0.388162673,0.999815226,0.504435062,0.019917823,-0.3822321,0.999846935,0.498146057,0.019641357,-0.382313579,0.999865592,0.491942227,0.019755038,-0.382451862,0.999831915,0.55923301,0.035535108,-0.224569127,0.999885082,0.490316242,0.038023368,-0.195285216,0.999882281,0.531933665,0.093172297,-0.351058185,0.999933481,0.503771067,0.089949675,-0.342950195,0.999939978,0.615935683,0.249280319,-0.130839929,0.9996351,0.448049456,0.248393878,-0.090172186,0.999347031,0.63421607,0.460233599,-0.137946337,0.990874708,0.415143192,0.474077612,-0.206268981,0.988209963,0.581679165,0.550803483,-0.333222449,0.973192453,0.485507309,0.510715544,-0.529094815,0.976943612,0.569234252,0.583678126,-0.392849237,0.949538171,0.509462118,0.535988808,-0.597307801,0.954603136,0.560253203,0.550299525,-0.410387218,0.952222943,0.516614795,0.512615263,-0.598698497,0.955355048,0.561661243,0.537841797,-0.340432316,0.949399114,0.512126267,0.504962385,-0.533387482,0.947316825,0.573443532,0.683867753,-0.010005636,0.996116519,0.471100718,0.677066743,0.010646379,0.995096922,0.58095777,0.97051996,-0.073980972,0.869134665,0.465708673,0.964640558,0.069881298,0.842695713,0.571740746,1.237878561,0.282764167,0.198501393,0.461082637,1.244092703,0.38667357,0.217855066,0.568027198,1.271548271,0.309999079,0.183599874,0.462778032,1.281224489,0.413201272,0.134559497,0.569808781,1.344700336,0.142061383,0.102907866,0.464012086,1.344247699,0.22855556,0.098965019
Standing,0.514437318,0.053831711,-0.395204693,0.999885976,0.529093623,0.021634284,-0.37036103,0.99984175,0.538496315,0.021841696,-0.370554507,0.999865949,0.546782374,0.022441192,-0.370684713,0.999811888,0.504478216,0.020393627,-0.364997923,0.999846578,0.498178005,0.020066837,-0.365032494,0.999864757,0.491973162,0.020083066,-0.365174234,0.999831855,0.559244215,0.036077168,-0.207933828,0.999882579,0.49030757,0.038144257,-0.18094644,0.999883235,0.5319736,0.093535557,-0.33314243,0.999931872,0.503804803,0.090287477,-0.325661629,0.999939322,0.615344048,0.249441832,-0.109152555,0.999601424,0.448249012,0.246697694,-0.081918702,0.999349058,0.632609963,0.460469306,-0.109735623,0.990063906,0.415136009,0.470035374,-0.1832425,0.988158166,0.581167877,0.550554812,-0.283442825,0.97040236,0.486894131,0.511005402,-0.468690932,0.97659719,0.567320466,0.583016634,-0.339922249,0.945630491,0.510194302,0.536005855,-0.530607224,0.953983247,0.559090614,0.550082386,-0.3555125,0.948377192,0.51927793,0.512726188,-0.533799708,0.954614043,0.559016645,0.537739038,-0.290320098,0.945344388,0.5144068,0.505097151,-0.472784668,0.946207047,0.572681487,0.683697999,-0.010032401,0.996072948,0.471018553,0.677310228,0.010672593,0.995103061,0.580949664,0.973418236,-0.083514944,0.871939838,0.465809822,0.969916105,0.047659718,0.846554935,0.571638703,1.245341778,0.264521003,0.207598671,0.462086618,1.259539366,0.334928036,0.229723543,0.567458332,1.278604865,0.290227592,0.18680945,0.464575678,1.297855735,0.357902706,0.138491273,0.569842637,1.353682518,0.121986829,0.107292078,0.463886738,1.359148026,0.168055385,0.104147732
Standing,0.514507949,0.053626701,-0.397170216,0.999880135,0.529146016,0.021377606,-0.372343659,0.999834478,0.53853929,0.021596001,-0.372528374,0.999858797,0.546809554,0.022250533,-0.372652918,0.999802887,0.504511714,0.020201666,-0.36650008,0.999840379,0.498200476,0.019875128,-0.366545379,0.999858737,0.491996586,0.019871499,-0.366690069,0.999825895,0.559251666,0.035929177,-0.210389227,0.999876022,0.490312755,0.037568115,-0.18142274,0.999878824,0.532009065,0.093279935,-0.335596383,0.999928653,0.503804505,0.08982221,-0.327397883,0.9999367,0.615356028,0.249515727,-0.11348021,0.999582529,0.448251188,0.246673837,-0.084380634,0.999336421,0.632592738,0.461146325,-0.11341095,0.98948878,0.414350331,0.469402611,-0.18602863,0.988291919,0.58115536,0.550548434,-0.280111551,0.968836665,0.486344397,0.51044482,-0.481698662,0.976828694,0.56734252,0.583004892,-0.336567223,0.943051696,0.510179579,0.533994734,-0.54701525,0.954092741,0.559059381,0.550190091,-0.351343125,0.945872128,0.518358529,0.511610091,-0.551266849,0.954630613,0.559065878,0.537808836,-0.286380589,0.942904294,0.513303638,0.504580021,-0.487097919,0.946149349,0.572258592,0.683897734,-0.009814668,0.996150672,0.47098583,0.677160323,0.010445763,0.995173573,0.580926061,0.974615991,-0.07992132,0.86885643,0.465873241,0.969778121,0.050924875,0.843266904,0.57104212,1.246626377,0.282805622,0.204613373,0.461887419,1.258174419,0.360244244,0.225376919,0.566650748,1.279688478,0.310541809,0.183357492,0.464092731,1.296365499,0.386722773,0.135112777,0.569509864,1.355049014,0.143537462,0.105639175,0.463823617,1.357712507,0.196917474,0.10235174
Standing,0.514357388,0.053610161,-0.396048427,0.999886692,0.528929234,0.021369135,-0.370257735,0.999843359,0.538279891,0.021577448,-0.37044397,0.999866784,0.546548188,0.022220792,-0.370537102,0.999813437,0.504255295,0.020215137,-0.364664137,0.999848723,0.497945964,0.019893786,-0.364719361,0.999866366,0.491677344,0.019917239,-0.364856422,0.999834478,0.558859944,0.035900578,-0.206747845,0.999883235,0.489915073,0.037635267,-0.178893685,0.99988544,0.531857848,0.093274243,-0.33442536,0.999932289,0.503699362,0.089885317,-0.326492429,0.999939859,0.615106225,0.249527425,-0.115242146,0.999603271,0.448319048,0.246288896,-0.083798483,0.999355793,0.632964492,0.461300611,-0.132448465,0.990131438,0.414282471,0.466509491,-0.189336956,0.988871098,0.581383109,0.550545335,-0.339850456,0.97090286,0.485412657,0.510397613,-0.48651129,0.977998972,0.56758523,0.583041847,-0.40454784,0.94657129,0.509836912,0.534586906,-0.550832331,0.956129134,0.559058964,0.550854921,-0.417235553,0.949231863,0.518407166,0.512751698,-0.556666017,0.956638038,0.559309959,0.538348794,-0.345926344,0.946409702,0.513026178,0.50531137,-0.492674589,0.948535562,0.572110295,0.68384999,-0.009873791,0.996297896,0.470950276,0.677647769,0.010507538,0.995350063,0.582194984,0.974128783,-0.069739841,0.869777679,0.467089742,0.971173525,0.052079029,0.844852328,0.571635127,1.245995045,0.296875417,0.201427877,0.465000689,1.258385539,0.363338053,0.223424971,0.56774056,1.278876901,0.325004756,0.180492878,0.46724233,1.29633379,0.389347553,0.133382082,0.569721878,1.354411006,0.16170755,0.103390336,0.467643082,1.3580302,0.201938987,0.100657567
Standing,0.514746845,0.053622209,-0.397686839,0.999888718,0.529253066,0.021479823,-0.372063339,0.999847114,0.538571835,0.021719616,-0.372248799,0.999870002,0.546774983,0.022381896,-0.372345448,0.999818265,0.504397511,0.020289904,-0.366452962,0.999851763,0.49811396,0.020002997,-0.366511047,0.999868691,0.491818994,0.02003848,-0.366649866,0.999836862,0.55896008,0.035986327,-0.207991868,0.999886572,0.489918232,0.037893426,-0.180676684,0.999888062,0.532343507,0.093367875,-0.336070597,0.999934077,0.503878653,0.090040855,-0.328006476,0.999941289,0.615744889,0.249531597,-0.116774239,0.99961555,0.448419631,0.24627541,-0.090159915,0.999354541,0.633451879,0.460817635,-0.134631276,0.990448475,0.41456303,0.466166168,-0.208226293,0.989129186,0.582361281,0.550624728,-0.340049803,0.971961558,0.485406965,0.510557473,-0.504190207,0.978331864,0.569993615,0.58322835,-0.404638112,0.948449433,0.509727657,0.535672605,-0.570266426,0.956540167,0.560159385,0.551719129,-0.417769104,0.951022208,0.518406153,0.514293253,-0.575168073,0.957077563,0.56077224,0.539186358,-0.346364111,0.948264718,0.512845695,0.5061782,-0.509939969,0.949240685,0.571852863,0.684135795,-0.008832276,0.996411264,0.47088623,0.677640975,0.009491952,0.995431483,0.582337081,0.974035382,-0.067235649,0.869012833,0.467080414,0.965641439,0.063386165,0.840331674,0.570973754,1.238085985,0.305105001,0.197016269,0.464626014,1.241104126,0.404292881,0.215541154,0.566780746,1.269688368,0.333833456,0.177220777,0.466828585,1.277261853,0.433669627,0.129852027,0.569243312,1.345674992,0.170068324,0.100308806,0.467319161,1.340292096,0.249885321,0.097074389
Standing,0.514826238,0.05374299,-0.398240536,0.999881148,0.529271603,0.021583578,-0.372540802,0.999837518,0.538600028,0.02179924,-0.372727334,0.99986136,0.546795547,0.022425095,-0.372822225,0.999808431,0.504460752,0.020485265,-0.36713022,0.999842167,0.498191535,0.020229736,-0.367188156,0.999858797,0.49193722,0.020246794,-0.367333472,0.99982512,0.55896008,0.035985373,-0.208773926,0.999879301,0.490226746,0.037943419,-0.181763023,0.999879479,0.532419562,0.09341307,-0.33679533,0.999930203,0.504021466,0.090204582,-0.328958303,0.999937594,0.61605078,0.249582052,-0.117624782,0.999614358,0.448686182,0.245850697,-0.090981372,0.999331176,0.633461773,0.460616976,-0.134713367,0.990630984,0.415150732,0.465187043,-0.202351496,0.988984823,0.582344532,0.550620139,-0.339859635,0.97291857,0.483885348,0.510644257,-0.490563482,0.977891862,0.569968224,0.583026409,-0.404105008,0.950197399,0.505977094,0.536139727,-0.555740952,0.955889106,0.56025213,0.551724732,-0.417640984,0.952669263,0.513923228,0.514412642,-0.561585784,0.95637089,0.560840249,0.539318264,-0.346229702,0.949893415,0.509895384,0.506336927,-0.496480078,0.948498905,0.571357846,0.684138179,-0.007492961,0.996425688,0.470814854,0.677111268,0.00812096,0.99545455,0.581657529,0.97211653,-0.044336893,0.862227976,0.467214972,0.962435246,0.059121035,0.8347767,0.563283205,1.21735239,0.329073012,0.191673949,0.46375972,1.222517252,0.389479071,0.210967585,0.558424115,1.244820714,0.3580814,0.173412934,0.465527117,1.255404234,0.418119341,0.127981886,0.559999526,1.322309494,0.200458765,0.097518712,0.46528095,1.320301771,0.241342589,0.095218308
Standing,0.51484406,0.053993516,-0.399500817,0.999884069,0.52928561,0.022223091,-0.374167442,0.999842167,0.538518965,0.022430716,-0.374339283,0.999865234,0.546639502,0.022999894,-0.374426305,0.999814034,0.504505634,0.021326076,-0.368210018,0.999846458,0.498295009,0.021211466,-0.368274152,0.999862552,0.492114604,0.021320555,-0.368417472,0.999829948,0.558722138,0.036603712,-0.212199777,0.999882996,0.490513414,0.038945522,-0.182958826,0.999882638,0.532424033,0.093500488,-0.338862956,0.999932289,0.504143834,0.090531632,-0.330430627,0.999939382,0.61649102,0.250311226,-0.125484616,0.999622583,0.44920668,0.245658681,-0.092759952,0.999345064,0.633692503,0.461232454,-0.163247928,0.990935743,0.415115416,0.462289095,-0.209522277,0.989201665,0.581557631,0.550618052,-0.375803351,0.973889172,0.48360306,0.510386407,-0.508908153,0.978024781,0.568466663,0.581755757,-0.441169649,0.951759756,0.505930543,0.536098123,-0.57539916,0.956029892,0.558934331,0.550920427,-0.452729553,0.954140484,0.514107704,0.51440835,-0.578204751,0.956450403,0.560159326,0.539093137,-0.381713808,0.951308131,0.509908199,0.506338477,-0.513790727,0.948624313,0.571358919,0.683997869,-0.007906239,0.996441782,0.47083354,0.676062524,0.008523303,0.9954862,0.58089602,0.972039342,-0.048810851,0.862040699,0.466321379,0.960003912,0.055199437,0.836441636,0.563563287,1.219222903,0.327543795,0.192395881,0.459593296,1.225033641,0.374276549,0.213419497,0.559018373,1.247655869,0.357034773,0.173646659,0.461364836,1.258904934,0.401209295,0.128925815,0.560323894,1.325265765,0.197912306,0.097619995,0.460504919,1.323626637,0.220253706,0.09591952
Standing,0.514872968,0.053938776,-0.403818756,0.999884725,0.529272377,0.022143582,-0.378214806,0.999843597,0.538467407,0.022254372,-0.378382206,0.999866247,0.546572745,0.0227255,-0.378465712,0.999815702,0.504517198,0.021341203,-0.373015136,0.999848068,0.498303741,0.021267783,-0.373078167,0.999863923,0.492120922,0.021442009,-0.37322557,0.999832034,0.558581173,0.036157519,-0.214687556,0.999883235,0.490462214,0.039193008,-0.189136475,0.999884486,0.532429338,0.093306698,-0.342331231,0.999932349,0.504176855,0.090602696,-0.334942877,0.999939978,0.616400957,0.248989254,-0.125525445,0.999622047,0.449181557,0.245426342,-0.100151241,0.999348223,0.633613288,0.459012151,-0.153153047,0.990777135,0.415122122,0.462442309,-0.214212656,0.989388108,0.581777334,0.549887896,-0.348329723,0.973947942,0.488816649,0.511581182,-0.50882411,0.977999687,0.569517791,0.581421733,-0.410952806,0.951865613,0.52074033,0.540068686,-0.575255334,0.955778301,0.560142398,0.550846815,-0.425014794,0.954230189,0.521277845,0.516250551,-0.577464461,0.956168711,0.561292171,0.53896457,-0.355074078,0.951345503,0.516004503,0.507902741,-0.513522804,0.948295414,0.5714342,0.683689833,-0.007749996,0.996458232,0.470927298,0.675204992,0.008368223,0.995529056,0.580873609,0.971573949,-0.0415782,0.862453043,0.466320813,0.9597857,0.056979664,0.837824941,0.563989878,1.220655441,0.338638723,0.1949251,0.458862633,1.226588964,0.374748409,0.215731815,0.55960995,1.2495538,0.368406266,0.175550029,0.460296214,1.261045694,0.401696861,0.129356161,0.560441554,1.32705462,0.207153529,0.098855644,0.460479409,1.325044036,0.220525309,0.096798487
Standing,0.517349362,0.053966459,-0.404359013,0.999887347,0.531161845,0.022153266,-0.378247052,0.999847472,0.540217996,0.022236567,-0.378414005,0.999870181,0.547842503,0.022662904,-0.378497332,0.999820292,0.505759299,0.021590715,-0.373381317,0.999852121,0.499202162,0.021642573,-0.37344867,0.999868274,0.493082464,0.021895399,-0.373597503,0.999837041,0.559374928,0.035895847,-0.213258579,0.999887109,0.49062866,0.039518267,-0.189142689,0.999889135,0.53418076,0.093284011,-0.342395425,0.999933362,0.505568504,0.091126621,-0.335234344,0.999941051,0.61675626,0.248971939,-0.122432038,0.999620318,0.449418157,0.245494232,-0.10086818,0.999356031,0.633866847,0.458953232,-0.152707964,0.990825832,0.415369809,0.462565839,-0.225499302,0.98988688,0.582637489,0.550116301,-0.356369764,0.974057794,0.492622077,0.513679445,-0.5264346,0.978932738,0.571392655,0.582532108,-0.420675576,0.952333152,0.526812077,0.544654787,-0.593636155,0.957400441,0.561123908,0.55252713,-0.434393108,0.954701364,0.528287292,0.517815948,-0.594430566,0.957778394,0.56220901,0.540066302,-0.363503039,0.95195806,0.520476222,0.509672999,-0.529978037,0.950151563,0.572145045,0.68368125,-0.008601855,0.996546388,0.471175015,0.675294399,0.009234352,0.99565196,0.581002772,0.973190665,-0.070311375,0.864759743,0.466328949,0.962496102,0.051825047,0.840750754,0.571057022,1.24093461,0.299384177,0.193061665,0.460376918,1.256065845,0.351248413,0.214390293,0.567790747,1.273544192,0.327458769,0.172853708,0.461839616,1.295275569,0.375561565,0.127426729,0.566937089,1.348740101,0.157397941,0.096908994,0.462292999,1.354814649,0.185051888,0.095141046
Standing,0.517339885,0.053966396,-0.414637148,0.999891162,0.53113097,0.022187021,-0.389282644,0.999852717,0.540119112,0.022248235,-0.389451146,0.999875009,0.547736585,0.022662934,-0.389528215,0.99982655,0.505815268,0.02173855,-0.383982331,0.999857068,0.499312401,0.02182208,-0.384059668,0.999873102,0.493251234,0.022060046,-0.384200871,0.999842525,0.559075475,0.03589692,-0.224609405,0.99989146,0.490821183,0.039634351,-0.198644191,0.999893486,0.534111619,0.093255617,-0.352528334,0.999935448,0.505588055,0.091135882,-0.344984651,0.999942899,0.616858125,0.248975441,-0.129823297,0.999633729,0.449344486,0.245672673,-0.102933809,0.999371707,0.635121942,0.459856302,-0.156746045,0.991212308,0.414619923,0.462513357,-0.222269773,0.990237296,0.583209455,0.549788594,-0.363815367,0.975206673,0.490350068,0.513472021,-0.524817586,0.979616046,0.572311759,0.582068741,-0.427826405,0.954255283,0.519958675,0.543504536,-0.591758192,0.958594382,0.561959565,0.552406192,-0.441020161,0.956533372,0.525487185,0.517705321,-0.592917442,0.958941042,0.56318897,0.540022612,-0.370254666,0.953845203,0.517707169,0.509564281,-0.528554797,0.95151335,0.572152078,0.683756411,-0.008946806,0.99664402,0.4710311,0.675250351,0.009583284,0.995752096,0.580687106,0.971708417,-0.054122597,0.864106715,0.466028363,0.962330878,0.066367343,0.841120422,0.570434809,1.240552306,0.308179706,0.190454006,0.460369647,1.247078896,0.379687846,0.211113155,0.567068279,1.273135066,0.335708022,0.171442002,0.461835861,1.283712983,0.406439841,0.126609862,0.566720128,1.347250819,0.170473099,0.095184833,0.462672293,1.346078873,0.22733064,0.093498401
Standing,0.516782403,0.054029316,-0.432050139,0.999888837,0.530673563,0.022301624,-0.408767521,0.999849617,0.539673865,0.022347337,-0.408919036,0.999871492,0.547417998,0.022731729,-0.409015834,0.999822736,0.505706131,0.021857083,-0.402164936,0.999854386,0.499263376,0.021902954,-0.402237117,0.999870002,0.493233591,0.022093376,-0.402395725,0.999839962,0.558930457,0.03593576,-0.247429773,0.999888659,0.491029203,0.039489254,-0.216269046,0.999891102,0.533731818,0.093329683,-0.370535433,0.999934673,0.505480468,0.091104552,-0.361525178,0.999942422,0.616972744,0.248844609,-0.14449884,0.999631107,0.449344724,0.245605052,-0.110543512,0.999372602,0.635114193,0.462246478,-0.155942366,0.991199911,0.414525449,0.462808102,-0.22043708,0.99008137,0.581976712,0.549829483,-0.340128869,0.975413203,0.48816371,0.513454854,-0.522647321,0.979043603,0.570180178,0.581517339,-0.397841036,0.954279602,0.51486069,0.543470323,-0.589994609,0.957323492,0.560538054,0.551171303,-0.408577591,0.956474364,0.520747244,0.517475367,-0.591737628,0.95760113,0.56213367,0.539132535,-0.344157428,0.953557789,0.514870822,0.509419978,-0.526557803,0.950014472,0.572430491,0.683559477,-0.009048392,0.996527135,0.471103489,0.674584806,0.009675408,0.995650232,0.580520511,0.971082568,-0.042461473,0.864117265,0.465758711,0.959885061,0.066445775,0.840831161,0.568412185,1.232397914,0.333141536,0.194902107,0.460035741,1.236347675,0.383819997,0.214358538,0.564196169,1.263107181,0.362515867,0.176500559,0.461610466,1.270772338,0.411184639,0.129145965,0.565676272,1.340707183,0.202239677,0.098338529,0.461980909,1.338096142,0.23234646,0.095773645
Standing,0.516971946,0.053802118,-0.454297215,0.999884844,0.530945718,0.021614738,-0.428633541,0.999844551,0.540017009,0.021421561,-0.428805262,0.99986738,0.547729135,0.021674689,-0.42890805,0.999818087,0.505966783,0.021525735,-0.423102617,0.999849498,0.499448717,0.021618778,-0.423203558,0.999865532,0.493448973,0.021833003,-0.423371851,0.999834657,0.559073925,0.03537593,-0.259880245,0.999886751,0.491211414,0.039358106,-0.232743055,0.999886513,0.533885419,0.093147084,-0.390339881,0.999932528,0.505686224,0.09074565,-0.382631898,0.999939978,0.617082179,0.248836517,-0.163257256,0.99961704,0.449200392,0.245806679,-0.128036365,0.999342144,0.635926604,0.463653892,-0.184618324,0.991338253,0.415264368,0.465052724,-0.23844412,0.990038157,0.581550419,0.550910115,-0.376319081,0.975303113,0.491277635,0.513854861,-0.539746404,0.978555679,0.569386363,0.581826329,-0.438478231,0.954000175,0.522239864,0.543371141,-0.607172191,0.956381142,0.560471475,0.551168621,-0.45100075,0.956198931,0.524547517,0.517343819,-0.607717574,0.956635833,0.562087357,0.539226413,-0.381743371,0.953259706,0.519374013,0.509407699,-0.543431759,0.948874712,0.572407842,0.683725417,-0.010683527,0.996313512,0.471230417,0.67449075,0.011303669,0.995448172,0.580591083,0.970035613,-0.040648244,0.862936795,0.466128677,0.959913731,0.065915808,0.841824293,0.568609595,1.226350665,0.353400171,0.194440141,0.460018724,1.234603047,0.384624213,0.216886207,0.564648092,1.255439639,0.38476193,0.177379474,0.461593568,1.268403053,0.412177026,0.131547511,0.565780163,1.334016204,0.224562675,0.098321892,0.461942673,1.335614085,0.231202632,0.097175114
Standing,0.517216086,0.05334435,-0.450184494,0.999887645,0.53108108,0.020834358,-0.423318923,0.999848485,0.540155649,0.020506999,-0.423490286,0.999871016,0.547865093,0.020728163,-0.423604637,0.999822855,0.506099999,0.021062048,-0.417545885,0.999852836,0.4995583,0.021200035,-0.417621374,0.999868512,0.493552268,0.021384055,-0.417800665,0.999837995,0.559202075,0.034298223,-0.25507012,0.999890447,0.49121362,0.038528942,-0.227135584,0.999889374,0.534309387,0.092677571,-0.386856258,0.999934375,0.506007373,0.090550117,-0.378892422,0.999941409,0.617754579,0.248131394,-0.162024215,0.999631345,0.449186563,0.245580718,-0.124521472,0.999349296,0.63625592,0.46313256,-0.171797469,0.991738319,0.415145159,0.46490398,-0.234242156,0.990325511,0.581628382,0.550483227,-0.362385541,0.976548672,0.491084635,0.512495995,-0.534410834,0.979281485,0.569405735,0.581632257,-0.424393028,0.95610255,0.520925462,0.541346788,-0.601291299,0.957691789,0.56056726,0.551086068,-0.435983181,0.958185136,0.524247825,0.516146123,-0.602460563,0.957913816,0.562238336,0.539156914,-0.367009938,0.955382049,0.518939257,0.508229017,-0.53830564,0.950451374,0.57266885,0.683457971,-0.010524216,0.996421635,0.471222639,0.673903465,0.011154955,0.995550931,0.581095219,0.973688424,-0.041139677,0.864012122,0.465916246,0.959612727,0.065584704,0.843285799,0.570578098,1.227650285,0.347494572,0.191573396,0.459947497,1.2346735,0.386518717,0.213538617,0.566404343,1.257407784,0.377842396,0.175800234,0.461521924,1.268633723,0.414409876,0.130003706,0.569339991,1.33575666,0.215046406,0.096168116,0.46196565,1.335662484,0.23367694,0.09520144
Standing,0.517430484,0.053386185,-0.44080916,0.999881506,0.531234562,0.020961955,-0.414736509,0.999837339,0.54035002,0.020691276,-0.414909214,0.999862015,0.548043251,0.020908894,-0.415019095,0.999808967,0.506179154,0.02106435,-0.409109056,0.999843955,0.499613464,0.021193722,-0.409184843,0.999861956,0.493585169,0.021361046,-0.409350634,0.999830365,0.559317052,0.034301057,-0.248259142,0.99988246,0.491193682,0.038396504,-0.220640689,0.999884605,0.534424901,0.092698276,-0.377947778,0.999929667,0.506122351,0.090546057,-0.370125532,0.999938071,0.617982984,0.247681722,-0.160796702,0.999606967,0.44918403,0.244929627,-0.121034406,0.999341667,0.637502611,0.463802218,-0.135897547,0.991262496,0.415047228,0.464682817,-0.218046427,0.99015969,0.581006408,0.551066399,-0.291304976,0.974013448,0.490858257,0.512754679,-0.500141442,0.978598714,0.567746639,0.581766665,-0.345175445,0.951103747,0.520107985,0.541306317,-0.561359704,0.955977559,0.559376895,0.551117599,-0.355181515,0.953420877,0.524053454,0.516715467,-0.561039567,0.956211507,0.561915517,0.539256692,-0.29472816,0.950549841,0.518655181,0.50884372,-0.502610624,0.948292196,0.572660804,0.683392406,-0.011242677,0.99620676,0.471003711,0.67399013,0.011875067,0.995346427,0.58075428,0.973674238,-0.044982776,0.862644196,0.465823323,0.963625431,0.065468796,0.840585947,0.570760846,1.232654095,0.341870099,0.19210349,0.46048528,1.243512273,0.384546101,0.214637786,0.566999316,1.264303446,0.372048527,0.176473618,0.462123692,1.280877233,0.4118689,0.130220935,0.569229066,1.342188597,0.209466383,0.097201809,0.461993039,1.345208883,0.228489712,0.09601488
Standing,0.517567754,0.053387579,-0.436498344,0.99987787,0.531407714,0.020973217,-0.410710424,0.999831796,0.540544868,0.020697789,-0.410882533,0.999858081,0.548234582,0.020916311,-0.410990089,0.999803066,0.506299376,0.021072008,-0.405208826,0.999838889,0.499705076,0.021197524,-0.405288279,0.999858379,0.49367395,0.021356331,-0.405450404,0.999825716,0.559544146,0.034295775,-0.244795844,0.999879181,0.491198242,0.038256712,-0.217678711,0.999882698,0.534601092,0.092698842,-0.373725474,0.999927461,0.506246448,0.090539776,-0.366019964,0.999936104,0.618106425,0.247554615,-0.158764675,0.999602795,0.448912561,0.244931266,-0.118031003,0.999339342,0.637291193,0.464963138,-0.137230724,0.991477966,0.41421026,0.465183079,-0.221203402,0.990466833,0.580019534,0.551423371,-0.292969257,0.974768341,0.490794986,0.513274789,-0.510415494,0.979264557,0.565322161,0.582442641,-0.353048414,0.952362239,0.518355072,0.541283607,-0.570583582,0.95702821,0.557584465,0.551163077,-0.373800665,0.954586148,0.523957968,0.516716182,-0.569171548,0.957251966,0.560429931,0.539254069,-0.303356349,0.951804399,0.518441677,0.508853078,-0.512561679,0.949602664,0.572710097,0.683301568,-0.010363529,0.996288478,0.470936924,0.673790097,0.010990142,0.99546349,0.580887914,0.976001561,-0.04695392,0.863431811,0.466501176,0.966535211,0.057408892,0.841221869,0.572132766,1.243289828,0.338976681,0.187431499,0.46316877,1.25291872,0.376890093,0.20927,0.568839133,1.276462913,0.36903131,0.172328204,0.464547694,1.290675163,0.403773248,0.126139879,0.570288181,1.351770997,0.206920952,0.094421901,0.466615379,1.355732441,0.215627044,0.09333694
Standing,0.517567456,0.053365454,-0.461431205,0.999873161,0.531402946,0.020922946,-0.437187761,0.999824524,0.540546715,0.020543974,-0.437351763,0.999851406,0.54825449,0.020647259,-0.437442362,0.999795139,0.50632149,0.02109364,-0.430676162,0.999831975,0.499724448,0.021230111,-0.430773884,0.999851346,0.493707567,0.021397753,-0.430947304,0.999817491,0.559563637,0.033872437,-0.271212786,0.999873519,0.491258949,0.038175479,-0.239972785,0.999874711,0.534602463,0.092439093,-0.398576289,0.999925375,0.506253719,0.090353295,-0.389498889,0.99993372,0.618538082,0.247521132,-0.174689025,0.999593735,0.448736757,0.244842768,-0.133485004,0.999330044,0.63769269,0.462543696,-0.185631588,0.991508245,0.41264993,0.464315534,-0.24349694,0.990356386,0.581849754,0.551404893,-0.381668866,0.974482775,0.485328257,0.513267219,-0.561488271,0.978576422,0.569165766,0.583047748,-0.447072685,0.952103794,0.509607911,0.541007459,-0.629685163,0.955846429,0.559423625,0.55193758,-0.464604944,0.954330504,0.515521049,0.516696751,-0.634873986,0.95614475,0.561553001,0.53966701,-0.390066445,0.951423287,0.511161208,0.508842528,-0.567726314,0.948590994,0.572639823,0.681423426,-0.011341393,0.996188164,0.47078523,0.672060549,0.011947821,0.995371461,0.580783904,0.973369241,-0.03955555,0.866542339,0.46680814,0.959377825,0.075501703,0.84321475,0.570009649,1.23013854,0.346929133,0.196978077,0.463074684,1.233039141,0.414866388,0.214341715,0.566094995,1.261082172,0.376870632,0.180857465,0.464492887,1.267244577,0.44426623,0.13270621,0.569077313,1.336515188,0.213005424,0.099178307,0.464790255,1.334669828,0.260410875,0.096990496
Standing,0.517538011,0.05290883,-0.460596561,0.999872506,0.531307101,0.020472236,-0.436395556,0.999823391,0.540443599,0.02002597,-0.436520904,0.999850571,0.548176289,0.020081991,-0.436642975,0.999793947,0.506316781,0.020724885,-0.428895086,0.99983114,0.499721944,0.020863196,-0.428982884,0.999850512,0.493707329,0.021053908,-0.42914319,0.999816239,0.559507191,0.033051003,-0.269865274,0.999872983,0.491252601,0.037454825,-0.2367661,0.999873757,0.534580886,0.091881126,-0.39659223,0.999924421,0.50625062,0.089781284,-0.38898018,0.999932945,0.618517101,0.246091709,-0.169479281,0.999592423,0.448690474,0.243546873,-0.129449829,0.999323189,0.637361288,0.458446115,-0.181276768,0.991525352,0.412677526,0.463884234,-0.239639327,0.990366101,0.581910431,0.549126506,-0.373235106,0.974670112,0.485853374,0.512775958,-0.554652631,0.978546917,0.569445789,0.581820905,-0.437064171,0.952505708,0.509688139,0.539771795,-0.620044708,0.955883205,0.559687793,0.551750302,-0.449719131,0.954731166,0.517547607,0.516443312,-0.62336266,0.956159711,0.561635196,0.539471567,-0.379425824,0.951797664,0.513023973,0.508697271,-0.55996412,0.948530674,0.572640061,0.679346919,-0.012324765,0.99610728,0.470697582,0.671724617,0.012937863,0.995275617,0.579757392,0.970346808,-0.041595004,0.86583221,0.466899574,0.959234536,0.07465978,0.843153238,0.56954509,1.229249358,0.331083268,0.198170751,0.463026106,1.233005047,0.412854284,0.216557011,0.565699816,1.260163069,0.35882473,0.18237634,0.464553267,1.267495155,0.439442635,0.1352541,0.567975223,1.335575819,0.195211887,0.099850327,0.464690059,1.334037662,0.257614672,0.098226517
Standing,0.517394662,0.051837742,-0.422613621,0.999861836,0.531097472,0.019434042,-0.398374736,0.999805868,0.540194809,0.018916508,-0.398530453,0.999834836,0.547966778,0.018973919,-0.398655951,0.999773324,0.506300092,0.020052338,-0.39180249,0.999814212,0.499707133,0.020297056,-0.391871601,0.999834895,0.493693411,0.020582857,-0.392041266,0.999798179,0.559442878,0.032332595,-0.235905021,0.999856949,0.491259873,0.036921348,-0.206534356,0.999859035,0.534419894,0.090500802,-0.360548258,0.999918342,0.506205022,0.088588387,-0.352751136,0.999927521,0.618292272,0.245831653,-0.130666405,0.999586761,0.44862929,0.242381245,-0.100107871,0.999312282,0.637347341,0.458753496,-0.115337968,0.991341114,0.410750151,0.46187672,-0.190235674,0.989856839,0.581853509,0.548646092,-0.284077346,0.974805892,0.480609477,0.512010217,-0.489267111,0.977875471,0.569371402,0.580406725,-0.339281499,0.952515543,0.499348819,0.538782716,-0.550363362,0.954699814,0.55981189,0.550419867,-0.351464152,0.954728603,0.510217786,0.515681267,-0.55386579,0.954942763,0.561722815,0.538543582,-0.288503349,0.951572299,0.505185366,0.507796168,-0.493896782,0.946978152,0.572007656,0.679326117,-0.009417145,0.996036112,0.470428288,0.671767116,0.009966721,0.99519372,0.579495072,0.970343709,-0.045327336,0.860318482,0.466949612,0.959067762,0.042009704,0.835049212,0.565234363,1.227252245,0.338809103,0.196210474,0.462973118,1.233377695,0.374289036,0.2140816,0.561095119,1.256888866,0.369560003,0.180445194,0.46451503,1.267891288,0.402228296,0.132879779,0.56202203,1.334709883,0.212323427,0.099971838,0.464717686,1.334173441,0.219957635,0.097984307
Standing,0.516783118,0.051491186,-0.42852354,0.999859095,0.530741632,0.019083632,-0.405996144,0.999799967,0.54001832,0.018686779,-0.406143844,0.9998281,0.547915399,0.018806521,-0.406246662,0.999764323,0.505908847,0.019097639,-0.398616135,0.999810755,0.499355257,0.01909606,-0.398705631,0.999830902,0.493261427,0.01924924,-0.398866445,0.999795079,0.559605181,0.032117352,-0.24615173,0.999848366,0.491072655,0.035710506,-0.213265806,0.999855995,0.53412807,0.090470709,-0.367218256,0.999916196,0.505711257,0.088131398,-0.35805279,0.999926984,0.618526399,0.246198609,-0.138312653,0.999577641,0.448320001,0.241529807,-0.101099633,0.999325395,0.637020826,0.461869806,-0.126994133,0.991346419,0.408134073,0.460557103,-0.18294771,0.989910483,0.580366671,0.548436284,-0.303707212,0.974891365,0.476979673,0.512077272,-0.483518779,0.977981746,0.566585541,0.579176366,-0.360444486,0.952281535,0.495377362,0.538746715,-0.545066953,0.954642177,0.558501363,0.54913193,-0.372715741,0.95449847,0.506183565,0.515283346,-0.547100961,0.954902589,0.560447216,0.537720859,-0.308359802,0.951318145,0.499747187,0.507103205,-0.487409979,0.946925759,0.571577907,0.680301845,-0.009446462,0.995954454,0.470408052,0.672612667,0.009994266,0.995125711,0.579024434,0.969575346,-0.044238679,0.852871776,0.467027575,0.956821263,0.054543,0.827518046,0.565482259,1.227360845,0.338143349,0.189662755,0.463013589,1.231700778,0.385386527,0.206873238,0.561191618,1.257120132,0.368748605,0.176627785,0.464489609,1.265886784,0.41403231,0.1297611,0.562244058,1.334821463,0.210555702,0.097378403,0.465238959,1.333132625,0.235827297,0.095178217
Standing,0.516525567,0.051292725,-0.437189907,0.999860585,0.5305866,0.018658852,-0.414541662,0.999795616,0.539933622,0.018184785,-0.414675057,0.999827325,0.547884583,0.018164461,-0.414763212,0.999758661,0.505673826,0.018597078,-0.407080263,0.999810278,0.499140799,0.018498758,-0.407202005,0.999833167,0.493017495,0.018589526,-0.407369077,0.999796033,0.559632182,0.031223813,-0.2542831,0.999847472,0.491060734,0.034767065,-0.219007805,0.999858618,0.533962607,0.090200491,-0.37563324,0.999915004,0.505546153,0.087683491,-0.365642071,0.999926388,0.619158626,0.24657838,-0.14462322,0.999559879,0.447735965,0.241540313,-0.102395318,0.999350131,0.636747479,0.472014904,-0.137473702,0.991758823,0.408219755,0.460586935,-0.191101402,0.990487218,0.578573525,0.550033629,-0.31363821,0.975454152,0.476480782,0.512138903,-0.492533743,0.979366779,0.563015103,0.579369545,-0.363801569,0.952989459,0.495845467,0.53864795,-0.554676175,0.957038164,0.555129349,0.549092114,-0.380421072,0.955177009,0.506912947,0.515071809,-0.555634856,0.957285345,0.557560027,0.537759721,-0.313139349,0.952412426,0.500354886,0.506925642,-0.496240526,0.949764907,0.571576178,0.682013273,-0.009570566,0.996104598,0.469361544,0.673929811,0.010129782,0.995375037,0.579147816,0.976668239,-0.045945548,0.855240762,0.467028856,0.973400474,0.070844844,0.829042852,0.563959479,1.267262578,0.337048858,0.180572212,0.463372648,1.288000703,0.402087301,0.197780102,0.561190009,1.304869294,0.367438614,0.16895178,0.46466127,1.331478,0.429196417,0.123541713,0.556071639,1.373666883,0.199575484,0.092489213,0.465273857,1.391498923,0.238536239,0.09067364
Standing,0.516552508,0.05112068,-0.442630857,0.999857962,0.53063482,0.018539201,-0.41944474,0.999789178,0.539993644,0.018069761,-0.41959101,0.99982357,0.547958612,0.018058917,-0.419673532,0.999751568,0.505766988,0.018486099,-0.41214928,0.999804497,0.499253809,0.018406877,-0.412283719,0.999829948,0.493192285,0.018503709,-0.412455142,0.99979043,0.559672356,0.03122565,-0.258637637,0.999844074,0.49129349,0.034731083,-0.223974183,0.999855101,0.533965468,0.090037875,-0.381336331,0.999912739,0.505554497,0.087158576,-0.3714239,0.999923587,0.619126499,0.246620119,-0.154223382,0.999552131,0.447580814,0.24147065,-0.109031402,0.999355912,0.636734545,0.473404139,-0.163088605,0.992096841,0.408078849,0.460622191,-0.205795199,0.990736365,0.578735113,0.550016344,-0.356423557,0.976201355,0.474906206,0.512110353,-0.52842778,0.980113447,0.563169003,0.579108715,-0.41481477,0.954355359,0.494166076,0.537997365,-0.592890799,0.958472669,0.555263162,0.548101902,-0.426785767,0.956479669,0.503644884,0.514491498,-0.597095668,0.958731234,0.557663202,0.536991358,-0.359801292,0.953882158,0.497915655,0.506530344,-0.533885896,0.95157516,0.571272969,0.681419015,-0.010374732,0.996221781,0.469015777,0.673606753,0.01095028,0.995511532,0.577789962,0.975269258,-0.056384034,0.857943892,0.466983616,0.968932867,0.079001978,0.830848396,0.56325829,1.261068583,0.31513381,0.177681774,0.462884843,1.279287338,0.414568961,0.192964002,0.560468316,1.296622157,0.344014674,0.167648733,0.464348167,1.319632292,0.442858607,0.122057788,0.556821167,1.367847323,0.177810907,0.090495735,0.464654297,1.381556392,0.258329988,0.088451914
Standing,0.516365051,0.050792716,-0.451465547,0.999859393,0.530629516,0.018478589,-0.428595394,0.999791026,0.539983332,0.018061193,-0.428752422,0.999824762,0.547949255,0.018063368,-0.428838432,0.999753535,0.505768776,0.018081784,-0.421143949,0.999806106,0.499256194,0.017814251,-0.421244949,0.999830961,0.49319616,0.017742049,-0.421408266,0.99979192,0.559691489,0.031221692,-0.266636908,0.999845266,0.491412252,0.033479683,-0.231647536,0.999855995,0.533540547,0.08954525,-0.389619291,0.99991405,0.505296648,0.085889004,-0.37957558,0.999924481,0.619124889,0.246358186,-0.161918923,0.999557734,0.447286934,0.241129875,-0.109585226,0.999364913,0.636774778,0.473042548,-0.167153329,0.992432058,0.407780081,0.460515946,-0.201132625,0.990977407,0.578997612,0.549764395,-0.364106625,0.977179289,0.475116342,0.511265516,-0.526301026,0.980845451,0.563553929,0.578773618,-0.42539674,0.956124723,0.494770765,0.536689818,-0.591248333,0.959858537,0.555923879,0.547725141,-0.438704789,0.958145261,0.504774928,0.513754427,-0.59557718,0.960083783,0.558382273,0.536790133,-0.369030893,0.955546558,0.498874098,0.505917549,-0.532737494,0.953116596,0.571055114,0.680548251,-0.012628347,0.996261001,0.468816102,0.673403859,0.013157832,0.995565832,0.575742126,0.975363672,-0.055985112,0.859761536,0.467140973,0.96876061,0.075070128,0.833723068,0.563278794,1.257511973,0.313831478,0.180499583,0.461676419,1.273642302,0.395643115,0.194864318,0.560566187,1.292232871,0.341799766,0.169567436,0.463367075,1.310896158,0.422402769,0.12419492,0.55740428,1.365143061,0.174607709,0.091453947,0.461777776,1.375838399,0.235905379,0.089683302
Standing,0.51613909,0.05055711,-0.450175613,0.999865055,0.530578196,0.017789114,-0.426274687,0.999797821,0.53998214,0.017521426,-0.426436096,0.999832332,0.547967613,0.017641621,-0.426520497,0.999761462,0.505456865,0.01702114,-0.419580519,0.999812722,0.498908341,0.016703971,-0.419693381,0.99983865,0.492780864,0.01671328,-0.419860274,0.999799669,0.559780478,0.030868994,-0.262836277,0.999852717,0.490941107,0.032990396,-0.229498774,0.999863327,0.533484638,0.089532956,-0.387375325,0.999916375,0.505001724,0.085807525,-0.378067344,0.999926329,0.619113147,0.245615408,-0.160467744,0.999558389,0.446924746,0.241185054,-0.111567572,0.999380469,0.636586607,0.472762048,-0.170343056,0.992889881,0.408953249,0.46302864,-0.219682187,0.991568744,0.577537417,0.549703658,-0.375632167,0.978351593,0.475617498,0.511117697,-0.548369408,0.982266486,0.561899185,0.578478694,-0.437358677,0.958378673,0.498946607,0.536071241,-0.613854289,0.962604105,0.553353369,0.546790719,-0.447020918,0.960301399,0.508325756,0.513474047,-0.615110338,0.962846637,0.556200922,0.536105931,-0.379760444,0.957972407,0.502208233,0.505805194,-0.552350163,0.956419468,0.571206033,0.680062413,-0.012622727,0.996440232,0.468557745,0.673446298,0.013159919,0.9957937,0.5758003,0.978295743,-0.061864667,0.866315126,0.467133671,0.975045264,0.072375759,0.839946926,0.568026185,1.26957655,0.314052284,0.174253002,0.462059736,1.2862885,0.393260509,0.187570691,0.567503572,1.306355,0.343436122,0.164084852,0.463591009,1.327578187,0.419668138,0.119446129,0.560727,1.376328468,0.178216398,0.087084152,0.463965029,1.389351726,0.226433948,0.085389443
Standing,0.516796231,0.05056094,-0.447954953,0.999864697,0.531176209,0.017789185,-0.424122095,0.999797285,0.540473819,0.017518749,-0.424295008,0.999832392,0.548318148,0.017637452,-0.424380451,0.99976176,0.506043553,0.017031977,-0.418652952,0.99981153,0.49944067,0.01672658,-0.418775886,0.999837279,0.493372619,0.016732613,-0.418930471,0.999796927,0.559918761,0.03081665,-0.259419382,0.999853253,0.491172016,0.032995529,-0.228186339,0.999860764,0.533797741,0.089458719,-0.384623468,0.999916017,0.505354941,0.085818596,-0.37705794,0.999925256,0.619124472,0.245402232,-0.158724442,0.999566197,0.44692111,0.24093996,-0.10980735,0.999367595,0.636476696,0.472660035,-0.168716416,0.993161857,0.408989608,0.461519271,-0.211704299,0.991457224,0.575631499,0.549593031,-0.370177209,0.979188144,0.473962843,0.511091173,-0.54256624,0.98216337,0.560359478,0.578380346,-0.431606442,0.959869266,0.494265169,0.535883248,-0.606726587,0.962487459,0.551389456,0.546620131,-0.442937523,0.961737096,0.502471685,0.513456702,-0.606903434,0.962794602,0.554487586,0.536080897,-0.37478438,0.95943749,0.49778375,0.505792558,-0.545253396,0.956474006,0.571118236,0.679098308,-0.012615507,0.996471286,0.468034029,0.672953725,0.013152582,0.995793879,0.575864673,0.977417529,-0.060432516,0.864581823,0.467214912,0.971842051,0.072133288,0.835810244,0.567342877,1.268290162,0.305926919,0.170643449,0.462241501,1.279806137,0.39233762,0.182625473,0.566306412,1.304483414,0.33374396,0.162703872,0.463775009,1.319708943,0.41856423,0.117033981,0.560649276,1.375599623,0.169289529,0.085750222,0.464560747,1.382068753,0.226768047,0.083296753
Standing,0.516959548,0.05059851,-0.450121164,0.999873757,0.531305373,0.017930239,-0.425334841,0.999810874,0.540610909,0.017716397,-0.425517172,0.999844313,0.548434734,0.017861076,-0.425588995,0.999777734,0.506067932,0.017075775,-0.420191675,0.99982363,0.499447882,0.01677501,-0.420304835,0.999848306,0.493366539,0.016764225,-0.420465469,0.999809384,0.559938073,0.030875267,-0.258191794,0.999864399,0.490840197,0.03302528,-0.229451701,0.99987036,0.533945024,0.089602374,-0.385813862,0.99992156,0.505398571,0.085949555,-0.378627479,0.999929786,0.61902684,0.245331362,-0.157602549,0.999592423,0.446771473,0.240503475,-0.111264385,0.999389112,0.636097312,0.471383035,-0.174732,0.993672609,0.409081846,0.460989475,-0.221987441,0.991862535,0.575382352,0.549526572,-0.390589058,0.980723143,0.473528326,0.511217952,-0.565199256,0.98321265,0.560118079,0.578140795,-0.455789,0.962815166,0.492753088,0.536166191,-0.634313762,0.964649856,0.5509547,0.546649098,-0.469684303,0.964554787,0.502056003,0.513612688,-0.640854359,0.964996219,0.554012656,0.5362432,-0.396563113,0.962384641,0.496071428,0.505836904,-0.571736932,0.959137022,0.570860445,0.677550793,-0.01272098,0.996637106,0.467874914,0.673041761,0.013267018,0.995962739,0.575895488,0.977291524,-0.065410569,0.871371269,0.467976332,0.966362417,0.069495037,0.841521084,0.57082361,1.266179442,0.308275819,0.172010168,0.463222563,1.279538155,0.391064554,0.182038814,0.569712102,1.302677631,0.336747378,0.164444894,0.465097725,1.319041729,0.417393744,0.118628576,0.565817118,1.37375772,0.171043903,0.084750734,0.465166658,1.379518509,0.226514667,0.082162239
Standing,0.516919613,0.050658539,-0.448780447,0.999879777,0.531308234,0.018088998,-0.424041659,0.999819994,0.54062748,0.017999474,-0.424229443,0.999852717,0.548464537,0.018236827,-0.424302191,0.99978894,0.506009698,0.017080346,-0.419895977,0.999831021,0.499364674,0.016777672,-0.420020401,0.99985528,0.493182361,0.016738538,-0.420166552,0.999816298,0.55997169,0.031032693,-0.255846232,0.999872625,0.490543991,0.032922741,-0.228640288,0.999875963,0.533901095,0.089911982,-0.383954257,0.999925077,0.505235493,0.086102806,-0.378002822,0.99993217,0.619006872,0.245027691,-0.155994385,0.999614596,0.44674626,0.239431128,-0.110530511,0.999388278,0.636090815,0.471343786,-0.163202912,0.994068503,0.409563482,0.45982182,-0.221310854,0.99177748,0.574246526,0.550170839,-0.357136935,0.981889129,0.472764254,0.511312604,-0.552931011,0.983305812,0.559043288,0.578609228,-0.416865349,0.964861035,0.491554439,0.536379397,-0.619816542,0.964911819,0.549397051,0.546660304,-0.428042799,0.966536641,0.499695778,0.514075637,-0.624950528,0.965369463,0.552843392,0.536364913,-0.360956848,0.964502633,0.494883537,0.506177843,-0.55886817,0.959804833,0.570853353,0.676720262,-0.012591226,0.996744871,0.467861474,0.673003972,0.013156543,0.996040344,0.575967133,0.976659834,-0.061180156,0.87031424,0.468135893,0.964468241,0.072164789,0.836071849,0.571076572,1.265000463,0.308599919,0.164831057,0.464382023,1.277003527,0.39179194,0.173623323,0.570069075,1.302138805,0.336889625,0.159440756,0.465920299,1.317699552,0.41823101,0.114307806,0.565762818,1.373466611,0.175357074,0.080814056,0.467971951,1.376398325,0.231506109,0.078073524
Standing,0.516813874,0.050652407,-0.447793961,0.999880254,0.531229854,0.018082712,-0.423062891,0.999821246,0.540567398,0.018001417,-0.423246562,0.999853015,0.548432469,0.018241975,-0.423322439,0.999790072,0.505700171,0.017048091,-0.418517441,0.999831796,0.499057591,0.016765596,-0.418637663,0.99985522,0.492689461,0.016741058,-0.418788046,0.999816477,0.559956193,0.031035349,-0.255556494,0.999872863,0.489862382,0.033156317,-0.229482934,0.999876201,0.533893228,0.089965262,-0.383284032,0.999925375,0.505114436,0.086250916,-0.376874387,0.999932587,0.618778527,0.244624123,-0.15510422,0.999627233,0.44630146,0.239243805,-0.109247759,0.99938494,0.636100888,0.469974607,-0.137305707,0.994248629,0.408311784,0.459288955,-0.194523662,0.991701901,0.574283421,0.550002396,-0.312418997,0.982545376,0.46971482,0.511690319,-0.507753074,0.983264506,0.559259057,0.578689635,-0.368706435,0.965894282,0.489044011,0.536816001,-0.570177734,0.964802027,0.549633622,0.546839297,-0.381567329,0.967517018,0.496499717,0.514278948,-0.575930238,0.965289533,0.552917719,0.536478758,-0.316511571,0.965528071,0.491747051,0.506244898,-0.513335466,0.959785104,0.570670724,0.676731586,-0.012034294,0.996778369,0.467712462,0.673084617,0.012599735,0.996020079,0.57601887,0.976041913,-0.047868975,0.863308012,0.468138754,0.961811423,0.071349435,0.828371823,0.570452332,1.260099649,0.311437696,0.159128338,0.463211596,1.256697774,0.386183709,0.16740042,0.569090247,1.295970321,0.338712662,0.155604869,0.464393079,1.292784572,0.412866175,0.11162357,0.565507531,1.367449641,0.180835471,0.078003488,0.467039913,1.358023882,0.230354384,0.075448789
Standing,0.514686465,0.050071441,-0.449199051,0.999885559,0.529451489,0.017486136,-0.424602836,0.99982959,0.53901583,0.017487848,-0.424779266,0.999860168,0.547284782,0.017832933,-0.424853384,0.999800086,0.50445503,0.01642005,-0.419262409,0.999838889,0.497868538,0.016110221,-0.41938138,0.999861598,0.491505444,0.016182315,-0.419531256,0.999823928,0.559469104,0.030845271,-0.25772506,0.999879301,0.48920998,0.03292986,-0.23044911,0.999881506,0.532328665,0.089800164,-0.385535479,0.999928594,0.503787518,0.086013064,-0.378242791,0.99993515,0.618478179,0.244651377,-0.156476304,0.999643385,0.446299464,0.238631085,-0.109548166,0.999397755,0.636096656,0.470037669,-0.151193947,0.994569063,0.408345699,0.456522882,-0.196049556,0.991770089,0.573027849,0.548317194,-0.341362983,0.983514786,0.469032466,0.512706399,-0.512424707,0.983518839,0.557676017,0.576234579,-0.399502128,0.967591465,0.487956136,0.537815034,-0.575832009,0.965313494,0.548702538,0.545314491,-0.406644434,0.969132721,0.494895399,0.515133142,-0.580953419,0.965857029,0.552029848,0.53508234,-0.343476892,0.967196524,0.490281671,0.506886482,-0.517916143,0.960592926,0.570568919,0.676644683,-0.011985503,0.996836603,0.467729807,0.672892392,0.012549406,0.996055961,0.576512814,0.973715186,-0.046603281,0.86165303,0.467866898,0.95695281,0.067055665,0.825817883,0.570702493,1.245445728,0.330602407,0.155123696,0.462989956,1.241145611,0.3856197,0.162536666,0.569336653,1.278116226,0.360921741,0.153332517,0.464204222,1.274810195,0.412674755,0.109503083,0.565727413,1.351683021,0.204538509,0.075989805,0.467029423,1.343170643,0.230553418,0.073162012
Standing,0.514590025,0.049744941,-0.444281757,0.999892414,0.529398084,0.017300697,-0.418582141,0.999839127,0.538950622,0.017406443,-0.418774188,0.999869049,0.547227442,0.017815484,-0.418840349,0.999811351,0.504405618,0.016082147,-0.41292724,0.999847472,0.497842014,0.015781051,-0.413050115,0.999869883,0.491461039,0.015880944,-0.413216531,0.999832809,0.559363723,0.030859616,-0.250187814,0.999887407,0.489115655,0.032932229,-0.221436113,0.999888599,0.532134712,0.089730233,-0.380504787,0.999932408,0.503610969,0.085954599,-0.372605324,0.999938071,0.618177295,0.244640663,-0.152082384,0.999659896,0.446273983,0.238521889,-0.104326367,0.999411166,0.634841323,0.470689088,-0.157216519,0.994961798,0.409319162,0.456572354,-0.197415501,0.992064774,0.570180774,0.548506439,-0.363191485,0.984647989,0.469440043,0.513293564,-0.524189293,0.984325171,0.555293977,0.576105952,-0.42592907,0.969772995,0.488178432,0.538380384,-0.58985883,0.966892302,0.546809971,0.545298517,-0.435114235,0.971223593,0.495142847,0.516084969,-0.597830713,0.96747297,0.550031066,0.535106063,-0.36673674,0.969422221,0.49065876,0.507660985,-0.531164527,0.962620139,0.570366502,0.677869081,-0.012579404,0.996989131,0.467668951,0.674042463,0.013181085,0.996214747,0.57694608,0.975642979,-0.061500132,0.86832273,0.467063963,0.959838092,0.072846383,0.829120815,0.569153368,1.253835917,0.31886965,0.151590481,0.462971061,1.255859494,0.416801542,0.155669153,0.568455577,1.288492441,0.348998249,0.150699914,0.464205891,1.294373393,0.4461357,0.106522292,0.562303185,1.359258175,0.188809067,0.073172078,0.466275543,1.355177641,0.266242802,0.069725767
Standing,0.514694452,0.049795147,-0.449610382,0.999896407,0.529678404,0.017434124,-0.425655693,0.999845266,0.539300799,0.01765299,-0.425827652,0.999873459,0.547546208,0.018166807,-0.425891727,0.999818265,0.504478753,0.016080355,-0.420058876,0.999853134,0.497932106,0.015772667,-0.420170307,0.999874234,0.491535276,0.01583988,-0.420324147,0.999838591,0.559798479,0.03102817,-0.260891467,0.999890924,0.48912248,0.032880772,-0.234539896,0.999892116,0.532166839,0.089856908,-0.386906862,0.999935031,0.503639996,0.086032785,-0.379310966,0.999940455,0.618111014,0.244610935,-0.160553157,0.99967128,0.446310043,0.237679064,-0.110559836,0.999423623,0.634734273,0.471170396,-0.157702819,0.995185852,0.409754127,0.455271661,-0.196636662,0.99202764,0.568079531,0.547507703,-0.348668665,0.985196054,0.468491554,0.513268948,-0.507276714,0.984021604,0.55177933,0.574314654,-0.406836897,0.97063601,0.486443937,0.538393378,-0.568421245,0.966194272,0.545009732,0.544671297,-0.414274633,0.972016096,0.493427336,0.516066968,-0.576799512,0.966860414,0.54824549,0.534603119,-0.350799978,0.970148742,0.489363194,0.507595301,-0.514021695,0.962114215,0.569843054,0.677318692,-0.01277736,0.99699825,0.467668384,0.673523307,0.013354423,0.996168494,0.576213717,0.97062242,-0.057184629,0.86964035,0.467073858,0.954267979,0.086979106,0.825483978,0.56794554,1.248244166,0.309209704,0.156248003,0.4631854,1.240297079,0.422436953,0.1549045,0.566865087,1.281713843,0.337091863,0.155818522,0.464568436,1.275524497,0.45134002,0.108733349,0.562245309,1.352020144,0.176075548,0.075702541,0.466260195,1.340278029,0.27390489,0.070337184
Standing,0.514704823,0.04888612,-0.436884731,0.999902606,0.529710054,0.015877135,-0.409365565,0.999853075,0.539363027,0.015915414,-0.409512907,0.999881029,0.54760921,0.016393792,-0.409542471,0.999827504,0.504430592,0.015230423,-0.404566675,0.999860823,0.497794777,0.015177159,-0.404690981,0.999881983,0.491283596,0.01550247,-0.404850811,0.999847174,0.559814334,0.029777389,-0.236265272,0.99989754,0.488419622,0.032870032,-0.211025864,0.99989903,0.532221913,0.089426666,-0.372172683,0.999937773,0.503601372,0.085999645,-0.365012467,0.999942839,0.618393242,0.245004416,-0.132646307,0.999683857,0.445984036,0.238737747,-0.106163181,0.999446392,0.635078728,0.475379556,-0.147065818,0.995518625,0.411233038,0.460442066,-0.205966473,0.992575705,0.569237769,0.548241019,-0.347577035,0.986098707,0.470966637,0.514314294,-0.520914257,0.985170543,0.552804887,0.575609446,-0.406889766,0.972233295,0.495085627,0.539199054,-0.584351182,0.968394876,0.545323491,0.545047998,-0.413911521,0.973538697,0.500596881,0.516611397,-0.587678075,0.969028354,0.548548222,0.534780502,-0.349967808,0.971953869,0.494769335,0.508163333,-0.525242865,0.964681864,0.569967508,0.682634592,-0.010899513,0.997204065,0.467517674,0.678521216,0.011680936,0.99642849,0.57774961,0.972820461,-0.05687651,0.865442872,0.467046171,0.974127769,0.092509367,0.817861855,0.566890776,1.282133341,0.316102445,0.143720552,0.465491772,1.292741179,0.43696481,0.142409056,0.566534579,1.323077083,0.344808847,0.144536272,0.465574265,1.336516023,0.465664297,0.100463122,0.557869136,1.386107802,0.177261084,0.069414757,0.471575737,1.395385265,0.274422765,0.064637296
Standing,0.516442299,0.048891239,-0.436766058,0.999908626,0.531415582,0.015926516,-0.410066456,0.999861896,0.540845454,0.015991198,-0.410221428,0.999888539,0.548685849,0.016492914,-0.410259962,0.999837577,0.505399108,0.015232136,-0.405185521,0.999869287,0.498576164,0.015177952,-0.405306339,0.999889553,0.492048919,0.015494112,-0.405464023,0.999856412,0.560631633,0.02985193,-0.238854319,0.999904215,0.48850435,0.032935321,-0.212509945,0.999905825,0.533620238,0.089421995,-0.372370452,0.99994117,0.504437923,0.086124323,-0.365276426,0.999946117,0.618475378,0.245000377,-0.135917932,0.999696136,0.445972502,0.238726929,-0.10595765,0.999464691,0.635086656,0.474751443,-0.147848099,0.995771766,0.411051184,0.460364103,-0.209185645,0.992996156,0.571002066,0.548239946,-0.347807795,0.986861169,0.470993519,0.514312685,-0.53808862,0.986059308,0.556235194,0.575875759,-0.407801956,0.973750651,0.495066643,0.539223075,-0.604820609,0.970125675,0.546610057,0.545075655,-0.417785019,0.974993944,0.501776695,0.516682446,-0.607797623,0.970752656,0.54945457,0.534800947,-0.351114184,0.973520696,0.495484024,0.508233786,-0.542596936,0.96670115,0.56996423,0.68217212,-0.010907724,0.99732697,0.467522204,0.67835623,0.011682874,0.996578097,0.578567803,0.973787189,-0.060240317,0.87014097,0.467065334,0.973994613,0.089482591,0.822410405,0.5701195,1.27611053,0.308995545,0.140788555,0.465937436,1.284256101,0.417626143,0.138878971,0.569487751,1.314636707,0.337390482,0.142174393,0.466105551,1.325658441,0.444880575,0.098726369,0.562851429,1.380900383,0.169989735,0.066976659,0.471991628,1.386403441,0.253677219,0.06238528
Standing,0.517436206,0.04920505,-0.427752435,0.99991405,0.532199144,0.01628598,-0.400986373,0.999870062,0.541641712,0.016336279,-0.401178181,0.999895453,0.549288034,0.016809648,-0.401218176,0.999846935,0.505649388,0.015395786,-0.397386253,0.999877036,0.4987441,0.015352441,-0.397492528,0.999896526,0.492120445,0.015632456,-0.397641271,0.999864757,0.560977161,0.029960768,-0.227939993,0.999910116,0.488317907,0.033388492,-0.208624452,0.999912262,0.534220815,0.089763537,-0.362460673,0.99994427,0.504834533,0.086879082,-0.357126772,0.999949098,0.618286967,0.244592458,-0.126029015,0.999710917,0.445960581,0.238682792,-0.100250423,0.99948287,0.635076165,0.468878478,-0.137050912,0.995988071,0.410767704,0.460048974,-0.202254847,0.993363738,0.57451278,0.545319736,-0.347997397,0.987553179,0.471090615,0.514971077,-0.530683458,0.986840069,0.561239839,0.575857699,-0.4095065,0.975215673,0.494025946,0.541142881,-0.599564731,0.971713603,0.551271617,0.545310616,-0.423980653,0.97640866,0.501746655,0.518354118,-0.606560349,0.972344697,0.553343415,0.534779251,-0.351930648,0.975034416,0.495512187,0.50918144,-0.536668003,0.96855855,0.569961548,0.68170464,-0.010671331,0.997465432,0.467533439,0.677639842,0.011434995,0.996715486,0.577949405,0.972688198,-0.060397632,0.871259928,0.46714431,0.972022474,0.087573484,0.820857465,0.568293691,1.272783041,0.287553877,0.135839179,0.466017187,1.280706406,0.4156726,0.132431582,0.567181647,1.310083628,0.313232571,0.138182119,0.466265589,1.321207643,0.443361223,0.095762134,0.561674654,1.378047824,0.14433071,0.063821845,0.472164154,1.380686045,0.253038704,0.059271313
Standing,0.517280757,0.049107473,-0.419716686,0.999915481,0.532183707,0.016257396,-0.393832177,0.99987334,0.541630864,0.016315646,-0.394016474,0.999898076,0.549279094,0.016794283,-0.394073993,0.999851108,0.505641401,0.015364552,-0.390034735,0.99987936,0.49874419,0.015314015,-0.39011994,0.999898195,0.492125183,0.015581345,-0.390262902,0.999866545,0.560934186,0.029962657,-0.225991726,0.999912083,0.488398492,0.033311684,-0.20672515,0.999913633,0.534058392,0.089612864,-0.356533468,0.999945521,0.504735827,0.086646229,-0.351100475,0.999949992,0.618112564,0.244572788,-0.127759606,0.999720812,0.445959181,0.238283113,-0.100316346,0.99948442,0.63508451,0.467124462,-0.14312464,0.996013701,0.41107288,0.459326714,-0.203061253,0.993179202,0.575464427,0.545367837,-0.370166719,0.987934232,0.47114557,0.51588726,-0.529351294,0.986638725,0.562971711,0.576689363,-0.436360896,0.975939453,0.492755949,0.541747868,-0.599430203,0.971503615,0.552628458,0.546363711,-0.450999916,0.977123022,0.501278639,0.519185662,-0.605134606,0.972207904,0.554237247,0.535407305,-0.376750082,0.975741982,0.494977087,0.509827793,-0.536298811,0.968418181,0.569927096,0.680945396,-0.007826614,0.99753207,0.46748966,0.675543487,0.008526727,0.996770263,0.577850223,0.972166419,-0.043689642,0.868501484,0.467053175,0.964691401,0.083568797,0.818632841,0.567840934,1.260891318,0.292499572,0.135443583,0.463541448,1.261224508,0.396598041,0.131678089,0.565566659,1.295295477,0.315327108,0.138376191,0.464168608,1.298092961,0.422919452,0.094619304,0.562018394,1.36739099,0.151458219,0.064011529,0.470139086,1.362328649,0.239870504,0.058806799
Standing,0.516783893,0.049107824,-0.479181349,0.999912977,0.531911671,0.01617578,-0.455634415,0.99987179,0.541475594,0.016133795,-0.455796242,0.999895275,0.549210191,0.016497009,-0.455886781,0.999849677,0.505421519,0.015358251,-0.449382246,0.999877512,0.49857983,0.015294814,-0.449464977,0.999894559,0.492007554,0.015530855,-0.449627876,0.999863446,0.560955882,0.029486369,-0.291406572,0.999910593,0.488624513,0.03312017,-0.261545688,0.999909401,0.533900917,0.089647897,-0.4168396,0.999945343,0.50456512,0.086765639,-0.40815717,0.999949396,0.618809402,0.245195523,-0.194758087,0.999700546,0.445954651,0.238263085,-0.141253978,0.999451876,0.634736657,0.471284896,-0.210660651,0.99574095,0.411167443,0.459315658,-0.233582616,0.992352784,0.5732674,0.546815336,-0.404410213,0.986339569,0.471999735,0.515521348,-0.542341352,0.983798146,0.559029281,0.576703191,-0.466372788,0.972869992,0.495772362,0.541427851,-0.607017696,0.966106474,0.548808336,0.545779943,-0.475588322,0.974129796,0.50337559,0.51835072,-0.613150418,0.967014551,0.551939607,0.535399497,-0.408133686,0.972385228,0.49746713,0.509519637,-0.548877776,0.962827325,0.569952726,0.680357754,-0.013529268,0.99715513,0.467418194,0.67536509,0.014084058,0.996322155,0.577488303,0.97204107,-0.034949705,0.872238815,0.467101634,0.96161592,0.101336159,0.821972191,0.566960931,1.245415807,0.328074604,0.157154486,0.463257551,1.243362427,0.43065396,0.146416023,0.564538956,1.276629329,0.355010271,0.156339154,0.46418047,1.277537704,0.459018528,0.106446646,0.56200701,1.352244258,0.188430429,0.077041768,0.464283526,1.345795751,0.27846095,0.06824223
Standing,0.516957641,0.050073449,-0.466092736,0.999910891,0.532047808,0.016714754,-0.441883028,0.999868333,0.541588068,0.016471472,-0.442050308,0.999892712,0.549289763,0.016657073,-0.442130476,0.999845922,0.505455554,0.016190728,-0.436374038,0.999874413,0.498592556,0.016135402,-0.436470419,0.999892056,0.492022902,0.016265608,-0.436630189,0.999859929,0.561097026,0.029430199,-0.276018441,0.999908388,0.488744408,0.033186007,-0.249590471,0.999907851,0.533982277,0.09005715,-0.403199732,0.999943852,0.504825652,0.088229977,-0.395319283,0.999947906,0.619204819,0.244762003,-0.18426384,0.999700189,0.446122557,0.237785831,-0.132428527,0.999444664,0.635004342,0.471254826,-0.175145477,0.995754361,0.411835104,0.459097385,-0.231393248,0.992354214,0.572647691,0.546637118,-0.347516477,0.986248493,0.472401619,0.515087664,-0.523164332,0.983735681,0.558051467,0.575878382,-0.403363615,0.972479105,0.495714605,0.540862203,-0.583108306,0.965617239,0.548102498,0.545746863,-0.410508305,0.973764658,0.503374219,0.517714381,-0.588024676,0.966583312,0.551447034,0.535405576,-0.349598438,0.972051799,0.497579187,0.509136915,-0.528141081,0.962412059,0.569972634,0.679793477,-0.012868757,0.997152448,0.467451632,0.674256623,0.01344803,0.996264517,0.576525927,0.970350802,-0.03940735,0.869559705,0.466612101,0.959986985,0.10025762,0.812672019,0.562856913,1.247220397,0.309383899,0.152298734,0.462383926,1.244607568,0.432731301,0.139791772,0.56081444,1.27981174,0.336160421,0.153688669,0.46322304,1.279268265,0.461283445,0.102589205,0.556642056,1.353168607,0.168579102,0.074804425,0.464298248,1.346848607,0.280634105,0.065422013
Standing,0.517102659,0.051073447,-0.465150744,0.999913216,0.532134652,0.01754543,-0.441461325,0.99987191,0.541649818,0.017324511,-0.441625834,0.999895453,0.549360633,0.017485796,-0.441696167,0.999850273,0.505751491,0.017022038,-0.436529785,0.999878049,0.498962492,0.016949633,-0.436641872,0.999894977,0.492566496,0.016988907,-0.436807334,0.999863863,0.561176717,0.029914308,-0.275151819,0.999910951,0.4894844,0.033382658,-0.251128972,0.999910831,0.53408277,0.090896875,-0.401754141,0.99994576,0.50508219,0.089038342,-0.394664645,0.999949694,0.619283319,0.244527459,-0.174778268,0.999708652,0.446229756,0.237732992,-0.134653836,0.99946022,0.635207534,0.470433414,-0.178580686,0.99592948,0.412537903,0.458682537,-0.226459786,0.992576301,0.572919548,0.547098219,-0.374339432,0.986670434,0.474404007,0.515083313,-0.52011764,0.984078825,0.558849931,0.576028168,-0.43598333,0.973239064,0.498618662,0.540909648,-0.581224561,0.966137826,0.549060881,0.546282649,-0.445627213,0.974490047,0.505915165,0.518239558,-0.587418199,0.967109144,0.552017808,0.53597647,-0.378149599,0.972796381,0.5001899,0.509494185,-0.52544862,0.963026106,0.569801867,0.679694772,-0.012831548,0.997162104,0.46746248,0.673945725,0.013415456,0.996262968,0.57653302,0.969410777,-0.042245515,0.870265305,0.466302872,0.95868355,0.097182356,0.812372684,0.562593341,1.247499704,0.291385084,0.151460916,0.460486263,1.244637012,0.429333687,0.137663111,0.560669005,1.280155659,0.316796958,0.154191658,0.461405754,1.27995646,0.458167136,0.102121964,0.55668062,1.353445649,0.14906922,0.074034393,0.462641537,1.346211672,0.275411934,0.064503223
Standing,0.517387986,0.051057011,-0.438872337,0.999915183,0.53255707,0.017499857,-0.412945449,0.999874711,0.54214412,0.017301844,-0.4131217,0.999898374,0.549814641,0.017483525,-0.413170516,0.999853432,0.505843461,0.016981004,-0.409471899,0.99988085,0.499028265,0.016932938,-0.409588516,0.999898136,0.492604554,0.016986441,-0.409751564,0.999867082,0.561510384,0.029886333,-0.242652029,0.999913335,0.489484876,0.03365723,-0.224848509,0.999914408,0.534506202,0.091018267,-0.374422491,0.999946475,0.50522083,0.08909817,-0.369246244,0.999950647,0.619208217,0.244520873,-0.140566528,0.999716282,0.446272463,0.237492576,-0.119400993,0.999471605,0.63515681,0.469632089,-0.164659515,0.996102095,0.412356317,0.458163947,-0.223576188,0.992971539,0.573023498,0.545844972,-0.373077303,0.987375677,0.474926084,0.515079498,-0.520033181,0.984988451,0.559507251,0.574231148,-0.435504615,0.974651456,0.498901367,0.541044533,-0.582170129,0.967882514,0.549862266,0.545805752,-0.445003182,0.975838006,0.506718576,0.518328011,-0.587391257,0.968803942,0.552524745,0.53524828,-0.377183288,0.974252462,0.500964761,0.509507298,-0.524848521,0.964961469,0.570162594,0.679673135,-0.010390045,0.99728322,0.46774444,0.67368561,0.011028981,0.996406674,0.576929271,0.968029559,-0.052046914,0.869690359,0.466196477,0.957807302,0.082931504,0.811821282,0.562626004,1.251384377,0.295137316,0.14393656,0.46158576,1.247537971,0.410362959,0.131119341,0.560760379,1.284865022,0.321606696,0.147807449,0.462233156,1.284192324,0.438321531,0.097953536,0.556816459,1.356981874,0.154699057,0.06979163,0.46612826,1.348614454,0.255647272,0.061120972
Standing,0.517382741,0.051426332,-0.457038552,0.99992013,0.532554209,0.017715394,-0.432913065,0.999882579,0.542143285,0.017514382,-0.433086812,0.999904633,0.549830794,0.017673392,-0.433155149,0.999862611,0.505804718,0.017266395,-0.427105665,0.999887884,0.498987585,0.017230447,-0.427184582,0.999903858,0.492488801,0.017282894,-0.427317202,0.999874353,0.561605632,0.030069754,-0.264649749,0.999918997,0.4893938,0.034092017,-0.236858204,0.999919236,0.534524381,0.091535576,-0.393046767,0.999949932,0.505219579,0.089853041,-0.384988099,0.999953628,0.619204581,0.244704798,-0.165035829,0.999731362,0.446748167,0.23737447,-0.121384874,0.99948889,0.634866834,0.469418645,-0.190568238,0.996224165,0.412572056,0.456950933,-0.222889811,0.992967844,0.572975755,0.545888841,-0.405628294,0.987800002,0.474930942,0.515179336,-0.546749651,0.984980643,0.559462905,0.574260771,-0.471589327,0.975445509,0.497856945,0.542055905,-0.614966929,0.967933536,0.549749494,0.545840204,-0.483924776,0.976599216,0.50666225,0.519168496,-0.622249782,0.96888721,0.552382112,0.53526473,-0.411090553,0.974983096,0.500914574,0.50993377,-0.553744674,0.965094149,0.570186019,0.679395199,-0.011439579,0.997344494,0.467762053,0.673201442,0.012055586,0.996446311,0.577509999,0.968928277,-0.05063678,0.873157501,0.466183037,0.955985665,0.082984179,0.817361414,0.569982469,1.249460459,0.312624991,0.151552662,0.461711109,1.241210938,0.411246449,0.137299865,0.567797661,1.282429338,0.340708405,0.154672086,0.462998867,1.275847673,0.4394238,0.103409633,0.568499446,1.35488832,0.171973079,0.072825223,0.466132402,1.343637347,0.257103384,0.063768484
Standing,0.516537666,0.051279496,-0.457048804,0.999921381,0.531709731,0.017694343,-0.433297873,0.999885619,0.541411459,0.0174872,-0.433462918,0.99990648,0.549367666,0.017627642,-0.433535904,0.999866307,0.50542742,0.017234232,-0.427012682,0.999890447,0.498726755,0.017166715,-0.427092165,0.999905169,0.49231106,0.017202727,-0.427231073,0.999876916,0.561436415,0.030005299,-0.268507004,0.999920785,0.489450157,0.03400011,-0.237457484,0.999920189,0.533965468,0.091385156,-0.394247949,0.999951541,0.504866183,0.089771546,-0.385407656,0.999954998,0.619781494,0.244988292,-0.170807272,0.999732852,0.446929306,0.23737134,-0.124150753,0.999493718,0.634927154,0.469408959,-0.200898811,0.996096611,0.412647307,0.456943393,-0.22603254,0.992692769,0.573165596,0.548408091,-0.415655226,0.987471998,0.475815356,0.515310645,-0.544561803,0.984101295,0.559994817,0.576931596,-0.48097533,0.974571466,0.498553127,0.542296469,-0.611133873,0.9661026,0.55017823,0.547242761,-0.491540432,0.975768089,0.507252455,0.519665718,-0.617364883,0.967073321,0.552695155,0.536774755,-0.42057997,0.973988891,0.501720965,0.510440767,-0.550965428,0.962932765,0.570285857,0.679370642,-0.012074878,0.997235,0.467745841,0.672947407,0.012670388,0.996359289,0.577465892,0.968500614,-0.03895111,0.874433279,0.466167629,0.956289351,0.082837403,0.822172642,0.569719493,1.246396184,0.324632913,0.163388953,0.461161137,1.242067814,0.397507161,0.149019927,0.567377329,1.278564334,0.352421105,0.163161948,0.462726682,1.277098775,0.423467159,0.108187288,0.568395734,1.352467537,0.183084384,0.080167904,0.464884818,1.344118118,0.237337619,0.069620065
Standing,0.516577184,0.051472902,-0.46215421,0.999922335,0.531684041,0.017845161,-0.438627899,0.999887764,0.541392207,0.017658304,-0.438810498,0.999907553,0.549360693,0.017785503,-0.438905895,0.99986881,0.505408406,0.017362539,-0.43244642,0.99989152,0.498688877,0.017324599,-0.432498395,0.999904752,0.492224544,0.017426429,-0.43263936,0.999876738,0.561399579,0.030033495,-0.272891939,0.999922037,0.489098877,0.034265671,-0.242958978,0.999918878,0.534057856,0.091633514,-0.398901492,0.999952853,0.504868567,0.090188481,-0.390220225,0.999955893,0.619775534,0.244428977,-0.173797339,0.99973923,0.446948469,0.237439618,-0.125315219,0.999484837,0.634911716,0.466914743,-0.192542553,0.995731473,0.412782729,0.4570207,-0.22674112,0.991502702,0.573979855,0.549348593,-0.410984695,0.986262381,0.475808293,0.514619172,-0.554282308,0.980734646,0.560998261,0.578639209,-0.473756403,0.972305536,0.498073727,0.541936815,-0.622441351,0.960632563,0.551009059,0.54802078,-0.478701055,0.973607659,0.507284582,0.519267738,-0.630489707,0.961776555,0.553443432,0.537404358,-0.412086636,0.971315265,0.501918256,0.510150254,-0.561981797,0.956952989,0.571303725,0.677883804,-0.012347264,0.997039914,0.467830747,0.671950638,0.012932219,0.996067166,0.57747978,0.967799306,-0.039388109,0.878867567,0.466187388,0.954385877,0.084815741,0.826266468,0.570073962,1.232097745,0.330250442,0.19318521,0.462977558,1.22747314,0.418754101,0.171151266,0.567194641,1.262498856,0.358323425,0.186811909,0.465765893,1.259738684,0.447260857,0.124531806,0.571817756,1.337970018,0.189003363,0.09859857,0.464891523,1.331171751,0.263273627,0.082575932
Standing,0.516335487,0.05135186,-0.460450798,0.999922872,0.531458735,0.017756479,-0.436708152,0.999888241,0.541182041,0.017607346,-0.436887085,0.99990809,0.549229622,0.017760532,-0.436976522,0.999869227,0.505198479,0.017128255,-0.430788428,0.999891758,0.498485953,0.016985027,-0.430850923,0.999904871,0.492031097,0.017053084,-0.430995613,0.999876618,0.561356127,0.030009996,-0.270867407,0.999922991,0.489077866,0.034058347,-0.242359042,0.999918759,0.533907831,0.091561295,-0.397171915,0.99995327,0.504726231,0.090043135,-0.388852745,0.99995625,0.620051384,0.244362622,-0.171248674,0.999739945,0.447042137,0.237702683,-0.123349354,0.99948436,0.635757983,0.468923748,-0.190356493,0.995682538,0.412701309,0.457731366,-0.222050309,0.991282523,0.573878109,0.551078379,-0.390382826,0.986257017,0.475849211,0.515152872,-0.54834187,0.98045212,0.560452104,0.57937789,-0.449632496,0.971908689,0.497989178,0.542194366,-0.614898443,0.959919453,0.550702572,0.548342705,-0.456028849,0.973247886,0.507736087,0.519633114,-0.617794335,0.96099627,0.55317539,0.537796319,-0.391472161,0.97094065,0.502192736,0.510412872,-0.553702831,0.955875993,0.571879268,0.678276598,-0.012339864,0.996873856,0.467990875,0.672958016,0.012926404,0.995958805,0.57829839,0.971360922,-0.03599247,0.87821722,0.46639514,0.963040054,0.067150667,0.829554856,0.570003688,1.238203049,0.349078089,0.194278046,0.464259952,1.254113436,0.375045538,0.178440139,0.567094207,1.26942575,0.379101783,0.187699154,0.467069685,1.290890813,0.400029421,0.126264259,0.570825815,1.349953413,0.212698817,0.099460207,0.466179937,1.360394835,0.209025308,0.085025407
Standing,0.516309738,0.051374901,-0.484571457,0.999921024,0.531420052,0.01783058,-0.461860329,0.999886811,0.541140556,0.017705012,-0.462008715,0.999905467,0.549201131,0.017864117,-0.462122589,0.99986738,0.505194426,0.017158503,-0.45483619,0.999890387,0.49848491,0.017008198,-0.454921663,0.99990201,0.492029577,0.017060084,-0.455074161,0.99987489,0.561265111,0.030106075,-0.297594219,0.999921441,0.489113003,0.03398037,-0.263748705,0.999915123,0.533858538,0.091704592,-0.421405315,0.999953687,0.504706919,0.090069637,-0.41174525,0.999956548,0.620046079,0.244388849,-0.194625124,0.999730587,0.446975321,0.237713665,-0.135353655,0.999475956,0.634972095,0.474500835,-0.209689185,0.995254934,0.41270709,0.459238261,-0.228926182,0.990361452,0.572927594,0.552546382,-0.411364317,0.984717727,0.475673288,0.515231252,-0.554858088,0.978008509,0.558524251,0.579500556,-0.473066628,0.968142629,0.497373641,0.542283654,-0.620462656,0.955365539,0.548817754,0.548364997,-0.482536227,0.969640255,0.507380188,0.519614279,-0.624566734,0.956332445,0.551535368,0.537968636,-0.414642006,0.966762841,0.50170815,0.510367692,-0.560398042,0.949897647,0.572078407,0.678164601,-0.015128103,0.996177614,0.467983425,0.673136294,0.01566774,0.995280206,0.578212738,0.972156107,-0.05850485,0.879505575,0.466375589,0.96686548,0.06694676,0.833677173,0.570440412,1.238937974,0.340617895,0.214246035,0.465576112,1.258339524,0.377781212,0.202979639,0.567272663,1.269651294,0.372309595,0.202015802,0.469138145,1.294648051,0.403051198,0.138839751,0.570769608,1.353220582,0.193483293,0.113928087,0.466625988,1.365590453,0.210331529,0.100061193
Standing,0.516240478,0.051489931,-0.487265974,0.999918163,0.531408608,0.017915534,-0.464905888,0.999882638,0.541138768,0.017848708,-0.465055794,0.999901891,0.549207091,0.018073535,-0.465143025,0.999862909,0.505147278,0.017165603,-0.457775921,0.99988538,0.498434067,0.017008392,-0.457879007,0.999897122,0.491965383,0.017055551,-0.458035886,0.999868572,0.561279833,0.030289318,-0.302411914,0.999918938,0.489104927,0.033963136,-0.268715322,0.999908924,0.533843994,0.092227429,-0.425005674,0.999952316,0.504589081,0.090160146,-0.415246248,0.999954998,0.620391548,0.244456232,-0.202655882,0.999722898,0.446899712,0.237929329,-0.143320486,0.999449968,0.63497293,0.475371629,-0.215023592,0.995196998,0.412581116,0.459528983,-0.238098815,0.989689887,0.572924197,0.552868426,-0.40737161,0.984363854,0.475669682,0.515150666,-0.559239507,0.976122141,0.558378875,0.579585195,-0.469144166,0.967414558,0.49714011,0.542128444,-0.623705506,0.95223695,0.548685431,0.548269451,-0.479040772,0.968943238,0.507346749,0.519524455,-0.629594326,0.953305721,0.551486611,0.537964165,-0.410931528,0.965986609,0.501669705,0.510252357,-0.565585971,0.946845233,0.572416008,0.677973986,-0.015296705,0.996021628,0.468065113,0.672473371,0.015848875,0.995072305,0.578300297,0.971492529,-0.048904322,0.882592738,0.466695487,0.96135354,0.086335115,0.836548984,0.570978224,1.23070395,0.350039095,0.226717904,0.466141611,1.237386465,0.430541277,0.211918965,0.567801595,1.260742664,0.381296098,0.215719655,0.46942082,1.270976424,0.460516304,0.148799568,0.570923388,1.343737483,0.216296643,0.120049477,0.466702163,1.34398675,0.281159371,0.104399607
Standing,0.51621592,0.051283758,-0.472910076,0.999920428,0.531394243,0.017435433,-0.448122919,0.999885201,0.541119635,0.01735495,-0.448286057,0.999904811,0.549186945,0.017572189,-0.448386341,0.999866247,0.505109131,0.01659904,-0.441701591,0.999887109,0.49839592,0.016355814,-0.441802084,0.999899328,0.491932869,0.016348423,-0.441958964,0.999870062,0.561206758,0.029699054,-0.279843748,0.999921739,0.489087433,0.032663055,-0.24912253,0.999910593,0.533819318,0.09197399,-0.408817679,0.999953628,0.504578054,0.089959778,-0.399921715,0.999955773,0.620358288,0.243195236,-0.175713688,0.999731839,0.446890533,0.237966329,-0.135140359,0.999449253,0.635504365,0.47153756,-0.195501864,0.995304465,0.413220704,0.459264755,-0.235176831,0.989691138,0.575822115,0.55363369,-0.406298488,0.984906971,0.475980669,0.515535951,-0.561673701,0.976628661,0.56145668,0.582755089,-0.465712637,0.968486965,0.497095913,0.542663455,-0.628827572,0.953209639,0.55100435,0.551525593,-0.475111336,0.969999492,0.507306933,0.520416558,-0.635950089,0.954319715,0.553305507,0.540281355,-0.40843302,0.967146754,0.501727998,0.511097491,-0.568588078,0.948032081,0.57365191,0.677225411,-0.013959145,0.996121168,0.468341827,0.671744645,0.014568722,0.995162725,0.578812003,0.973135352,-0.055862896,0.885315835,0.466728538,0.9615888,0.07212241,0.838934243,0.571284771,1.240871906,0.348396838,0.225532398,0.468605369,1.251950264,0.410154432,0.210677534,0.568114996,1.273654699,0.379671752,0.21598354,0.471623033,1.289027333,0.438616991,0.146912858,0.570566833,1.354494929,0.212653562,0.118682347,0.47126466,1.36011076,0.2486265,0.102679804
Standing,0.516110122,0.051010393,-0.468315661,0.999916553,0.531311929,0.017208951,-0.442498684,0.999878287,0.541040003,0.017112698,-0.44266814,0.999900699,0.549122095,0.01732433,-0.44275865,0.999858737,0.504986167,0.016573744,-0.436760008,0.999880731,0.498212159,0.016349377,-0.436888695,0.999895275,0.491716444,0.016347228,-0.43706426,0.999863565,0.561158299,0.029571459,-0.271930188,0.999918282,0.489015818,0.03262157,-0.243332356,0.999907732,0.533818245,0.091751747,-0.403226048,0.999950111,0.504535675,0.089861616,-0.395050287,0.999952555,0.620352268,0.24234952,-0.164715141,0.9997226,0.446836621,0.237999201,-0.132630065,0.999438047,0.635491967,0.471193731,-0.186301187,0.995357215,0.412331045,0.459894896,-0.235465616,0.990128458,0.576016366,0.553400517,-0.399351418,0.985164285,0.4764162,0.515351534,-0.560858667,0.977851748,0.561503768,0.582639098,-0.459206969,0.969043434,0.49848938,0.541799009,-0.627205431,0.955272257,0.550891638,0.551144898,-0.467877209,0.97054112,0.507908046,0.519942999,-0.632135153,0.956345618,0.553243041,0.540044129,-0.401808321,0.967901051,0.502305925,0.510830343,-0.56641686,0.950367451,0.573827982,0.677587152,-0.012299615,0.996226788,0.468354464,0.672137022,0.012944488,0.995311916,0.580661654,0.975433767,-0.04996676,0.885642111,0.466754586,0.964861989,0.071640797,0.839955151,0.572125554,1.258704424,0.343203157,0.216122672,0.470415682,1.273307323,0.399261713,0.202688187,0.56952399,1.29483223,0.373365909,0.208252609,0.472638369,1.313188195,0.426024735,0.140463561,0.570357323,1.368804693,0.205581993,0.113036014,0.475796282,1.379815459,0.232106894,0.098076537
Standing,0.515535474,0.051125914,-0.465196043,0.999916613,0.530913472,0.017230753,-0.440177262,0.999878168,0.540789127,0.017128194,-0.440348089,0.999901056,0.548994958,0.017330213,-0.440451473,0.999858737,0.50458163,0.016607169,-0.433822244,0.999880493,0.49788475,0.016377397,-0.433942646,0.999895632,0.491474807,0.016384916,-0.434116423,0.999863744,0.561130166,0.029604504,-0.271451622,0.999918818,0.489023298,0.032717701,-0.240907192,0.999908566,0.533688664,0.091894902,-0.400870025,0.999950349,0.504203439,0.089982517,-0.391943485,0.999952555,0.620460331,0.242500365,-0.164640561,0.999721348,0.446838289,0.238001376,-0.12852256,0.999444306,0.635810852,0.471138716,-0.177180931,0.995360255,0.41237554,0.459351897,-0.224040896,0.990194023,0.575963557,0.553780138,-0.374772489,0.985039771,0.47634396,0.515370131,-0.540299475,0.978287995,0.561025739,0.582909882,-0.434683651,0.968867362,0.497886091,0.54179734,-0.604829788,0.955921352,0.550854564,0.55123806,-0.444947064,0.970394373,0.507572711,0.519949794,-0.61145407,0.957032144,0.55324012,0.5402807,-0.378506839,0.967799842,0.501920462,0.510828495,-0.546684861,0.951154113,0.573630333,0.677644074,-0.012803257,0.996293128,0.468277991,0.672669709,0.013439486,0.995379508,0.579282522,0.975398421,-0.048531074,0.886452377,0.466743767,0.967051208,0.078138694,0.839621603,0.570821583,1.257899523,0.340671837,0.213986471,0.469035327,1.27178812,0.402560651,0.199496284,0.569034874,1.29354167,0.370525777,0.206640199,0.471457243,1.310734868,0.429280192,0.137742639,0.566223502,1.368068337,0.202295944,0.111886442,0.472227335,1.378633738,0.238881141,0.096261851
Standing,0.515236318,0.051202927,-0.470902205,0.999919355,0.530640483,0.01722822,-0.446173131,0.999881625,0.540603518,0.017123189,-0.446338087,0.999904275,0.548887849,0.017312991,-0.446431339,0.999862671,0.504188359,0.016604429,-0.439485133,0.999884009,0.497431934,0.016369876,-0.439601511,0.999899149,0.491013229,0.016379774,-0.43976146,0.999867678,0.561085343,0.029475242,-0.277580321,0.999921679,0.488794714,0.032708719,-0.244658872,0.999911487,0.533531308,0.09197887,-0.406577766,0.999951661,0.503991842,0.090076827,-0.397116274,0.999953628,0.620459616,0.242514759,-0.17043072,0.99972254,0.446730703,0.238583982,-0.128993839,0.999450505,0.635974765,0.4728221,-0.18309167,0.995441556,0.412543297,0.459786773,-0.230073661,0.990441024,0.576232016,0.554027498,-0.381550193,0.985174775,0.477249384,0.515377879,-0.55596149,0.97903806,0.561345398,0.582892418,-0.441901535,0.969035327,0.499134928,0.541799009,-0.621569753,0.957080424,0.551027417,0.551102519,-0.452526718,0.970573783,0.508414626,0.519923508,-0.625714421,0.958157659,0.553404212,0.540252686,-0.38534525,0.968107104,0.502796948,0.51082164,-0.561157048,0.952393591,0.573716462,0.678966105,-0.013842931,0.996337593,0.468331099,0.673992991,0.01449478,0.995443881,0.578992307,0.975468278,-0.05147747,0.888373315,0.466240734,0.969613671,0.08428739,0.841694593,0.570372522,1.267325282,0.331878632,0.211875945,0.467308611,1.278542042,0.408835471,0.197990179,0.568747878,1.304042816,0.360775501,0.204942852,0.469803512,1.319761992,0.435270697,0.136541322,0.565142334,1.37661016,0.187330887,0.110011846,0.468495935,1.383529544,0.243019134,0.094946921
Standing,0.515780926,0.051158689,-0.469976902,0.999910712,0.531051993,0.017011942,-0.445407629,0.999869823,0.540973783,0.016803026,-0.445573747,0.999892473,0.549144149,0.016897762,-0.445668131,0.999848604,0.504280269,0.016583655,-0.438857466,0.999874592,0.497468561,0.016370563,-0.438966572,0.999888599,0.491010249,0.016403021,-0.439127773,0.999857008,0.56116569,0.029012389,-0.277677298,0.999911964,0.488534063,0.033022739,-0.245452404,0.999903202,0.533922553,0.091951475,-0.405870527,0.999947488,0.504113674,0.090210661,-0.39659059,0.999950409,0.620816588,0.242340252,-0.170280725,0.999690652,0.446649462,0.238919273,-0.129930347,0.999413252,0.635960281,0.473756969,-0.170741245,0.99469167,0.412846625,0.461761296,-0.226474166,0.989725173,0.575336397,0.554129124,-0.348211855,0.982109725,0.478383839,0.516161382,-0.528117299,0.976764143,0.559623957,0.582859635,-0.405213296,0.963092387,0.502047956,0.542006195,-0.589465737,0.952233613,0.549646556,0.550634325,-0.413732141,0.964816391,0.509634614,0.519931853,-0.592579842,0.953317285,0.552279055,0.539908409,-0.350981504,0.961998045,0.504123032,0.510941625,-0.532197833,0.946727395,0.5737046,0.67940408,-0.013788352,0.995975971,0.468303442,0.674028218,0.014444051,0.995021999,0.578717351,0.975261688,-0.043845437,0.886735022,0.465748608,0.969361365,0.096982643,0.83770299,0.566010058,1.264090419,0.323557913,0.217551753,0.46710223,1.273591757,0.423400313,0.200425968,0.562862754,1.300073981,0.350137562,0.209996372,0.469524056,1.314160109,0.450577676,0.13764514,0.561564088,1.374122143,0.17639327,0.11435546,0.467292488,1.3791852,0.263111323,0.097154051
Standing,0.514863074,0.05117951,-0.467713684,0.999909759,0.529794216,0.017179335,-0.443949133,0.999868691,0.539716303,0.017024884,-0.444109529,0.999891639,0.548163474,0.017122835,-0.444202662,0.999847353,0.503564179,0.016634364,-0.437641561,0.99987334,0.496741116,0.016394712,-0.437763125,0.999887705,0.490340054,0.016415369,-0.437923968,0.999856055,0.560455143,0.029209502,-0.277516991,0.999910891,0.487997293,0.033024628,-0.24549222,0.999902725,0.532963872,0.091986388,-0.404354155,0.999947071,0.50360769,0.090198584,-0.395412415,0.999950051,0.620608449,0.242303714,-0.16877538,0.99969548,0.446647108,0.238427922,-0.129834697,0.999419928,0.635953844,0.472846955,-0.157835737,0.994677961,0.4121674,0.461155057,-0.217906952,0.989842772,0.576063991,0.553440392,-0.340050757,0.982229114,0.47772193,0.515486598,-0.524590135,0.977322996,0.560986817,0.582470179,-0.397427946,0.963257194,0.499676704,0.541853786,-0.586804211,0.953151405,0.55086714,0.550604761,-0.409101397,0.965013564,0.508733511,0.519853234,-0.590709686,0.954226613,0.553120911,0.539850056,-0.344204903,0.962342143,0.503433347,0.510771096,-0.529238105,0.947742343,0.573374391,0.678394079,-0.013292206,0.996058702,0.468173683,0.673044562,0.013961149,0.995083928,0.578690469,0.97194618,-0.047891255,0.879490256,0.465500206,0.960505843,0.094774842,0.827807963,0.565857351,1.253013372,0.323048174,0.206414938,0.466535151,1.254721999,0.423863351,0.190283909,0.562907636,1.287108302,0.350503534,0.201421618,0.468379885,1.292340159,0.452404678,0.131535202,0.56067121,1.362352729,0.179590166,0.1084636,0.467582047,1.359167337,0.270873815,0.092177264
Sitting,0.431181103,0.528456986,-0.379918158,0.998073697,0.448160559,0.470467418,-0.401644528,0.995656133,0.459619284,0.469256431,-0.401370704,0.996364295,0.473180115,0.469011992,-0.401509434,0.996711373,0.425524056,0.473503739,-0.364211023,0.995760679,0.420017183,0.473212004,-0.363660783,0.99509269,0.41463846,0.473118037,-0.363757342,0.994628906,0.51410985,0.483279794,-0.348674178,0.997743905,0.434276491,0.482038677,-0.168002576,0.995323479,0.458247602,0.568327308,-0.351443499,0.998670638,0.431707442,0.568417609,-0.297885716,0.998097539,0.636939287,0.72104007,-0.25442639,0.999085069,0.391088903,0.712201118,-0.102798209,0.999306083,0.682058215,1.041481137,-0.21597974,0.514658511,0.363486946,0.992359102,0.018630786,0.283055961,0.66766125,1.321317673,-0.204714537,0.041989904,0.389136702,1.28529048,-0.092644691,0.02088766,0.679737449,1.409438133,-0.237107635,0.040179692,0.382941991,1.370200157,-0.122804724,0.022689721,0.649186075,1.413419366,-0.258446544,0.05677506,0.398968548,1.360865355,-0.163880914,0.031814013,0.641319811,1.375228405,-0.216060117,0.059161026,0.405858099,1.328460455,-0.117591396,0.034894112,0.594508052,1.311836958,-0.057040911,0.022674141,0.428995907,1.310766935,0.059930045,0.022758715,0.585964859,1.774394751,-0.001643074,0.00564446,0.440406144,1.774424553,0.170115024,0.004333145,0.582689643,2.191306591,0.375134647,0.003709317,0.437160164,2.201408148,0.50209856,0.00310731,0.590485394,2.254438639,0.396735668,0.004489856,0.438621223,2.271493196,0.527298212,0.003677332,0.544889092,2.343947411,0.08547277,0.003721699,0.444139898,2.348084211,0.20121412,0.002971665
Sitting,0.431694746,0.522384703,-0.398994654,0.998232484,0.448943436,0.464671671,-0.419652045,0.996010423,0.460375845,0.463898808,-0.419408858,0.996665657,0.473928541,0.463995993,-0.419584215,0.99697876,0.426675171,0.467073023,-0.3836568,0.99609673,0.421218455,0.466953665,-0.38309589,0.995490611,0.415940613,0.467072934,-0.383193702,0.995057285,0.514830172,0.479280293,-0.357097566,0.997925222,0.436673552,0.477464586,-0.182115287,0.995697558,0.458429903,0.563199699,-0.365391552,0.998782575,0.431785434,0.563412547,-0.314416409,0.998251379,0.636874855,0.720493376,-0.263726413,0.999100268,0.391067654,0.712141991,-0.106869742,0.999316633,0.678279757,1.022491097,-0.213516802,0.508668005,0.362711668,0.989944875,0.042493589,0.270417631,0.667997122,1.318104863,-0.201950163,0.039250351,0.392058194,1.28129828,-0.044392169,0.019629693,0.679822206,1.405009389,-0.231841654,0.037754409,0.387007475,1.36694181,-0.072439179,0.021449642,0.649626076,1.408309579,-0.255250663,0.053843357,0.402629077,1.356231928,-0.114809349,0.03024286,0.642203808,1.366687298,-0.21365948,0.056049861,0.408790499,1.324060917,-0.069417067,0.033135902,0.594496131,1.317144394,-0.057351738,0.020518452,0.437723488,1.32577908,0.060223609,0.020610673,0.585049748,1.769786954,0.001104308,0.005110206,0.43767938,1.76998508,0.183545023,0.003918598,0.582127392,2.187902212,0.370874614,0.003343112,0.434784353,2.196862698,0.510425031,0.002797707,0.589406908,2.252251148,0.391981989,0.004045353,0.436233759,2.266184092,0.536723971,0.003312735,0.545251429,2.338835001,0.07418403,0.003356762,0.44290486,2.343055487,0.213829726,0.002678783
Sitting,0.431830257,0.515133858,-0.401552826,0.998383343,0.449239254,0.457808524,-0.424717188,0.996352851,0.460596651,0.45633325,-0.42446813,0.996947348,0.474107742,0.455476582,-0.424634278,0.997236192,0.427197933,0.461398304,-0.385974497,0.99642992,0.421807617,0.461506873,-0.385403216,0.995871484,0.416612238,0.461759299,-0.385516167,0.995480418,0.515074968,0.471489072,-0.370858014,0.99809885,0.437831938,0.472411394,-0.185783476,0.996068537,0.458518028,0.556398273,-0.371641666,0.998891294,0.431830347,0.557213128,-0.317599773,0.998404503,0.636887729,0.720065534,-0.279935032,0.999123514,0.391081929,0.711434066,-0.108083583,0.999349952,0.677951813,1.010433674,-0.213885739,0.504280865,0.362510026,0.976756871,0.060019821,0.260022849,0.67368573,1.310063481,-0.189686522,0.036884014,0.393003702,1.277482271,-0.017534658,0.018644975,0.684777617,1.394214749,-0.214207888,0.035805184,0.388130844,1.366517782,-0.04405196,0.020634836,0.657938361,1.392074585,-0.23837173,0.051451713,0.40279904,1.35257256,-0.081745312,0.02921891,0.650482237,1.352102399,-0.200559288,0.053574841,0.409150779,1.3189044,-0.040644985,0.032002326,0.594772458,1.315415859,-0.057513397,0.018654775,0.434577465,1.314583778,0.060435534,0.018773796,0.584672332,1.766554713,0.011420563,0.004619482,0.433946431,1.768273115,0.256151289,0.00353952,0.579516828,2.183086157,0.396795809,0.003011246,0.426023006,2.192472935,0.665282547,0.002518546,0.585673749,2.246495247,0.419549942,0.003642981,0.427589744,2.261076212,0.698520303,0.002983046,0.542171836,2.334249496,0.092090353,0.003025552,0.432674229,2.338573933,0.361788154,0.002413813
Sitting,0.434415251,0.505801439,-0.401039034,0.998519599,0.451341867,0.44985339,-0.417743266,0.996660352,0.462791592,0.447533578,-0.417494833,0.997201264,0.47633791,0.446080863,-0.417688698,0.997469008,0.429478705,0.455662072,-0.381069213,0.996727884,0.424117863,0.4565548,-0.380500615,0.996214986,0.418886572,0.457340628,-0.380615711,0.995863438,0.515908241,0.463964343,-0.34894675,0.998253584,0.438830048,0.469370008,-0.165899783,0.996386468,0.459556013,0.547632277,-0.367494881,0.998987675,0.433352858,0.549849927,-0.314326823,0.998538196,0.63679868,0.709566712,-0.269557744,0.999146104,0.391184956,0.711384833,-0.089069679,0.999370277,0.676019073,0.988149107,-0.210782379,0.501670301,0.366294861,0.973109841,0.057760872,0.252934366,0.670861125,1.285703063,-0.208844826,0.034437209,0.401256025,1.264117837,-0.048630621,0.017649319,0.679999471,1.367985249,-0.24373138,0.033643998,0.397942543,1.350607514,-0.073037446,0.019762997,0.653109193,1.36401403,-0.26716885,0.048691705,0.410836041,1.334418535,-0.110693611,0.028090686,0.646739364,1.325425863,-0.221162796,0.050657269,0.416167557,1.300148249,-0.072116941,0.030731417,0.595837712,1.297481298,-0.063164562,0.01693432,0.434661776,1.29429853,0.066144183,0.017076062,0.58536303,1.757925749,-0.00284051,0.004177027,0.434530079,1.755285025,0.246984988,0.003198347,0.579978645,2.178849697,0.395828545,0.002713299,0.428141892,2.184717894,0.62383616,0.002267484,0.586241901,2.240876675,0.418662727,0.003281288,0.429554552,2.252176523,0.655125022,0.002687017,0.543169796,2.327692747,0.059028666,0.002727152,0.434900135,2.330126524,0.341524184,0.002175127
Sitting,0.438920081,0.496840656,-0.387097269,0.998633921,0.456708372,0.441253066,-0.401801258,0.996913135,0.468916893,0.438869208,-0.401551157,0.997404397,0.482892424,0.437592089,-0.401687473,0.99765861,0.433711827,0.44740805,-0.370103657,0.996984005,0.427971661,0.448666096,-0.369565427,0.9965083,0.422729671,0.449891567,-0.369689405,0.996197522,0.518040776,0.45605135,-0.337333977,0.998372853,0.440630138,0.464329749,-0.17215699,0.99666965,0.464568764,0.538650692,-0.354930013,0.999071658,0.436157465,0.540954173,-0.307774246,0.99865818,0.636902928,0.706605673,-0.256000876,0.99912852,0.391199887,0.712762952,-0.097314157,0.999396265,0.676359594,0.978245854,-0.169054314,0.491114169,0.369411528,0.9739061,0.064958028,0.252843022,0.670710325,1.278353214,-0.136739343,0.032104436,0.41413641,1.263618708,0.028035898,0.017236032,0.67929709,1.361793995,-0.159075305,0.031614531,0.412613332,1.351821065,0.005657868,0.019447347,0.652776122,1.3555336,-0.181669399,0.045920368,0.42563042,1.336293578,-0.031453229,0.027649511,0.646562517,1.317252398,-0.147158563,0.047926541,0.430730999,1.301074147,0.00755854,0.030283405,0.602302253,1.291287541,-0.05705142,0.015410485,0.437509477,1.292108059,0.059759598,0.015599965,0.595823884,1.755250096,-0.004769815,0.003783756,0.443786204,1.755035758,0.204414174,0.002898149,0.595504403,2.178251505,0.361175627,0.002446127,0.446153939,2.183296442,0.54135102,0.002041862,0.601465046,2.240420818,0.37959066,0.00295738,0.448542595,2.250604153,0.567505002,0.0024213,0.566352963,2.327206135,0.044178713,0.002460478,0.460033983,2.329583645,0.23895213,0.001962724
Sitting,0.441163003,0.486215979,-0.377666295,0.998698056,0.458427727,0.431477696,-0.393478632,0.997032225,0.470293611,0.42907083,-0.39324218,0.997510612,0.483758986,0.42788434,-0.393337965,0.997740924,0.435559273,0.437771916,-0.362663537,0.997118354,0.429835021,0.439240217,-0.362146199,0.996693492,0.424695015,0.440925062,-0.362288654,0.996403337,0.518218219,0.446034908,-0.33158946,0.998423278,0.441702366,0.456131905,-0.171836987,0.996843278,0.466004133,0.526550531,-0.345824748,0.999120116,0.437663734,0.530632377,-0.300221711,0.998723924,0.636880755,0.690931082,-0.240870029,0.999062181,0.391258299,0.712006688,-0.100129925,0.999406576,0.67727077,0.959911764,-0.13505359,0.478617907,0.371712983,0.97430867,0.062076718,0.255179763,0.668765962,1.225821972,-0.091504723,0.030334786,0.420131534,1.233155131,0.004374057,0.017438987,0.675277174,1.306024432,-0.109581031,0.030072693,0.419999063,1.319135666,-0.02150424,0.019794792,0.650240302,1.298177361,-0.133490846,0.043861035,0.432749987,1.30278182,-0.060123522,0.028242225,0.644688189,1.261293173,-0.102032043,0.04604546,0.436931223,1.266575456,-0.017234635,0.030931607,0.603297412,1.276067138,-0.052432436,0.013977306,0.438519776,1.27909255,0.055079006,0.014201785,0.59680593,1.740692854,-0.025355374,0.003429161,0.445141703,1.745074272,0.107867286,0.002630204,0.596391797,2.164209604,0.281398416,0.002206121,0.447396696,2.175050259,0.341407657,0.001838957,0.60253793,2.226038218,0.295249671,0.002667792,0.449579805,2.240556955,0.356400877,0.002183386,0.567043662,2.309504747,-0.012324569,0.002220643,0.461175382,2.318962097,0.032462027,0.001772217
Sitting,0.443114281,0.475992799,-0.380003452,0.998785853,0.459782839,0.422991991,-0.391333371,0.99722296,0.471573204,0.42031458,-0.391076624,0.99767071,0.484881699,0.418802261,-0.391219467,0.997882664,0.436310858,0.430594176,-0.361987531,0.997299552,0.430474997,0.43283242,-0.361519814,0.996912479,0.425210059,0.435327411,-0.361682296,0.996646166,0.519014597,0.438278824,-0.316217571,0.998512566,0.441557109,0.451883435,-0.165945008,0.997040033,0.467940003,0.515255511,-0.344581306,0.999176979,0.438539356,0.521379173,-0.300587893,0.998801589,0.636807799,0.686337054,-0.230696648,0.99906534,0.391268283,0.708461344,-0.102141961,0.999412537,0.675717235,0.963788509,-0.153627679,0.470332623,0.374713331,0.974540114,0.041065287,0.247425616,0.652401268,1.23735857,-0.124928966,0.028433852,0.419094622,1.234342813,-0.048116516,0.016666977,0.655827403,1.319626331,-0.162361801,0.028453911,0.418476731,1.320603013,-0.084696308,0.019105766,0.628718138,1.314302444,-0.177393109,0.041846026,0.4318358,1.305945873,-0.12506336,0.027411498,0.625071645,1.276755214,-0.136249661,0.043865189,0.436083704,1.269911051,-0.071665324,0.030003209,0.603086352,1.272337675,-0.052409697,0.012729162,0.438736767,1.273002505,0.05512064,0.012997845,0.596537769,1.7385993,-0.021407183,0.00311159,0.446191162,1.740757465,0.140762359,0.002381658,0.595538139,2.160569906,0.310710996,0.001989103,0.447094381,2.171729565,0.422513664,0.001656068,0.601594567,2.222196817,0.329957336,0.002404402,0.449299037,2.238374233,0.443098307,0.001967753,0.563389778,2.307120323,0.035068646,0.002003463,0.460050523,2.315964222,0.118981801,0.001597835
Sitting,0.443971545,0.470954686,-0.384934783,0.998858392,0.460795939,0.417492121,-0.397354931,0.997384369,0.472565353,0.414964348,-0.397090673,0.99780333,0.48582086,0.413637429,-0.397233635,0.997997165,0.437008381,0.425302386,-0.36766988,0.997458994,0.43104586,0.427716702,-0.367199361,0.997107446,0.42571798,0.430393994,-0.367352843,0.996865392,0.519892573,0.434204698,-0.324227303,0.998589337,0.441568434,0.448679745,-0.169663161,0.997240007,0.469271094,0.511681318,-0.349641919,0.999230742,0.438983023,0.517945409,-0.304615676,0.998881042,0.636709154,0.682232678,-0.236239314,0.99907428,0.391214788,0.707429826,-0.122884974,0.999433994,0.676559925,0.959466577,-0.164097115,0.468541116,0.374585807,0.97618103,-0.016030399,0.251554281,0.653596044,1.243288636,-0.187589824,0.027424574,0.405211538,1.234643936,-0.127557233,0.016844705,0.658356309,1.325433731,-0.231583118,0.027753834,0.399743825,1.320916772,-0.166799068,0.019409128,0.632405043,1.320122361,-0.252154768,0.041230582,0.413687855,1.306894541,-0.212747574,0.028046647,0.627950132,1.282729506,-0.201720163,0.043262091,0.420345217,1.271090508,-0.154016763,0.030795407,0.603504777,1.272923112,-0.049076032,0.011632361,0.43882817,1.273835421,0.051844873,0.01196095,0.596601844,1.74169147,-0.012870331,0.002835783,0.446323544,1.743969202,0.131669715,0.002164168,0.5954687,2.163243532,0.331299633,0.001795721,0.448084831,2.173941851,0.401878208,0.001491593,0.601858377,2.225053072,0.351200521,0.002169364,0.450224936,2.240145922,0.421512991,0.001774283,0.562781215,2.30903697,0.060555816,0.001809252,0.460017592,2.319766521,0.101484373,0.001441156
Sitting,0.44429341,0.468870193,-0.391184062,0.998934209,0.461181462,0.415005922,-0.39914012,0.997555494,0.472881019,0.412770241,-0.398805201,0.997943997,0.486017317,0.411675811,-0.398943603,0.998123348,0.437294662,0.422112495,-0.373231381,0.997624815,0.431261063,0.424446225,-0.372817814,0.997304201,0.425835371,0.427037299,-0.372995436,0.997081339,0.520126283,0.433185577,-0.330657065,0.998675227,0.441583961,0.445812017,-0.177319199,0.997433007,0.469492972,0.510888696,-0.353585482,0.999286473,0.43920365,0.516782701,-0.312283278,0.998959064,0.636750042,0.678797424,-0.237921745,0.999108791,0.390796214,0.70795393,-0.13573651,0.999461651,0.68534559,0.957727373,-0.154791296,0.470403075,0.3741768,0.984514534,-0.022222089,0.25525862,0.67980659,1.236479402,-0.184652254,0.026592407,0.400281727,1.236068964,-0.139091238,0.017045867,0.690361857,1.315312505,-0.230080292,0.02700768,0.394781739,1.3212924,-0.178704917,0.019668683,0.665230155,1.311274409,-0.247656658,0.040502921,0.407409042,1.308362126,-0.22722061,0.028492482,0.657849252,1.275829196,-0.201460391,0.042695925,0.413833052,1.27188158,-0.166893348,0.031344082,0.607681394,1.273879528,-0.048659876,0.010605158,0.440681547,1.275932193,0.051511727,0.010957379,0.6034953,1.743079424,-0.00379325,0.002563731,0.44908303,1.750963688,0.147404402,0.001956274,0.605822086,2.166336298,0.364201993,0.001618005,0.455234617,2.183734417,0.440090358,0.001342988,0.613182068,2.228718042,0.385892123,0.001954677,0.457109272,2.250074387,0.462019593,0.00159829,0.575783253,2.311705589,0.084330104,0.001631508,0.47050485,2.330174685,0.135422811,0.001298997
Sitting,0.44518438,0.459982514,-0.392634004,0.998999774,0.462336004,0.407809883,-0.402533352,0.997700512,0.474120796,0.405835509,-0.402228296,0.998068452,0.487325907,0.404674709,-0.402364582,0.998229146,0.437940925,0.414998829,-0.374982297,0.997766793,0.431665897,0.417742252,-0.374544144,0.997479618,0.426105827,0.420543849,-0.374708831,0.997269273,0.521120131,0.429376423,-0.332471848,0.998746991,0.441582859,0.442922294,-0.17832756,0.997598112,0.470663011,0.503832519,-0.35567826,0.999330342,0.439610898,0.510008276,-0.312968612,0.999020517,0.636732817,0.67853272,-0.238446385,0.9990955,0.389812171,0.708892167,-0.133521512,0.999469399,0.689963102,0.947928369,-0.158534929,0.464357972,0.36825338,0.981813788,-0.01476871,0.253618002,0.678977787,1.225864291,-0.179698274,0.025621532,0.39962858,1.235247135,-0.104704,0.016901279,0.688364685,1.3044976,-0.21811454,0.02613165,0.395720363,1.321018577,-0.139875531,0.019528972,0.662988663,1.297361135,-0.237555981,0.039417092,0.40859285,1.30894196,-0.185005665,0.028371783,0.656067729,1.261448145,-0.194853291,0.041713085,0.414379507,1.272664905,-0.130340725,0.031249937,0.607322931,1.276192069,-0.048609186,0.009678517,0.445810646,1.306494594,0.051468451,0.010059138,0.602755249,1.747569561,-0.00097944,0.002327442,0.448590517,1.755111337,0.12779066,0.001775201,0.60466814,2.170838594,0.363633454,0.001459453,0.452471018,2.18826437,0.399736613,0.001209575,0.612160802,2.233266115,0.384590566,0.001763024,0.453418404,2.255368948,0.418952554,0.001441046,0.573370755,2.316944838,0.081747033,0.001473163,0.469607741,2.333000183,0.093335226,0.001172408
Sitting,0.446814954,0.459850103,-0.385586679,0.999092698,0.464027166,0.406664968,-0.394201279,0.997914016,0.476045132,0.404871196,-0.393866718,0.998247325,0.489022166,0.403801143,-0.393992245,0.998393714,0.439160913,0.413199961,-0.366082311,0.997970819,0.432591498,0.415587604,-0.36564362,0.997709215,0.426894993,0.418121845,-0.365768492,0.997516692,0.52224791,0.428012818,-0.324867845,0.998863518,0.441791475,0.440919667,-0.176023096,0.997818351,0.472530425,0.503869891,-0.351954937,0.999391794,0.440710247,0.5095824,-0.309537232,0.999108613,0.63671267,0.67884028,-0.231497839,0.999156892,0.389423639,0.709501207,-0.138388962,0.999481916,0.693630576,0.947749853,-0.161762044,0.469971597,0.360009432,0.981433213,-0.121363781,0.239568546,0.714806139,1.223642111,-0.195169836,0.028316759,0.382800072,1.235522747,-0.3684237,0.016890651,0.733595967,1.299043775,-0.233385995,0.03008783,0.374368578,1.321339011,-0.424196005,0.020482341,0.708849311,1.294418573,-0.259677529,0.046524037,0.392146945,1.309975982,-0.468764842,0.029853938,0.697042346,1.262941122,-0.211535901,0.049349066,0.400055587,1.273002744,-0.399886727,0.033072505,0.608001113,1.28617537,-0.044783685,0.00882602,0.443544805,1.308629155,0.048024464,0.009175073,0.605335474,1.760929704,-0.000556011,0.002102788,0.44772929,1.774338603,0.150635034,0.001602019,0.610467613,2.190794706,0.366025507,0.001314072,0.45203796,2.206992865,0.475907028,0.001088736,0.617213964,2.258212805,0.386261225,0.001587322,0.453118801,2.275528431,0.499480098,0.001297118,0.584320903,2.329485655,0.082490325,0.001327255,0.470118046,2.349383354,0.177271158,0.001055657
Sitting,0.448508024,0.458709747,-0.387627482,0.999179304,0.465812534,0.405507505,-0.395244837,0.998112261,0.478088617,0.404034168,-0.394905388,0.998412728,0.491059363,0.403250456,-0.395138323,0.998545945,0.440920979,0.411358684,-0.367841333,0.998161852,0.434157312,0.413332194,-0.367366076,0.997923076,0.428450763,0.415554017,-0.36748606,0.997747898,0.524294496,0.427518457,-0.332972288,0.998969495,0.442341417,0.438136071,-0.179443926,0.998020411,0.474345684,0.503702998,-0.35950768,0.999448419,0.442185581,0.508176923,-0.315005749,0.999191105,0.63677156,0.679403484,-0.23380062,0.999188483,0.389000684,0.709397912,-0.142206475,0.999479592,0.70968014,0.949484169,-0.160963401,0.475794613,0.357521474,0.981343985,-0.131940901,0.224730864,0.825466633,1.170173526,-0.193429738,0.050584987,0.374957949,1.265565038,-0.375519991,0.018599102,0.871826768,1.207704902,-0.227227479,0.057402864,0.364812672,1.362210631,-0.422749996,0.024811495,0.861317992,1.211773634,-0.256408036,0.084466428,0.38750571,1.351201892,-0.468126208,0.03652684,0.834897697,1.201551676,-0.209841281,0.089252479,0.396497667,1.315066218,-0.407490492,0.04075769,0.607744336,1.310490131,-0.042639483,0.008083918,0.438631475,1.317841053,0.045990914,0.008408352,0.605238497,1.788240552,-0.010652399,0.001908652,0.443567932,1.803008676,0.153278217,0.001448176,0.609591722,2.223986387,0.331014991,0.001183517,0.444479614,2.233383894,0.477736562,0.000979982,0.616257191,2.294214487,0.347294062,0.001429422,0.444332123,2.301452398,0.500782847,0.001167624,0.581333995,2.355899811,0.055246823,0.001196567,0.465305895,2.37343812,0.188132972,0.000950919
Sitting,0.451201975,0.459602624,-0.387466311,0.999257565,0.469845951,0.406469047,-0.394956499,0.998289526,0.482262313,0.405305445,-0.39467302,0.998562455,0.495033026,0.405142546,-0.39465794,0.998680949,0.444763958,0.411394,-0.366716921,0.998333812,0.438005835,0.412947088,-0.36628145,0.998118043,0.431862652,0.414900094,-0.366418898,0.997954607,0.527334332,0.429359823,-0.321301162,0.999064505,0.444718927,0.437481314,-0.175317109,0.998206258,0.477412552,0.505448759,-0.356645465,0.999498904,0.444368124,0.509269655,-0.313509285,0.999266267,0.637299597,0.680604041,-0.209787056,0.999249339,0.388713211,0.709308326,-0.109051265,0.999509633,0.713603616,0.943883598,-0.175455302,0.51119262,0.358239025,0.982773185,-0.11770241,0.233746365,0.844127774,1.032859445,-0.317213774,0.124143876,0.374546498,1.270789862,-0.379843295,0.030799849,0.900895238,1.033044577,-0.35711652,0.12875995,0.368170738,1.37337029,-0.422044188,0.044061836,0.902509689,1.005782485,-0.398865759,0.159242049,0.389117628,1.354448438,-0.464787394,0.061230712,0.878273785,1.003852487,-0.341864169,0.165472418,0.397283435,1.317934871,-0.409062535,0.07006672,0.607120752,1.31056881,-0.041207671,0.007728832,0.43328014,1.316053152,0.044605352,0.00799329,0.604887009,1.784476876,-0.045907326,0.00173444,0.440028727,1.800857186,0.152040273,0.001310572,0.608553529,2.219357729,0.242254093,0.001065874,0.443845272,2.227907419,0.451794952,0.000882094,0.615392029,2.286767721,0.253448546,0.001287139,0.443228543,2.293260813,0.472116321,0.001051138,0.579861879,2.35454607,-0.044327736,0.001078871,0.466303647,2.37007165,0.157208756,0.000856602
Sitting,0.455734402,0.461659759,-0.420090437,0.99932915,0.476032883,0.40824315,-0.417115271,0.998451293,0.48879236,0.407377273,-0.416906685,0.998699069,0.502244353,0.407432288,-0.416675746,0.998804271,0.449898958,0.41259253,-0.394649506,0.998490691,0.443594366,0.413889199,-0.39420101,0.998295844,0.437175661,0.415435374,-0.394375563,0.998143077,0.532130063,0.430609643,-0.313901693,0.999150991,0.44826594,0.437895447,-0.182973042,0.99837476,0.48305434,0.507564723,-0.373004973,0.999545217,0.448494971,0.51110816,-0.338543802,0.999334574,0.638200402,0.680882514,-0.177051395,0.999304354,0.389065206,0.709150851,-0.108696088,0.999527693,0.726056159,0.938697875,-0.178820461,0.548106909,0.356876761,0.982959509,-0.183468312,0.243331864,0.888877869,1.0023067,-0.360898197,0.201851189,0.360275179,1.276564479,-0.487203687,0.04802765,0.944285035,0.991586745,-0.396341145,0.203673214,0.350274116,1.380152941,-0.530825615,0.068237431,0.946323991,0.962718129,-0.435240656,0.234680951,0.371238649,1.361277461,-0.573023081,0.091053531,0.928185821,0.964553893,-0.385199726,0.241350174,0.381373107,1.32649219,-0.516542614,0.105169259,0.603868186,1.309844255,-0.037368815,0.007696182,0.42689395,1.31512475,0.040784504,0.007782457,0.598182201,1.781821132,-0.053284042,0.001582646,0.430704504,1.797237277,0.154054984,0.001188449,0.593743384,2.21381712,0.221692398,0.000960525,0.428348631,2.222785711,0.45763436,0.000794071,0.599248886,2.279817104,0.231272906,0.001159454,0.425916374,2.288696527,0.478401363,0.000946482,0.568155169,2.352118731,-0.07734473,0.000973612,0.453473151,2.366049767,0.158196226,0.000772243
Sitting,0.466892421,0.457482398,-0.420608938,0.999394655,0.487897485,0.406890571,-0.417475641,0.998601496,0.500420392,0.40711081,-0.417255402,0.998825133,0.513021231,0.408178508,-0.417048872,0.998919487,0.459571213,0.408985406,-0.394952595,0.998636186,0.452671677,0.410005569,-0.394506037,0.998460114,0.446920246,0.411133349,-0.394667089,0.998320401,0.5417431,0.431598693,-0.310398996,0.999232233,0.455662727,0.436003804,-0.187895507,0.998531103,0.494376034,0.505964816,-0.374988705,0.999588907,0.45682773,0.508409083,-0.341866791,0.99939847,0.644188046,0.686807275,-0.178135678,0.999363124,0.392814517,0.709255874,-0.11648266,0.999552608,0.74232614,0.940683305,-0.161171556,0.582598448,0.359395444,0.985812306,-0.179760531,0.248999894,0.90207082,1.02676928,-0.299271584,0.270659387,0.353146911,1.280672908,-0.470139176,0.064075232,0.954646289,1.001654506,-0.332071513,0.269477278,0.338638216,1.383740783,-0.517454088,0.090664551,0.953231037,0.980204105,-0.370032489,0.30169943,0.362089127,1.368035436,-0.564978004,0.119602978,0.935896277,0.988396347,-0.321645111,0.308295161,0.373511374,1.333809376,-0.502435029,0.13728328,0.603869557,1.318162322,-0.03624092,0.007405994,0.438644588,1.335154414,0.039653044,0.00741621,0.59712708,1.797100306,-0.051190741,0.001445183,0.430235684,1.810598969,0.12985751,0.001077525,0.592777848,2.231885433,0.25878489,0.000865633,0.429118007,2.237180948,0.41513148,0.000714819,0.598639131,2.298065424,0.273162425,0.001044519,0.426778495,2.299815655,0.433917105,0.000852199,0.567517459,2.368816137,-0.034626551,0.00087873,0.453849614,2.383527517,0.108244598,0.000696291
Sitting,0.4763318,0.453674734,-0.438588917,0.999452949,0.496825546,0.406254888,-0.433982223,0.998736024,0.509174526,0.407266319,-0.433685839,0.998937488,0.520995736,0.40887177,-0.433527172,0.999022603,0.468981355,0.406805575,-0.413180351,0.99876678,0.461591303,0.40757072,-0.412695795,0.998607159,0.455721617,0.408582658,-0.412789345,0.998479724,0.550603986,0.432041198,-0.318241417,0.999304593,0.464707375,0.435095727,-0.21600458,0.99867034,0.502751648,0.504425704,-0.395054758,0.999628127,0.46588859,0.505706728,-0.36394313,0.99945575,0.650731027,0.691863775,-0.18743594,0.999409914,0.400655925,0.709226191,-0.139349803,0.999571502,0.755854547,0.940882027,-0.153053254,0.610298812,0.359871894,0.984385073,-0.097314298,0.248620629,0.912978649,1.060364723,-0.260671318,0.310904682,0.359651953,1.272438407,-0.210461229,0.065278433,0.958174109,1.047375441,-0.282118976,0.305150956,0.348111421,1.377386689,-0.234372348,0.093058534,0.959944725,1.011769056,-0.339356154,0.343894809,0.369567811,1.360972643,-0.281897485,0.123732075,0.938837409,1.0137918,-0.295282364,0.351833314,0.379535556,1.326804876,-0.238525555,0.142176598,0.608430743,1.323681355,-0.036990181,0.007074256,0.43859309,1.331041455,0.040352777,0.007064088,0.598350942,1.802855968,-0.047072079,0.00132628,0.430575073,1.813499093,0.121199921,0.000980051,0.592894912,2.238886356,0.273806632,0.000780166,0.429199874,2.241690397,0.40398851,0.000643499,0.598807693,2.303951979,0.287468582,0.000941066,0.426881939,2.304462433,0.422270864,0.000767368,0.567282617,2.377445936,-0.011518302,0.000792829,0.452830315,2.386920214,0.093565956,0.00062779
Sitting,0.491626024,0.453447729,-0.506029904,0.999506414,0.511872351,0.406657189,-0.4925735,0.998859525,0.523141325,0.40781495,-0.492346048,0.999040842,0.534673572,0.409549445,-0.492219865,0.999117315,0.483729988,0.406768918,-0.477415562,0.998887062,0.475458801,0.407618374,-0.47701782,0.998742998,0.468334675,0.408714086,-0.47712642,0.998627424,0.563673854,0.432258338,-0.328518808,0.999371469,0.475268424,0.434488416,-0.253438264,0.998799562,0.517013669,0.504997373,-0.444539964,0.999664128,0.480358601,0.505453825,-0.421216816,0.999508679,0.65929383,0.69468987,-0.181321591,0.999443471,0.410042465,0.706828833,-0.158226162,0.999582291,0.762528419,0.941713989,-0.122726321,0.634046018,0.369280636,0.980655134,-0.168473497,0.254805803,0.917420745,1.066543341,-0.261018991,0.357111067,0.361725479,1.251033068,-0.471557617,0.078516975,0.958906353,1.044001698,-0.292106092,0.348089367,0.352889627,1.346157908,-0.52905494,0.111408696,0.958450139,1.004941106,-0.347129315,0.390696555,0.373115629,1.320389271,-0.575420499,0.147663996,0.941654384,1.008416891,-0.292340636,0.400006384,0.381563216,1.289325237,-0.503090024,0.167802587,0.615852714,1.324781179,-0.035007894,0.006738602,0.440780967,1.328845263,0.038386963,0.00669704,0.604612231,1.805196643,-0.026266243,0.001215477,0.434324592,1.814335108,0.12257234,0.000890058,0.598185658,2.241751671,0.303459793,0.000703561,0.432911932,2.243568659,0.416817993,0.000579353,0.604310453,2.306649208,0.316996366,0.000848453,0.429770529,2.305406094,0.436308324,0.000691181,0.571254015,2.383345127,0.001213217,0.000715933,0.460690439,2.391884089,0.094739489,0.000566656
Sitting,0.496634573,0.453574836,-0.509760797,0.999549866,0.51752007,0.407066643,-0.49758321,0.998959541,0.528617263,0.408241898,-0.497416794,0.999122918,0.540104926,0.410029978,-0.49733448,0.999190629,0.490478218,0.406924725,-0.483270705,0.998984575,0.482702583,0.407465279,-0.482958257,0.998854399,0.475926489,0.408138663,-0.48313579,0.998746693,0.569314718,0.432779133,-0.333227217,0.999420881,0.48369512,0.432319432,-0.263806224,0.998902559,0.521100581,0.505216539,-0.448388815,0.999692798,0.486344188,0.504196227,-0.426355183,0.999551773,0.660535932,0.695168614,-0.18048948,0.999438882,0.415525973,0.697371721,-0.160867468,0.999559581,0.764485657,0.941895366,-0.100041136,0.656046271,0.374732286,0.970439494,-0.162317231,0.262197882,0.923401833,1.06723702,-0.210463375,0.400419831,0.363951981,1.22716701,-0.433169425,0.088313207,0.96356535,1.046893358,-0.230151802,0.386462212,0.352600068,1.320131302,-0.478250682,0.12261039,0.964519143,1.005817652,-0.283633798,0.431476027,0.373059064,1.295123935,-0.525375724,0.162262946,0.950832367,1.009112954,-0.239053532,0.441721588,0.382858098,1.264489532,-0.462977648,0.183081642,0.617653549,1.325097084,-0.035224445,0.006905295,0.442399263,1.328006268,0.03842131,0.006771144,0.605581164,1.801985025,-0.029908895,0.001190589,0.435027212,1.811344862,0.12462233,0.000834547,0.598155439,2.237732172,0.276428819,0.000643074,0.433200777,2.241383791,0.412431479,0.000522731,0.604187369,2.302783966,0.288109481,0.000773264,0.430411637,2.304480553,0.430857569,0.000625923,0.571087956,2.379445076,-0.025243288,0.00065546,0.460070282,2.38942647,0.093305081,0.000518241
Sitting,0.499610573,0.454085231,-0.517787457,0.999589264,0.52104944,0.407564878,-0.506495714,0.999049962,0.532058418,0.408593714,-0.506304145,0.999198377,0.54355979,0.41010803,-0.506219387,0.999257743,0.494707912,0.407108843,-0.493114382,0.999072134,0.4871777,0.407355964,-0.492767036,0.998954773,0.480582803,0.40760836,-0.492919147,0.99885267,0.571943641,0.432948649,-0.34280175,0.999467075,0.488337189,0.430320203,-0.278965741,0.998997808,0.522744238,0.505630612,-0.456052125,0.999719679,0.48946929,0.503833711,-0.43549037,0.999591708,0.660427392,0.694887102,-0.177825481,0.999472678,0.418741614,0.688845217,-0.173856586,0.999570906,0.765019536,0.942375243,-0.091459796,0.680342197,0.381248415,0.967415452,-0.145467192,0.279907912,0.92861259,1.060573459,-0.216988236,0.451629639,0.3722471,1.222501993,-0.390206277,0.105852842,0.96789676,1.027344942,-0.245180815,0.435011238,0.360901535,1.316713691,-0.438524902,0.140385777,0.968899131,0.989911079,-0.308024347,0.478998601,0.38199079,1.292017221,-0.47753635,0.183736637,0.955678761,1.000361323,-0.251845598,0.489238232,0.39212954,1.260482073,-0.419721067,0.205879644,0.617351472,1.324035764,-0.030346457,0.007110668,0.442630708,1.316197395,0.033400856,0.006840328,0.604907215,1.801632166,-0.030088032,0.001111238,0.434654534,1.809394479,0.072114564,0.000766034,0.59260869,2.234678745,0.272230148,0.000584191,0.429273903,2.240308285,0.316986024,0.000470948,0.598131001,2.299620152,0.284437746,0.000703458,0.426077276,2.302942753,0.330614507,0.000565103,0.564839721,2.376453876,-0.021521401,0.000596213,0.454108894,2.387530088,-0.01511402,0.000470675
Sitting,0.495469898,0.445565164,-0.543465316,0.999613106,0.516513526,0.401802391,-0.534585893,0.999098301,0.527611017,0.403181255,-0.53452611,0.999239385,0.539083838,0.405008823,-0.534455061,0.999284625,0.49172765,0.400739878,-0.516109705,0.999113619,0.485162795,0.400849909,-0.515832007,0.999011397,0.479564607,0.401197553,-0.516043186,0.998899043,0.568296969,0.430346936,-0.384008646,0.999481261,0.490299791,0.424482971,-0.297746539,0.999036431,0.518663228,0.497353435,-0.485661834,0.99973166,0.486926138,0.494939834,-0.459227324,0.999611497,0.659291148,0.693923652,-0.200133398,0.99946022,0.422552824,0.679137111,-0.191704214,0.999508619,0.759164095,0.942697883,-0.09227033,0.694530129,0.385180891,0.959444582,-0.221459344,0.293363184,0.918180466,1.062559485,-0.267691761,0.49426949,0.364413559,1.20763588,-0.553085625,0.124267623,0.962017417,1.038412452,-0.304917902,0.475642264,0.347153902,1.297867775,-0.614886999,0.157803372,0.964612782,0.998988509,-0.372065932,0.520166993,0.366286308,1.278609395,-0.675059915,0.20618169,0.950765133,1.00544405,-0.303203523,0.530103207,0.379423529,1.248854041,-0.590743482,0.227229893,0.617001235,1.304720163,-0.027553331,0.007055268,0.443550199,1.290138721,0.030308357,0.006656108,0.601358771,1.777463794,-0.034923352,0.001059764,0.43476215,1.779767394,0.018815301,0.000720712,0.587890863,2.216916561,0.259596169,0.000534324,0.428817332,2.223245621,0.198292792,0.000425879,0.592933059,2.281115532,0.271249026,0.00064392,0.426032007,2.287531137,0.20458129,0.000513781,0.558393359,2.353847027,-0.028098304,0.000550499,0.448074341,2.357634783,-0.12737982,0.000438478
Sitting,0.49279061,0.445128471,-0.533976018,0.999638259,0.513505638,0.400072724,-0.52674973,0.999161005,0.524545729,0.400874019,-0.526741028,0.999289334,0.536123574,0.402295381,-0.526746154,0.999328077,0.488954246,0.400301367,-0.502156734,0.999171495,0.482664108,0.400615096,-0.501891613,0.999078333,0.477661908,0.40104723,-0.502107978,0.998967648,0.565831244,0.425608993,-0.378564686,0.999511361,0.488078982,0.421663791,-0.281955987,0.99909246,0.51614821,0.493417263,-0.476240218,0.99974978,0.484621674,0.492155701,-0.4417696,0.999636531,0.658992767,0.686567485,-0.209759191,0.999441266,0.423635185,0.670479357,-0.139092267,0.999456644,0.753699541,0.939100564,-0.107523367,0.7150442,0.384007305,0.945056379,-0.18928583,0.307399929,0.900705814,1.067913175,-0.243253991,0.529688597,0.351515025,1.185441494,-0.518520057,0.141188204,0.947914481,1.097078085,-0.274605215,0.508961856,0.332349122,1.27000916,-0.581945121,0.175514787,0.948108494,1.096905351,-0.367950886,0.55427438,0.349900872,1.252202988,-0.643169999,0.227678642,0.926521897,1.093361855,-0.282903135,0.563685834,0.364423603,1.225376964,-0.557604313,0.249030024,0.61602205,1.290069699,-0.038802404,0.007837885,0.44422397,1.271540999,0.041106023,0.007273301,0.596996903,1.758203983,-0.069470465,0.001107208,0.434880823,1.754487634,0.056060147,0.000724255,0.581708014,2.197845697,0.228150994,0.000502571,0.428789288,2.19389081,0.298098445,0.000388217,0.586065054,2.261978149,0.238651082,0.000598294,0.426161766,2.255302191,0.312176347,0.000476754,0.553805768,2.32739377,-0.084630631,0.000514851,0.446324289,2.330124378,-0.023647266,0.000413946
Sitting,0.49114275,0.445724905,-0.477458179,0.999668658,0.511989355,0.40057537,-0.469008505,0.999229789,0.523396552,0.401171565,-0.468992293,0.999346912,0.535882354,0.402446628,-0.469013274,0.99938035,0.486816078,0.400785267,-0.449825436,0.999239326,0.480778307,0.401089996,-0.449601173,0.999155462,0.476113647,0.401441395,-0.449838489,0.999051452,0.562306762,0.425455898,-0.314470917,0.999545455,0.486460835,0.422028989,-0.225307629,0.999165356,0.51489085,0.492194921,-0.41476956,0.99976939,0.483005047,0.491337836,-0.387229264,0.99966675,0.652926862,0.664292932,-0.16752845,0.999463439,0.424152911,0.665132046,-0.123304725,0.999480486,0.715604603,0.933919847,-0.095438987,0.716397583,0.384990156,0.937574506,-0.192832261,0.32412985,0.827998638,1.070592046,-0.243808478,0.55461818,0.369900763,1.166897058,-0.569298744,0.158033535,0.8825261,1.110308528,-0.284484297,0.53488493,0.354191124,1.253150702,-0.642464519,0.19180727,0.879907727,1.108160853,-0.358116567,0.582577288,0.375811607,1.235035062,-0.693253875,0.247499049,0.852221191,1.100943565,-0.280762672,0.591082335,0.38897121,1.206821561,-0.603509843,0.26823166,0.615742803,1.270445704,-0.034913808,0.00814743,0.450825125,1.261391521,0.03709802,0.007690118,0.598830402,1.734821081,-0.0288628,0.001127169,0.445685625,1.739251018,0.072711132,0.000708634,0.584426761,2.173893929,0.23808375,0.000473017,0.440108865,2.179243803,0.316809654,0.000352387,0.588201582,2.236701965,0.252104998,0.000565551,0.438634485,2.24104929,0.331146717,0.000438865,0.557180524,2.306535244,-0.044708878,0.000479382,0.454351008,2.313156128,0.001559186,0.000384737
Sitting,0.489906311,0.446227819,-0.452957004,0.999661744,0.510482192,0.400658846,-0.44036141,0.999202847,0.521911144,0.401343465,-0.440328836,0.999337375,0.534559131,0.402707666,-0.440354675,0.999341547,0.485651106,0.401813537,-0.4265019,0.999218702,0.479825109,0.402238369,-0.42628774,0.999168038,0.47528559,0.402828217,-0.426577657,0.999052942,0.559933782,0.425902694,-0.286761552,0.99949795,0.485280663,0.422463268,-0.214379832,0.999161303,0.513889551,0.492463887,-0.391035438,0.999748647,0.481955111,0.491645843,-0.369998902,0.999657154,0.647893429,0.661441088,-0.169702694,0.999351621,0.424827427,0.666202962,-0.124791443,0.999466896,0.673396409,0.934910238,-0.104586102,0.669920564,0.393666446,0.937835753,-0.098480627,0.31746006,0.639301956,1.152490973,-0.252474159,0.502367079,0.412957996,1.158560276,-0.31748423,0.146527722,0.641623557,1.227026224,-0.302327901,0.485826701,0.40759182,1.235755682,-0.381764203,0.178109348,0.621005237,1.214310408,-0.351619244,0.531594157,0.424235165,1.223835468,-0.421292603,0.231180847,0.6165362,1.181078792,-0.280834138,0.539088309,0.431011975,1.192510605,-0.342394978,0.2495877,0.614263058,1.23747313,-0.032773208,0.007642297,0.454637825,1.230661154,0.035005316,0.007296724,0.598448455,1.692738652,-0.094877258,0.001189955,0.449236214,1.691461682,-0.010703856,0.000702934,0.584668756,2.12954402,0.131895334,0.00045297,0.444178045,2.129602671,0.087698087,0.000322674,0.588421226,2.195409536,0.140425265,0.000536113,0.443044901,2.196992874,0.08658798,0.000405834,0.557485402,2.26274848,-0.15717636,0.000460775,0.456552893,2.257704735,-0.229336098,0.000360838
Sitting,0.489049762,0.446530163,-0.480463743,0.999638259,0.509682536,0.401024371,-0.457017332,0.999150217,0.521335542,0.401690841,-0.457025766,0.99926728,0.534000933,0.403052479,-0.45696944,0.99927181,0.48488611,0.402033657,-0.452969551,0.999199152,0.479276657,0.402774423,-0.452992141,0.999157488,0.47481513,0.403766364,-0.453319639,0.999064207,0.555222034,0.426216722,-0.300791591,0.999380767,0.484369189,0.422657609,-0.246616796,0.999149024,0.513004661,0.491689682,-0.410717815,0.999723017,0.481525511,0.491097927,-0.401973099,0.999645174,0.642341375,0.645695865,-0.201475546,0.999190748,0.426601112,0.671177506,-0.184498742,0.999451041,0.651748657,0.934414923,-0.214340717,0.647474945,0.400662273,0.947582006,-0.174751267,0.358138829,0.545850158,1.139071345,-0.335423708,0.463727862,0.506736636,1.086254478,-0.343332112,0.161302656,0.523625731,1.198543668,-0.39243412,0.451211184,0.52608335,1.188551784,-0.406825155,0.187650278,0.508716285,1.176472664,-0.405571461,0.498619974,0.540955544,1.152861595,-0.425866604,0.243417606,0.514156222,1.153321981,-0.346423388,0.504410386,0.541242003,1.05632472,-0.356747121,0.257056922,0.61578685,1.21480155,-0.03269726,0.007421136,0.46886912,1.224950194,0.03482515,0.007253732,0.603859246,1.674936533,-0.116910897,0.001504122,0.466756642,1.68874526,-0.013464821,0.000873018,0.600313723,2.110617399,0.106378362,0.000458258,0.476746649,2.124219656,0.055348247,0.000307287,0.605756283,2.170290709,0.115033723,0.000525745,0.479519695,2.186523914,0.053242128,0.000394443,0.575702071,2.246186733,-0.183216244,0.000460507,0.485741913,2.257041454,-0.25960809,0.000365986
Sitting,0.48846513,0.446799427,-0.441024154,0.999616563,0.508963645,0.402557492,-0.424737304,0.99909848,0.52080965,0.403130978,-0.424767792,0.999225616,0.533305109,0.404496461,-0.424787462,0.99920857,0.48453173,0.403901249,-0.412165463,0.999152899,0.479136944,0.404741406,-0.41203481,0.999130845,0.474814504,0.405718327,-0.412323087,0.999031484,0.551267684,0.427016139,-0.267756045,0.999307334,0.483777136,0.423713177,-0.193744779,0.999095619,0.512633145,0.492028683,-0.376763284,0.999700606,0.481109798,0.491147667,-0.357219338,0.999624491,0.637004375,0.641234159,-0.182820737,0.999184787,0.426458448,0.67200911,-0.090568252,0.999449849,0.657971859,0.929373622,-0.196033612,0.640058696,0.399249494,0.945987701,-0.009143146,0.367808342,0.568923354,1.079121709,-0.353232801,0.432766467,0.496500075,1.119951487,-0.190275222,0.155133978,0.56967628,1.184117913,-0.414006144,0.422705233,0.490868658,1.214187145,-0.248438716,0.180252925,0.551118314,1.162734032,-0.431565672,0.473024875,0.500882089,1.188912511,-0.292331308,0.236367658,0.542907119,1.057852983,-0.366245806,0.47521919,0.50141573,1.100885391,-0.215957046,0.247930348,0.610250235,1.210554123,-0.040734317,0.007006158,0.466642082,1.215048671,0.042812727,0.006931163,0.603098214,1.660497427,-0.116542578,0.001603401,0.467440665,1.664482117,0.002503834,0.000876554,0.599876702,2.083393574,0.119175076,0.000443112,0.475011528,2.088602781,0.110079095,0.0002833,0.605310082,2.144190073,0.129376858,0.000501441,0.476704687,2.153356314,0.111531124,0.000377184,0.574338973,2.212306261,-0.163876981,0.000446493,0.483768463,2.209802151,-0.195284173,0.000347737
Sitting,0.488120168,0.452760309,-0.332755893,0.999620199,0.507485271,0.41082716,-0.327017814,0.999107182,0.518078446,0.411040843,-0.326885343,0.999237716,0.528989792,0.412061512,-0.326852381,0.999214888,0.484158754,0.412549555,-0.305609137,0.99915725,0.478906214,0.413155228,-0.305294663,0.999142349,0.474764347,0.41391927,-0.305527866,0.999039292,0.547486663,0.433269322,-0.215190962,0.999304354,0.483410209,0.431242287,-0.10830082,0.999073386,0.510823548,0.49577412,-0.288298577,0.999694884,0.480798811,0.494062543,-0.257286578,0.999609292,0.632691443,0.645160139,-0.17345199,0.999226868,0.430314004,0.671468377,-0.039102789,0.999469876,0.651080072,0.929544091,-0.219536588,0.64743489,0.397608936,0.939472735,0.022678662,0.372639596,0.547732055,1.045536995,-0.350790471,0.416288525,0.46553129,1.121972203,-0.124305546,0.149819002,0.534904063,1.152854681,-0.404416174,0.406107783,0.447249353,1.199766159,-0.173352063,0.17404744,0.517371535,1.059359908,-0.41323638,0.460564166,0.449346215,1.18581152,-0.211911768,0.2300594,0.519286275,1.001750827,-0.359224677,0.459390819,0.452118695,1.137990117,-0.148640245,0.240766808,0.596021593,1.205625176,-0.044064518,0.006806334,0.461522967,1.201519012,0.046230383,0.00683197,0.58480233,1.651505828,-0.118812837,0.001598802,0.461602837,1.647116899,0.001685289,0.000851213,0.58224237,2.071429729,0.074969426,0.000418131,0.460256904,2.073209524,0.063154623,0.000258457,0.58838582,2.129760027,0.08216121,0.000470424,0.460849702,2.13792038,0.060625602,0.000348629,0.550419331,2.200783968,-0.200603679,0.000424458,0.45828566,2.194349766,-0.233002275,0.000322849
Sitting,0.489537418,0.455736786,-0.369851023,0.999635041,0.50773257,0.416657597,-0.35554114,0.999148548,0.517833114,0.417210311,-0.355531156,0.999272466,0.528474033,0.418353647,-0.355522335,0.99924767,0.485666335,0.417393446,-0.343342125,0.999198496,0.480635256,0.41784811,-0.343084723,0.999187946,0.476851046,0.418599874,-0.343361467,0.999093294,0.546975374,0.440536171,-0.206354618,0.999328375,0.483896881,0.439246655,-0.145224437,0.999119997,0.511625826,0.49921006,-0.311830521,0.999695897,0.482352495,0.496727109,-0.293898195,0.999618948,0.629872203,0.647823393,-0.12781328,0.999200106,0.431786478,0.6717574,-0.072583966,0.999440849,0.652564406,0.921141386,-0.170071453,0.635356009,0.397125393,0.936102211,-0.039448138,0.377978563,0.561474204,1.034254074,-0.327755421,0.390027821,0.450496018,1.074326038,-0.244758844,0.153893039,0.555654109,1.1391536,-0.380375355,0.384198546,0.449609131,1.137463093,-0.344192535,0.178813174,0.535142899,1.035600543,-0.401182801,0.441459119,0.461827368,1.114073038,-0.342513263,0.23663862,0.534945905,0.99110055,-0.342148572,0.438159436,0.463473707,1.08882153,-0.243176222,0.243903965,0.588320374,1.191870451,-0.02999405,0.006675041,0.457558692,1.18857789,0.032109581,0.006696287,0.580741286,1.627815366,-0.114234947,0.001711226,0.457083404,1.624332905,-0.03828717,0.000889451,0.57864064,2.045349121,0.063107088,0.000393302,0.454257667,2.051229954,0.001386147,0.000240094,0.583076358,2.102395058,0.068439417,0.000442013,0.455547005,2.116373777,-0.003825532,0.000323735,0.549268603,2.174496174,-0.214407042,0.000414338,0.453488588,2.166192532,-0.298022538,0.000311497
Sitting,0.49475497,0.457300574,-0.426490724,0.999643803,0.510840476,0.418939769,-0.398774117,0.999176681,0.520104349,0.419377297,-0.398973197,0.99929601,0.529829919,0.420432866,-0.399015129,0.999263942,0.489471138,0.419564486,-0.399361253,0.999228239,0.483875453,0.420007974,-0.39926365,0.999224663,0.479697466,0.420869321,-0.399611205,0.99913609,0.547046006,0.442298502,-0.238406777,0.999339521,0.48469907,0.441994429,-0.196954936,0.999160707,0.515800118,0.500066161,-0.347507507,0.999696136,0.486392081,0.497535408,-0.348538488,0.999630272,0.630244374,0.648366749,-0.138766438,0.999130726,0.432447135,0.672033548,-0.089642182,0.999397099,0.648926795,0.919414937,-0.165078774,0.620506465,0.396435559,0.936011016,-0.099234968,0.386434048,0.552458823,1.023599029,-0.346745908,0.364940315,0.442895174,1.06359911,-0.347427934,0.155763462,0.550539553,1.11985147,-0.411967427,0.362973511,0.445504248,1.12478745,-0.432090342,0.18092826,0.52656734,1.013150573,-0.436290413,0.42216599,0.459923685,1.099590778,-0.452283323,0.2402118,0.528556108,0.975619256,-0.364000618,0.416172087,0.461379588,1.075927973,-0.361670732,0.24381949,0.588809729,1.183775783,-0.023982527,0.006636426,0.457213223,1.182419896,0.02609635,0.006646331,0.582253814,1.608097315,-0.122885548,0.002081573,0.456734121,1.612415075,-0.0485682,0.000995952,0.578949809,2.021366835,0.060468536,0.00040014,0.453744501,2.033661366,0.001931945,0.000233076,0.582708716,2.079600811,0.066132091,0.000444577,0.455357552,2.098930836,-0.00339137,0.000315303,0.55035162,2.147238016,-0.22246328,0.000449638,0.453997046,2.147035837,-0.303336859,0.000324792
Sitting,0.49803862,0.45860061,-0.439622819,0.999655306,0.513600171,0.420431614,-0.412840664,0.999211669,0.522690892,0.420730561,-0.413036406,0.99932152,0.532031715,0.421741217,-0.413017988,0.999287128,0.49243784,0.421074092,-0.415334404,0.999268591,0.486471564,0.421369672,-0.415280163,0.999267995,0.481942952,0.422216624,-0.415626913,0.999189913,0.548518836,0.443389803,-0.25046736,0.99935025,0.486326993,0.442832261,-0.223237187,0.999208808,0.517779171,0.500415027,-0.360610813,0.999701083,0.488934517,0.497800291,-0.364860177,0.999648094,0.63058126,0.649739623,-0.145622119,0.999067128,0.435322046,0.666304111,-0.120850943,0.999396443,0.648779035,0.916538775,-0.1574388,0.611646473,0.39841795,0.929268658,-0.122536168,0.411106199,0.557437301,1.023971677,-0.336400121,0.342264205,0.448642731,1.055107355,-0.34554401,0.17079927,0.553533554,1.117112994,-0.398878872,0.34423396,0.454906791,1.116304636,-0.420858383,0.195388824,0.53889215,1.033621311,-0.425730795,0.404969126,0.470079273,1.088140249,-0.44602704,0.257322341,0.534904063,0.992220283,-0.354455173,0.396649867,0.470926195,1.065534234,-0.361846536,0.256106019,0.588863432,1.166306138,-0.01938468,0.007037055,0.458147615,1.166615248,0.021338191,0.007193979,0.582129776,1.577373266,-0.12799117,0.00281688,0.4556849,1.585322022,-0.063364297,0.001297244,0.576893568,1.98569572,0.045078576,0.000436408,0.452677578,2.003062725,-0.025104012,0.000250279,0.579234123,2.041241884,0.050631415,0.000473689,0.455105364,2.066565514,-0.030945247,0.000330435,0.54983449,2.11260581,-0.224925116,0.000548132,0.453811079,2.115078926,-0.318224728,0.000380104
Sitting,0.498364925,0.458294243,-0.4332003,0.999640524,0.514706433,0.420273036,-0.409577429,0.999177516,0.523864806,0.420581609,-0.409693778,0.999287069,0.533118784,0.421640903,-0.409666866,0.999235809,0.493561894,0.420978934,-0.407360494,0.999254644,0.487653881,0.421295702,-0.407353342,0.999266267,0.483262926,0.422156453,-0.407731473,0.999196172,0.549911797,0.443387359,-0.245910212,0.999266505,0.489177555,0.442657948,-0.218054101,0.999195576,0.518338323,0.499704093,-0.361471921,0.999668479,0.48963213,0.496484727,-0.35932523,0.999635041,0.630710721,0.64778924,-0.143618718,0.99887836,0.438377291,0.663298666,-0.11672505,0.99935782,0.646581054,0.913652718,-0.152588636,0.599372923,0.401394933,0.927900195,-0.092666917,0.42374602,0.551151454,1.02849102,-0.329721928,0.318391532,0.454543829,1.065142512,-0.270105243,0.169629872,0.546432912,1.116915226,-0.387917042,0.32292825,0.461690098,1.129969478,-0.337557673,0.194214851,0.533649683,1.057918072,-0.416114509,0.383665949,0.476875961,1.106116176,-0.361812055,0.25664565,0.527953148,0.997101486,-0.348335177,0.373588353,0.476930946,1.080786347,-0.28662473,0.252269238,0.589736819,1.16413939,-0.020422019,0.007229107,0.461012065,1.163131118,0.022374306,0.007567387,0.582369447,1.575506449,-0.120661497,0.003406588,0.456535727,1.580465317,-0.044004373,0.001558102,0.577585399,1.975532889,0.06582395,0.00048252,0.45447287,1.990655899,0.012179228,0.000277993,0.580325484,2.031795025,0.072801314,0.000505012,0.456565529,2.0537045,0.008201422,0.000368938,0.550507903,2.098930359,-0.20140782,0.000647496,0.455867916,2.103194952,-0.27499181,0.00045272
Sitting,0.500600398,0.458223343,-0.449046373,0.999634206,0.517287672,0.420143664,-0.425500065,0.999167144,0.526414931,0.420464277,-0.425602257,0.9992764,0.535603642,0.421579629,-0.425572723,0.999211788,0.495774031,0.420917183,-0.423024595,0.999258339,0.489555746,0.421258837,-0.423019409,0.999280572,0.484847397,0.422112018,-0.423376322,0.999218762,0.551796496,0.443487257,-0.246567607,0.999231637,0.490246147,0.442602426,-0.230375201,0.999216318,0.520262957,0.499613434,-0.378278792,0.999651432,0.491420448,0.496232897,-0.374604583,0.999636889,0.630810797,0.647500396,-0.147758231,0.998732269,0.438680708,0.661236286,-0.131760925,0.999344051,0.646987855,0.914378524,-0.152879357,0.58030349,0.401243269,0.926073611,-0.0968678,0.432026297,0.554635048,1.03273201,-0.330155551,0.292900205,0.449133724,1.072856426,-0.286294132,0.166612744,0.555113673,1.128605962,-0.389757454,0.299504936,0.454007,1.138447046,-0.353219777,0.191271976,0.540827394,1.10089004,-0.418729007,0.358823061,0.470245779,1.117126822,-0.381742716,0.254116744,0.541768312,1.072229743,-0.349314481,0.348047763,0.471361309,1.090976954,-0.305407763,0.247072324,0.5888623,1.162479877,-0.019726669,0.007022814,0.460626215,1.160763383,0.0217163,0.007428687,0.580633819,1.57348752,-0.135374919,0.00359937,0.456246316,1.577721357,-0.091640338,0.001623792,0.573363662,1.977574468,0.039913114,0.000476777,0.45350036,1.993689179,-0.04698211,0.000271555,0.575354695,2.035065889,0.045457371,0.000492736,0.455845416,2.05876112,-0.052533805,0.000357972,0.546612561,2.102338791,-0.23389408,0.000682336,0.455688,2.106167078,-0.34926182,0.00047001
Sitting,0.500092626,0.458265305,-0.482658237,0.999607027,0.517139435,0.420285195,-0.462150097,0.999096155,0.526174664,0.420790702,-0.462234974,0.999220073,0.535098016,0.422241598,-0.462242216,0.999118567,0.495314211,0.420855701,-0.456123441,0.999210715,0.489005953,0.421196997,-0.456175089,0.999261677,0.484354079,0.422084123,-0.45651418,0.999195635,0.5514009,0.444354981,-0.288629234,0.999101937,0.490016878,0.442532003,-0.257010162,0.999182045,0.519136846,0.499618798,-0.415262461,0.999597132,0.491186678,0.496231616,-0.406203687,0.999610007,0.629003525,0.647019267,-0.172143087,0.998413801,0.438076675,0.661825538,-0.151187629,0.999281764,0.644539714,0.912877977,-0.162489131,0.552373528,0.400847256,0.926488042,-0.097432248,0.435862541,0.567675173,1.033200741,-0.347584784,0.268225789,0.447162479,1.077757955,-0.286402106,0.159870088,0.573474705,1.130686641,-0.406517357,0.276185364,0.451277405,1.146659493,-0.350942701,0.183173865,0.557709277,1.11318624,-0.443274438,0.333475053,0.468432486,1.119066,-0.38010332,0.245103374,0.550275922,1.04447782,-0.369755358,0.322378457,0.46963945,1.091675043,-0.305073142,0.236502111,0.589466989,1.15832448,-0.020108318,0.00669372,0.463232607,1.159639955,0.02187955,0.007135225,0.58194983,1.567552209,-0.137761131,0.003703508,0.456883013,1.579132795,-0.067335993,0.001628757,0.574263752,1.971042514,0.0554807,0.00047754,0.455373853,1.988994479,0.009552402,0.000263636,0.576539993,2.029984951,0.062924162,0.000488051,0.457244962,2.052735806,0.006270454,0.00035569,0.547371864,2.093723774,-0.215728924,0.000686632,0.460544527,2.102029324,-0.291285396,0.00046756
Sitting,0.4997949,0.459843457,-0.576200008,0.99958235,0.516862035,0.422510564,-0.551190615,0.999052465,0.52603507,0.423406571,-0.551298082,0.999182105,0.534649312,0.425460637,-0.551332414,0.999071121,0.495255053,0.422421932,-0.550725579,0.999186099,0.488795906,0.422644973,-0.550777972,0.999255121,0.484052032,0.423497647,-0.551115096,0.999200106,0.549433768,0.446339726,-0.350800097,0.999054193,0.488856137,0.444293797,-0.343314499,0.999191225,0.51882869,0.501657248,-0.496762097,0.999570906,0.491126835,0.498312116,-0.495049536,0.999606848,0.622457147,0.646960676,-0.194972977,0.998196423,0.433390051,0.66219914,-0.225706667,0.999258101,0.644111991,0.907911777,-0.162476212,0.552767992,0.401455343,0.925477087,-0.196949884,0.474648863,0.572623968,1.041277766,-0.342986971,0.250961125,0.500978231,1.008969665,-0.351390213,0.18527329,0.566419303,1.129684806,-0.404097646,0.258289307,0.52038902,1.0907377,-0.423327833,0.199857414,0.553273559,1.110027075,-0.442434788,0.313157678,0.528152406,1.049419999,-0.438160121,0.261913151,0.553795278,1.036409497,-0.365674257,0.30322659,0.520063341,1.029199719,-0.362003922,0.249803707,0.588027835,1.140990019,-0.01072309,0.00941292,0.461616695,1.144720316,0.012404652,0.010691413,0.586012602,1.529489517,-0.156541839,0.004878656,0.457206428,1.547641158,-0.130778,0.002557187,0.574610591,1.936082244,0.021666901,0.000553226,0.454998583,1.96700561,-0.088775948,0.000365789,0.574841917,1.991165042,0.026637647,0.000582161,0.456357151,2.031655788,-0.096043304,0.000442472,0.549054801,2.065284967,-0.259174049,0.000857856,0.460548162,2.079744101,-0.405095965,0.000704268
Sitting,0.495631933,0.461726964,-0.527696848,0.99960053,0.512042642,0.424427122,-0.507314086,0.999094248,0.521267474,0.425253689,-0.507369936,0.999224246,0.529977918,0.427248687,-0.507415354,0.999110818,0.491268456,0.424278051,-0.504180074,0.999221146,0.485983431,0.424337715,-0.504186511,0.999296486,0.480806351,0.425106972,-0.504461467,0.999238014,0.544607818,0.446501195,-0.327971995,0.99909538,0.484023273,0.44475764,-0.311136633,0.999233961,0.514232814,0.503471553,-0.457283646,0.999587595,0.48787874,0.50034529,-0.451842695,0.999623358,0.616376817,0.642798722,-0.193905026,0.998284161,0.426072061,0.66242069,-0.200206682,0.999266982,0.645035565,0.904802024,-0.167309448,0.547204614,0.39743197,0.926949501,-0.191953465,0.477779329,0.578947544,1.055132747,-0.351252854,0.23343353,0.444078118,1.085398316,-0.302188456,0.173887283,0.576181531,1.129962802,-0.407806695,0.241059214,0.442776203,1.153817892,-0.357653111,0.187147155,0.560239911,1.115542054,-0.442633569,0.295436531,0.456302106,1.152254343,-0.391402245,0.247157171,0.552458882,1.034412146,-0.372083485,0.284704983,0.458828539,1.124043465,-0.320443451,0.235127568,0.585561693,1.13844347,-0.012416268,0.008935528,0.461429775,1.144619465,0.014296532,0.010115488,0.583915114,1.545522213,-0.145976186,0.004868404,0.456887782,1.560359836,-0.096578285,0.002431941,0.574439645,1.948077559,0.03055647,0.000560418,0.454859078,1.970414281,-0.039979812,0.000344984,0.575508714,2.006061077,0.032149773,0.000589831,0.456190586,2.033339977,-0.040542133,0.000432477,0.548737109,2.072324276,-0.210247517,0.000847349,0.461862326,2.08455348,-0.368357062,0.00066986
Sitting,0.487967432,0.466318637,-0.519645631,0.99958688,0.503745198,0.429997265,-0.501056373,0.999063611,0.512664557,0.430761069,-0.50110817,0.999217391,0.521666706,0.432624847,-0.501171172,0.999092698,0.484786093,0.429895431,-0.494679987,0.999167979,0.480065435,0.429794133,-0.494626939,0.999265194,0.474633515,0.430449247,-0.494888484,0.999176204,0.538233757,0.448474556,-0.327971756,0.999085784,0.479459822,0.446598589,-0.29316622,0.999178946,0.506705165,0.509726763,-0.451985031,0.99957186,0.482250512,0.50469017,-0.441674799,0.999593437,0.61173147,0.640463412,-0.204296023,0.998377681,0.422841936,0.662637413,-0.18887417,0.999227166,0.644637704,0.898511648,-0.204243705,0.548151195,0.395497024,0.927297711,-0.088115387,0.465633988,0.577756524,1.040067673,-0.424590915,0.221501678,0.420799077,1.091934681,-0.253737777,0.161676273,0.579850316,1.120813131,-0.486887544,0.229723528,0.41527018,1.157167554,-0.310087085,0.174571887,0.563204885,1.114424109,-0.522518098,0.285589129,0.426953852,1.159559131,-0.354037076,0.232284695,0.551901877,1.023873806,-0.446668923,0.2733787,0.431595266,1.131318808,-0.278719455,0.220882699,0.576703548,1.136109591,-0.016960245,0.0083988,0.453841627,1.139070749,0.018962706,0.009445623,0.576068103,1.546810865,-0.142394587,0.004572522,0.451864183,1.555772901,-0.082364261,0.002248332,0.568165183,1.944503427,0.050432455,0.00052888,0.449337661,1.961628914,-0.017740926,0.000315299,0.570972681,2.002630234,0.056069948,0.000562333,0.450222254,2.023774624,-0.022927213,0.000402595,0.541546166,2.063141823,-0.197000191,0.000792466,0.456489384,2.073498726,-0.353683174,0.000616868
Sitting,0.484279066,0.472620547,-0.528512716,0.999601245,0.499179214,0.435076892,-0.507906914,0.999094307,0.508364081,0.435353935,-0.507956803,0.999251008,0.517812014,0.436753005,-0.507981896,0.999122202,0.480152518,0.435795128,-0.504816949,0.999190152,0.47490257,0.43596369,-0.504791141,0.999293983,0.468939394,0.436839938,-0.505043447,0.999198735,0.534910679,0.450070709,-0.326755822,0.999121666,0.473602355,0.449909627,-0.304513901,0.999209881,0.503301263,0.515188932,-0.457206488,0.999583066,0.479113638,0.511208713,-0.450974375,0.999603271,0.611017525,0.639533401,-0.198455721,0.998468518,0.420288265,0.664579451,-0.186771452,0.999214411,0.645222545,0.898827255,-0.194515914,0.54524219,0.395474702,0.932257354,-0.094279557,0.465846092,0.581137836,1.04553175,-0.402107894,0.206945345,0.423225015,1.103433609,-0.258585334,0.151018962,0.581758142,1.120092273,-0.463062614,0.215337366,0.421069384,1.168347478,-0.311960638,0.163237646,0.566114783,1.112366676,-0.498136759,0.270782739,0.434027374,1.168172717,-0.368612468,0.218793795,0.55620563,1.023353457,-0.424043953,0.258081615,0.437365919,1.138360739,-0.28725034,0.207748771,0.577860057,1.141224146,-0.017545979,0.007902235,0.453464806,1.144719243,0.01952407,0.008843111,0.576139092,1.554097533,-0.127258077,0.004417398,0.451845706,1.562546492,-0.069120117,0.002113977,0.568706632,1.949763179,0.074398749,0.000509649,0.450374454,1.966117024,0.000473222,0.000293144,0.571705937,2.008256674,0.080976345,0.000541683,0.45151177,2.028626919,-0.003393368,0.000383146,0.542289793,2.06948185,-0.186279669,0.000761618,0.459432364,2.079054832,-0.316727996,0.000579353
Sitting,0.482569218,0.479055434,-0.521367013,0.999612033,0.496938556,0.440273821,-0.500624537,0.999125659,0.505950868,0.440211326,-0.500701427,0.999280691,0.515446186,0.441178769,-0.500750721,0.99915415,0.477703422,0.441367388,-0.496588618,0.99920702,0.472304583,0.441623986,-0.496543556,0.99931109,0.466112763,0.442679137,-0.496788591,0.999210954,0.532361209,0.452448964,-0.322530329,0.999163449,0.470349312,0.453789651,-0.292356551,0.999233425,0.501590848,0.519687593,-0.449498832,0.99960041,0.477309793,0.516916394,-0.441938937,0.999615908,0.608950555,0.638919592,-0.191270009,0.998577416,0.41892916,0.664932489,-0.162904233,0.9991979,0.645475149,0.894512236,-0.190952495,0.559183359,0.392170012,0.93236649,-0.065488212,0.472282857,0.581529737,1.039843202,-0.403155655,0.201267734,0.416452974,1.103428006,-0.260331601,0.144206524,0.583692491,1.118378639,-0.470869124,0.209668979,0.41537565,1.168535352,-0.322255909,0.156047955,0.567101359,1.076485991,-0.509256244,0.267437726,0.428039461,1.165988445,-0.370052129,0.210989952,0.55841589,1.023607969,-0.426713854,0.252773106,0.431263834,1.136500001,-0.286889941,0.199975133,0.573463082,1.14384234,-0.021197869,0.007568966,0.449854136,1.147278309,0.023315577,0.008345908,0.570586383,1.556908011,-0.13071683,0.004285724,0.446715206,1.563184142,-0.062559403,0.00200694,0.565659702,1.951119661,0.073096715,0.000485689,0.448567718,1.964024544,0.008681419,0.000272365,0.569124401,2.009567022,0.079790905,0.000515151,0.450006574,2.025753021,0.005023354,0.000364948,0.540776134,2.068072081,-0.199668452,0.000722238,0.458478361,2.07647419,-0.302277148,0.000542142
Sitting,0.48194766,0.478858411,-0.54981792,0.999615073,0.496248782,0.440295547,-0.528097987,0.999135196,0.505312324,0.440191269,-0.528204262,0.99928993,0.514724851,0.441101551,-0.528246284,0.999159873,0.476645768,0.441694289,-0.525870562,0.999214411,0.471486479,0.441984266,-0.525904298,0.999322653,0.465282738,0.443075716,-0.526180863,0.99922204,0.53160727,0.45252797,-0.340455115,0.999174297,0.468607366,0.454588771,-0.322265714,0.999249578,0.501206934,0.51948899,-0.475536972,0.999603093,0.476428181,0.51721549,-0.470790148,0.999618888,0.609535754,0.638335228,-0.19745402,0.998598754,0.41799736,0.666022539,-0.189156428,0.999162138,0.6447348,0.89362359,-0.187432379,0.557389259,0.392223418,0.933586657,-0.097958907,0.478155732,0.583146513,1.034807682,-0.394755095,0.192209542,0.417985976,1.109016299,-0.284208,0.138949186,0.584953368,1.118139863,-0.459324896,0.201121971,0.415893137,1.176235557,-0.347598732,0.15018335,0.566682339,1.059645295,-0.499018997,0.259082437,0.430056274,1.17009306,-0.394110888,0.204404473,0.560028195,1.021939635,-0.418598235,0.243879065,0.43329221,1.140283346,-0.309884965,0.193174645,0.574359,1.142629623,-0.021273676,0.007386102,0.45008406,1.147842884,0.02335125,0.00809521,0.57123363,1.551538229,-0.131174058,0.004187088,0.446885586,1.558205724,-0.062642716,0.001928398,0.566239655,1.940618396,0.071278431,0.000463595,0.448774815,1.953825355,0.009161971,0.000256433,0.569573879,1.997595549,0.078085802,0.000491231,0.450266302,2.015138149,0.005442183,0.000351564,0.541461349,2.057302237,-0.201467708,0.00069056,0.459468067,2.063569784,-0.296620548,0.000519348
Sitting,0.480569899,0.480856746,-0.542023003,0.999604285,0.494664282,0.441833973,-0.522271991,0.999109685,0.503574789,0.441594779,-0.522353947,0.999279737,0.51286757,0.442290872,-0.522408605,0.999132812,0.475269884,0.443318337,-0.519407094,0.999188781,0.470321238,0.443489403,-0.519439757,0.999314129,0.464358866,0.444467127,-0.519716442,0.999203861,0.529922366,0.452870101,-0.339661658,0.999164045,0.468241364,0.455259621,-0.319076419,0.999244213,0.499935001,0.520771325,-0.46948418,0.999592125,0.475100815,0.519057155,-0.463677406,0.99960947,0.609285831,0.637485683,-0.197510555,0.998620093,0.418028891,0.666213751,-0.190705165,0.999156415,0.643541694,0.894264877,-0.180482313,0.546084702,0.392029822,0.933727205,-0.100376628,0.480861783,0.583902478,1.047303319,-0.389149994,0.178391099,0.420283139,1.108351111,-0.284689248,0.132466301,0.585691333,1.118876457,-0.448041826,0.187621295,0.419408232,1.175643325,-0.346855104,0.14322257,0.567388713,1.090291381,-0.498301595,0.24378252,0.433258832,1.168586254,-0.390316099,0.196399644,0.561083436,1.022051215,-0.416685492,0.228919923,0.4361673,1.138995409,-0.309023917,0.185088411,0.574382544,1.143059492,-0.021361459,0.006991787,0.450118005,1.148797274,0.023446012,0.007688624,0.571855307,1.55076313,-0.130572587,0.004056367,0.448221833,1.557532787,-0.06688384,0.001848108,0.566707373,1.938632488,0.071500711,0.000445125,0.452376604,1.954354525,0.004205343,0.00024278,0.570537984,1.995623827,0.078523882,0.000471201,0.454225838,2.016582489,0.000355974,0.00034091,0.542186975,2.056248665,-0.200819045,0.000668512,0.463139057,2.063641548,-0.297498077,0.000496072
Sitting,0.479795784,0.481170267,-0.556355834,0.999612629,0.494323403,0.441782713,-0.536145747,0.999133945,0.503477216,0.441518813,-0.536212504,0.999300122,0.512829125,0.442219466,-0.536249697,0.999154866,0.474350214,0.443299115,-0.531364202,0.999206483,0.469473928,0.443386376,-0.531321406,0.999330878,0.463570535,0.444279015,-0.531573772,0.999221385,0.53006506,0.452891111,-0.350203007,0.999193549,0.46794644,0.455239564,-0.321119696,0.999267459,0.499890715,0.521056235,-0.483203828,0.999606133,0.474154562,0.519011497,-0.474735886,0.999621093,0.609961867,0.637407362,-0.209769934,0.99869442,0.417051554,0.668167233,-0.186226279,0.999171019,0.643784404,0.894280851,-0.207280427,0.545575023,0.387615561,0.933897078,-0.097719342,0.479197443,0.58923775,1.054185748,-0.42727834,0.167262971,0.401419342,1.130979061,-0.285202175,0.125139743,0.586979985,1.118991733,-0.490054905,0.176342353,0.395661026,1.198840737,-0.34792906,0.135576293,0.568665087,1.099192619,-0.524966657,0.231438085,0.408829033,1.196459055,-0.395809829,0.187616229,0.561668634,1.020327806,-0.449413151,0.216424033,0.41451025,1.166434765,-0.312206358,0.176718906,0.574768066,1.14344573,-0.025271591,0.006536792,0.449025095,1.150404215,0.027504247,0.007178187,0.572197616,1.553082228,-0.134507984,0.003941226,0.448299646,1.56080544,-0.065044954,0.001752738,0.567271233,1.942093611,0.072082639,0.000425318,0.452340305,1.956841707,0.004928892,0.000224885,0.571001709,1.997955203,0.079140022,0.000444699,0.45414561,2.019039154,0.000938435,0.000322339,0.542581916,2.062631369,-0.208521441,0.000633894,0.463090718,2.067435265,-0.299001515,0.000465836
Sitting,0.480021715,0.48077482,-0.548501968,0.999623656,0.494579792,0.441511422,-0.528459668,0.999152303,0.503659546,0.441268206,-0.528481662,0.999313235,0.513197422,0.441966534,-0.528490901,0.999167264,0.474614322,0.443028927,-0.523916483,0.999228418,0.469727576,0.443164498,-0.523872972,0.999353886,0.463982284,0.444078475,-0.524127781,0.999249935,0.530550957,0.452851772,-0.345507562,0.999192536,0.468157589,0.455111533,-0.316501886,0.99929291,0.499938428,0.520747423,-0.477169663,0.999614239,0.47412315,0.518656373,-0.468759626,0.999632359,0.610240996,0.6405316,-0.212930396,0.998723507,0.416323245,0.676191032,-0.190833136,0.99921,0.643891811,0.898715913,-0.205126733,0.532065332,0.387460411,0.937848151,-0.097836152,0.488654405,0.592566669,1.068898559,-0.409893274,0.153562292,0.401775181,1.140699744,-0.278264761,0.119896501,0.589023113,1.128385067,-0.47192207,0.16215013,0.395867407,1.207924604,-0.333326399,0.12920785,0.570888162,1.120158315,-0.51189822,0.21399644,0.409945637,1.204989076,-0.378780037,0.180606276,0.568123937,1.08622849,-0.4315781,0.200021788,0.415024698,1.174936175,-0.303147703,0.170268074,0.578253746,1.152854443,-0.028768027,0.006047636,0.449445903,1.162012339,0.030927736,0.006681499,0.576207757,1.567049503,-0.098767623,0.003729104,0.450814009,1.577393055,-0.023644317,0.001630708,0.573723137,1.946757793,0.14432025,0.000407691,0.456544727,1.959035397,0.095362172,0.000206718,0.578609586,2.004168272,0.154071063,0.000422304,0.458141387,2.020816326,0.095629036,0.000303205,0.548011243,2.06496644,-0.13291052,0.0005946,0.468849123,2.073301792,-0.214745611,0.000432719
Sitting,0.480079412,0.480457693,-0.491999626,0.999590039,0.494925588,0.441383332,-0.472393274,0.999067605,0.503996968,0.441043139,-0.472400844,0.999239028,0.51353687,0.441696882,-0.472445905,0.999075651,0.474814951,0.442628056,-0.46914953,0.999168932,0.469952196,0.442606956,-0.469106585,0.999313235,0.464225918,0.443348765,-0.469369501,0.999211371,0.530935764,0.453157753,-0.299937904,0.999074936,0.468308449,0.455004871,-0.275637329,0.999260485,0.500186324,0.520651996,-0.425081879,0.999576569,0.473937899,0.518295765,-0.418019354,0.999610066,0.610698342,0.640746295,-0.175493672,0.998649836,0.416545779,0.677164435,-0.174691156,0.999209464,0.644070864,0.898895919,-0.16169408,0.514599621,0.387757897,0.938491642,-0.093983285,0.495188951,0.593211293,1.040540695,-0.357615113,0.141441911,0.420411289,1.138027906,-0.267153949,0.114738889,0.597513556,1.120385885,-0.412445366,0.149771929,0.424632639,1.20149827,-0.322192967,0.123292603,0.571011424,1.054477334,-0.443649381,0.198611602,0.438069671,1.189800978,-0.357457727,0.173306584,0.57013905,1.036162376,-0.378043026,0.185897559,0.438659966,1.161099195,-0.287239045,0.163500845,0.579274356,1.152131796,-0.028669912,0.005638756,0.449576527,1.161067247,0.03082124,0.006238573,0.576590419,1.566000342,-0.103893682,0.003476474,0.45080924,1.576539993,-0.028845817,0.001513655,0.574018061,1.949158788,0.125403598,0.000379652,0.456363052,1.96189487,0.072209604,0.000189405,0.579043388,2.006858349,0.134151369,0.000392889,0.458080769,2.022482395,0.070737563,0.000281924,0.548217237,2.067492247,-0.153011054,0.000549357,0.468579352,2.076871395,-0.23657994,0.000399331
Sitting,0.480198056,0.479395598,-0.498674542,0.999573886,0.495044768,0.440370142,-0.479484707,0.999024391,0.504095316,0.440009087,-0.479507357,0.999209702,0.513685822,0.440761745,-0.479546845,0.999030411,0.474949211,0.441933751,-0.475563854,0.999131262,0.470100343,0.44197917,-0.475527853,0.999291956,0.464460701,0.442782432,-0.475792229,0.99918431,0.531183839,0.453124791,-0.303801477,0.999019623,0.468625635,0.454945326,-0.278068513,0.999244034,0.500224233,0.51878345,-0.430843681,0.999553204,0.47399348,0.517076135,-0.423177302,0.999594569,0.611459374,0.641976655,-0.177723557,0.998628736,0.416617304,0.677998185,-0.174628496,0.999200523,0.644354224,0.902623236,-0.171975642,0.501865506,0.387903899,0.940923452,-0.097504228,0.500967979,0.593433738,1.054582,-0.382421464,0.130793512,0.437089145,1.136797309,-0.270516396,0.108777784,0.596490443,1.121723294,-0.438694149,0.138677463,0.446621984,1.200698495,-0.328159302,0.116491452,0.571293116,1.089531302,-0.462640226,0.185022205,0.460940421,1.185606956,-0.364118576,0.164837167,0.566278994,1.025910497,-0.400968134,0.17318964,0.45862484,1.156251907,-0.292264163,0.155384362,0.579829335,1.15253675,-0.029040283,0.005276234,0.449551672,1.161213875,0.031230569,0.005835921,0.577387452,1.566435695,-0.103190444,0.003289044,0.450898111,1.576600671,-0.026602253,0.001411728,0.574549794,1.951084852,0.124149777,0.000360599,0.456187159,1.963703394,0.071642369,0.000173928,0.579873443,2.008927345,0.132502109,0.000372767,0.457817554,2.024257183,0.069828838,0.000264835,0.548254609,2.069684029,-0.155916393,0.000512679,0.468404621,2.079107285,-0.240305096,0.000370621
Sitting,0.480332941,0.479119748,-0.540274262,0.99956423,0.495104969,0.440073282,-0.517084301,0.998996556,0.50417161,0.439773172,-0.517068326,0.999194086,0.513848186,0.440611064,-0.517050087,0.998996615,0.475054115,0.441700011,-0.515932143,0.99911952,0.470195681,0.441862881,-0.515941858,0.999294043,0.464662254,0.442611277,-0.516231835,0.999185324,0.531372488,0.453344554,-0.328484595,0.998988748,0.469058901,0.45491001,-0.315342724,0.999254048,0.500418782,0.518678427,-0.46680212,0.999533236,0.474002451,0.516875327,-0.463254631,0.999588847,0.611691833,0.643290341,-0.188547418,0.998552501,0.416713864,0.677696049,-0.204434156,0.999208629,0.644508243,0.903419077,-0.181205407,0.497795492,0.39002794,0.941492617,-0.142138407,0.512711287,0.572007,1.039906144,-0.383804828,0.121908233,0.459758848,1.101518035,-0.302848786,0.105947845,0.568657517,1.120689511,-0.439023107,0.129198417,0.478079945,1.162192225,-0.359705776,0.11243818,0.551550031,1.09269166,-0.462927014,0.173359975,0.490680754,1.138758302,-0.379542887,0.159765348,0.553003669,1.059190512,-0.401144743,0.162234783,0.484182596,1.110814333,-0.315584123,0.149900034,0.579711497,1.151198626,-0.026061142,0.00509137,0.448836744,1.1582129,0.028215909,0.005677039,0.57612592,1.562844992,-0.105316535,0.003184,0.449753225,1.570317626,-0.042230915,0.001350007,0.571952641,1.945909619,0.117033921,0.000348139,0.453628868,1.959787369,0.047537394,0.000163686,0.576794446,2.003694057,0.125203714,0.000361899,0.454786927,2.020817041,0.044280872,0.00025333,0.546135008,2.065113068,-0.161180943,0.00049766,0.465352714,2.075377464,-0.26581648,0.000354521
Sitting,0.480411232,0.479029715,-0.53783834,0.999576211,0.495197356,0.439981163,-0.515681148,0.999024272,0.504266322,0.439656824,-0.515658081,0.999218166,0.51394707,0.440482289,-0.515662789,0.999022722,0.475148827,0.441545904,-0.513571858,0.999145985,0.470284134,0.441666245,-0.513547301,0.999318957,0.464738786,0.44237411,-0.513809979,0.99921304,0.531532288,0.453454494,-0.330191791,0.999011278,0.469238698,0.454885602,-0.312787712,0.999282956,0.500563025,0.518491507,-0.465879977,0.999543309,0.473998159,0.516780674,-0.46085611,0.999600112,0.611773729,0.644529104,-0.193600863,0.998582065,0.416751802,0.677262425,-0.200868323,0.999235272,0.643007398,0.904467463,-0.188484758,0.497183949,0.391461521,0.941548765,-0.132939324,0.518750906,0.564822257,1.038610697,-0.387739718,0.113090008,0.452461243,1.107785702,-0.294455111,0.099844411,0.566260695,1.124398708,-0.441362202,0.119901426,0.464369535,1.171520114,-0.347648829,0.105748676,0.549192309,1.109568,-0.463263094,0.161977008,0.477174848,1.155426025,-0.372152835,0.151203811,0.550632715,1.08618331,-0.404468626,0.151389971,0.474139214,1.12565136,-0.307803035,0.141711041,0.578862548,1.149410725,-0.026047707,0.004811863,0.448618889,1.153904557,0.028200787,0.00538494,0.574679911,1.562847614,-0.105369195,0.00303495,0.448780864,1.568563819,-0.03744673,0.00127062,0.570106983,1.94673562,0.115219556,0.000335988,0.451200068,1.958570719,0.048992228,0.000151726,0.575105071,2.004763603,0.123621464,0.000348433,0.451915026,2.018937111,0.045746315,0.000240834,0.543211102,2.065256834,-0.16092898,0.000472865,0.462237686,2.075196981,-0.263301134,0.00033081
Sitting,0.479617655,0.477806389,-0.551956534,0.999557436,0.495177448,0.438711673,-0.529429436,0.998976767,0.504340053,0.438556463,-0.529424667,0.999186754,0.513894439,0.439596653,-0.529428303,0.998975337,0.47498098,0.440141082,-0.524648309,0.999111235,0.470289618,0.440334588,-0.524656177,0.999298751,0.464920372,0.441118062,-0.524938524,0.999188125,0.53168565,0.453445017,-0.342593521,0.998972237,0.469360352,0.454831809,-0.314255774,0.999258339,0.500057876,0.517295778,-0.479420364,0.999523938,0.473375261,0.515720427,-0.4710401,0.999584079,0.611904621,0.645669878,-0.208596036,0.998543382,0.417061746,0.676989853,-0.197144181,0.999241531,0.641252458,0.907932639,-0.213295147,0.508985758,0.39197728,0.941043615,-0.126049161,0.526215017,0.556215405,1.037293196,-0.406496376,0.107048944,0.451714844,1.102984428,-0.285509348,0.096009165,0.54759562,1.124421597,-0.460509002,0.113030277,0.462693632,1.168065786,-0.341422379,0.101172857,0.53281343,1.110008001,-0.481902301,0.15373683,0.475115687,1.152914047,-0.367665768,0.145261556,0.536668122,1.084599495,-0.421845824,0.143194973,0.472255707,1.123163104,-0.300344616,0.135670051,0.578092337,1.149538875,-0.02606025,0.004863842,0.448313802,1.153809071,0.028206442,0.005524158,0.573732197,1.562112808,-0.110838853,0.003108015,0.448747009,1.564767838,-0.063166901,0.001294013,0.568936467,1.944118738,0.10560254,0.000346674,0.450463861,1.956606865,0.019397113,0.000153383,0.57368505,2.001942873,0.113479868,0.000354183,0.45131436,2.017795563,0.015359478,0.000252495,0.542538285,2.061761379,-0.178208277,0.000486139,0.460274279,2.072127581,-0.296481907,0.000340557
Sitting,0.47956118,0.477652729,-0.55858463,0.999567509,0.495353609,0.438580185,-0.53415674,0.999002099,0.504544616,0.438460082,-0.53415817,0.999208212,0.514028966,0.439519763,-0.534142375,0.998998404,0.475008905,0.439924657,-0.531408966,0.999133468,0.470342487,0.440095514,-0.531411946,0.99931854,0.465052605,0.440867245,-0.53167969,0.999209583,0.531764507,0.453623831,-0.341436207,0.999002755,0.469500959,0.455214977,-0.319657147,0.999281943,0.500061095,0.517289162,-0.483089626,0.999532044,0.473235697,0.515814006,-0.477358341,0.999591768,0.612132907,0.645861506,-0.207324624,0.998554945,0.41784367,0.676493943,-0.202848762,0.999239624,0.641459346,0.908648431,-0.201079294,0.514661551,0.39536956,0.941048622,-0.142607972,0.535339117,0.562084019,1.034379482,-0.391434759,0.104663722,0.487493902,1.057621956,-0.310283482,0.096603923,0.551983476,1.122652769,-0.448154986,0.110225074,0.493291616,1.149168849,-0.371621788,0.101013482,0.536719382,1.10870111,-0.470257938,0.151176527,0.504921198,1.125622869,-0.392721266,0.145302445,0.541205585,1.036583424,-0.406876177,0.14065814,0.49835521,1.097947836,-0.323291481,0.134849742,0.578124046,1.148388624,-0.023972016,0.004913487,0.448375553,1.152980447,0.026127528,0.005560766,0.574384809,1.557501197,-0.115506485,0.003061522,0.451763004,1.561300159,-0.064523175,0.001264166,0.569960475,1.93835485,0.098587967,0.000338098,0.456249774,1.952432275,0.014454338,0.000146318,0.574557424,1.995437741,0.106310248,0.000347872,0.457472414,2.01345396,0.010304543,0.000244741,0.544736207,2.055846691,-0.184399709,0.000474628,0.466679871,2.066976547,-0.29910779,0.000332114
Sitting,0.479493856,0.47492817,-0.636714816,0.999567688,0.49541539,0.435906678,-0.607324183,0.999010146,0.504644513,0.436031878,-0.607315719,0.999212682,0.514064848,0.437228858,-0.607268214,0.999002337,0.474872261,0.43724671,-0.604778588,0.999146402,0.470265239,0.437670976,-0.604796052,0.999329627,0.465088755,0.438743621,-0.605085254,0.999228179,0.531872988,0.453472733,-0.398336649,0.999015152,0.46962142,0.455170095,-0.377924144,0.99930042,0.500097036,0.51451385,-0.55593884,0.999514759,0.473047107,0.51359266,-0.550551653,0.999584019,0.612184107,0.646708786,-0.24799943,0.998338997,0.417942613,0.676418602,-0.258874983,0.999192357,0.637838364,0.917746902,-0.250650615,0.510089219,0.395978838,0.942108691,-0.220113546,0.544385433,0.549307942,1.06147933,-0.423815548,0.099705338,0.519484401,1.015870452,-0.380631506,0.098403409,0.53250289,1.12693429,-0.480844647,0.104882434,0.523726702,1.115643024,-0.444917738,0.101440199,0.518288732,1.111408234,-0.49758476,0.144732207,0.545043528,1.029329419,-0.457731247,0.145905569,0.523126245,1.071612239,-0.437201738,0.13454178,0.54451853,0.997074068,-0.390106499,0.133755594,0.57862556,1.148427486,-0.023216983,0.004829348,0.4481875,1.153015971,0.025382221,0.005526709,0.574829936,1.557676315,-0.12957941,0.003062648,0.453802764,1.561185837,-0.097187907,0.001271391,0.570013762,1.93918407,0.090072513,0.000331801,0.457097232,1.953645825,-0.013699363,0.000143392,0.574427962,1.996376395,0.097156949,0.000338626,0.458458096,2.014102697,-0.017610008,0.000237852,0.544787467,2.057243109,-0.207513854,0.000479466,0.467083454,2.068319082,-0.341248244,0.000347619
Sitting,0.479684591,0.472634465,-0.603504539,0.999580324,0.495774895,0.43375656,-0.579961717,0.999037147,0.505091369,0.434108764,-0.579972148,0.999233127,0.514510393,0.435439587,-0.580012023,0.99902761,0.47495085,0.434525311,-0.576314747,0.999168634,0.470330864,0.434913605,-0.576405883,0.999348223,0.465281397,0.435845822,-0.576703787,0.999249756,0.532243371,0.453382611,-0.390513361,0.999032736,0.469708353,0.454772025,-0.367586046,0.999319553,0.500173688,0.512054503,-0.527538002,0.999527872,0.473063409,0.511550903,-0.521280468,0.999596119,0.613180935,0.648429513,-0.239126056,0.998363495,0.418251753,0.677461863,-0.257012367,0.999195397,0.638819158,0.918204725,-0.240207523,0.505944848,0.396140397,0.944887042,-0.184940964,0.552061677,0.570691705,1.077902555,-0.41573745,0.094195373,0.505663693,1.032831788,-0.377092451,0.095513821,0.558956265,1.138316631,-0.472079933,0.098902233,0.500642896,1.135977387,-0.435597509,0.097733274,0.54209429,1.126508713,-0.492657423,0.137443438,0.519137323,1.087805033,-0.455840051,0.141366899,0.544480383,1.097229958,-0.43069452,0.127769113,0.522187471,1.056880474,-0.385078847,0.129423469,0.580833554,1.153913498,-0.02690039,0.004612432,0.44912529,1.160189748,0.029083515,0.005294817,0.578785777,1.563789487,-0.090407841,0.002927754,0.455366701,1.570878267,-0.024081711,0.001205215,0.572073281,1.940541625,0.171792671,0.000322018,0.458249956,1.956103206,0.113088086,0.00013492,0.576346278,1.997722507,0.182425663,0.000326372,0.459578931,2.016031504,0.11465466,0.000230971,0.546461761,2.059085369,-0.11588718,0.000456464,0.468493044,2.071522951,-0.204883173,0.000333319
Sitting,0.480493367,0.468574256,-0.591858387,0.999595523,0.496721119,0.430278659,-0.565518439,0.999069989,0.506009519,0.430705398,-0.565536201,0.999260366,0.515366435,0.432002842,-0.565518022,0.99905777,0.475267828,0.431352317,-0.562609553,0.999196649,0.47047931,0.432029128,-0.562612891,0.999371469,0.465557635,0.43308869,-0.562904775,0.999275863,0.532638013,0.452804685,-0.373193562,0.999063432,0.469778448,0.454359949,-0.348731279,0.999344409,0.500965655,0.507745862,-0.514634311,0.999537945,0.473168314,0.507598519,-0.508830667,0.999606669,0.613302708,0.650280833,-0.231844828,0.998342395,0.418302834,0.677318871,-0.240928143,0.999172449,0.639137745,0.921868205,-0.227182746,0.496922493,0.39550826,0.945230842,-0.171263933,0.543977857,0.570891321,1.087516904,-0.428676039,0.088846467,0.49251309,1.06724906,-0.347432047,0.091239467,0.55990392,1.146120191,-0.489914954,0.093704738,0.49489522,1.147222996,-0.40897122,0.093550369,0.543068886,1.13495183,-0.514620781,0.131375715,0.514949441,1.117536783,-0.437081873,0.136209726,0.54494524,1.107897639,-0.446412742,0.121782742,0.518530488,1.087004066,-0.362300694,0.124369666,0.580029905,1.158128858,-0.027203554,0.004336647,0.447662741,1.164788127,0.029432762,0.004999244,0.57815516,1.566837072,-0.095405087,0.00281835,0.455296218,1.572346687,-0.0704474,0.001145221,0.571073174,1.94251132,0.146688133,0.000308446,0.457489401,1.958492875,0.072570935,0.000126951,0.575047851,1.999949336,0.155819967,0.000310219,0.458712041,2.021016836,0.075717598,0.000220069,0.545406044,2.061096191,-0.134116858,0.000439391,0.467148483,2.071915627,-0.265960872,0.000322398
Sitting,0.485245943,0.46323216,-0.568341434,0.999591827,0.500467718,0.426410556,-0.535505652,0.999064267,0.50954771,0.427030742,-0.535533547,0.999255598,0.518613458,0.428272218,-0.535484195,0.999049127,0.478130043,0.427304387,-0.539043367,0.999195397,0.472016811,0.428399652,-0.539021134,0.999373913,0.467055231,0.429588795,-0.539320827,0.999282479,0.533953846,0.450761169,-0.32958582,0.999062359,0.469838202,0.452697664,-0.33532539,0.999358177,0.504724383,0.502952993,-0.488720894,0.999536335,0.475217819,0.502154768,-0.491832793,0.99961096,0.613417268,0.650314391,-0.20022805,0.998327315,0.418354511,0.67724818,-0.227278829,0.99916476,0.639342248,0.921393812,-0.222673446,0.499766141,0.39549318,0.945634604,-0.180871814,0.556854665,0.557448685,1.085235715,-0.421075523,0.085218243,0.496606737,1.046414137,-0.357256681,0.092104413,0.539355636,1.132754564,-0.48139149,0.089579009,0.500943542,1.137607694,-0.422209203,0.093434945,0.524085224,1.118633389,-0.511540413,0.126365691,0.514945149,1.108743072,-0.443967044,0.1363305,0.528324187,1.105791569,-0.43961516,0.116944283,0.5104056,1.080832362,-0.370480746,0.123649545,0.580000758,1.157306433,-0.02528837,0.004257706,0.447232485,1.164664268,0.027531708,0.004898737,0.578147233,1.564733505,-0.103144087,0.002834934,0.455199867,1.571354032,-0.073577978,0.001133889,0.571157634,1.942290425,0.126920447,0.000305031,0.45732218,1.958491683,0.034874566,0.000123008,0.575079441,1.999842644,0.134381741,0.000305407,0.458529234,2.021104097,0.033586018,0.000215291,0.545850337,2.061344147,-0.166171342,0.000436282,0.467093945,2.071881533,-0.294328004,0.000319085
Sitting,0.486690223,0.460358262,-0.532772124,0.999607921,0.501722217,0.42422086,-0.502142251,0.999098778,0.510745347,0.424916297,-0.502136767,0.999285817,0.519825161,0.426033109,-0.502101839,0.999082267,0.478945792,0.425359309,-0.504925489,0.999226451,0.47247234,0.426698059,-0.504862189,0.999402046,0.46763891,0.427877724,-0.505104303,0.999314189,0.53463304,0.449355781,-0.302978396,0.999098122,0.469842345,0.452066422,-0.306588322,0.999391556,0.506062448,0.500575244,-0.457109272,0.999551058,0.475904644,0.500038981,-0.458669722,0.999627709,0.613585532,0.651343286,-0.175136119,0.998305261,0.418402374,0.677666247,-0.222179621,0.999173999,0.639265776,0.921172261,-0.166207939,0.487605512,0.396309525,0.945995867,-0.174137086,0.568116069,0.565807939,1.10076046,-0.348889202,0.079915836,0.501883864,1.039031863,-0.344833046,0.093085244,0.555228353,1.160095215,-0.40566349,0.084443599,0.510606229,1.132101655,-0.407983303,0.093737207,0.536242127,1.149837494,-0.433347523,0.119911313,0.545006871,1.051973581,-0.438464075,0.137073815,0.537566602,1.12465632,-0.367675811,0.111232296,0.51469028,1.076856732,-0.360629469,0.123646662,0.580016077,1.158118725,-0.022551674,0.004133,0.447141558,1.164825797,0.02476757,0.004756343,0.577970803,1.565448284,-0.10202428,0.002739993,0.455111563,1.572738171,-0.06365978,0.001098679,0.570509076,1.942415714,0.131445482,0.000299302,0.456947386,1.959158182,0.043734331,0.000117371,0.574343085,2.000151873,0.139732182,0.000299576,0.457635731,2.021513224,0.042134471,0.000208327,0.545025826,2.061665058,-0.153967291,0.000425419,0.466664702,2.07317853,-0.276872694,0.000306742
Sitting,0.487470388,0.459959865,-0.550365031,0.999619663,0.502286255,0.423886985,-0.520572603,0.999127686,0.511300147,0.424575388,-0.520581663,0.999311805,0.520389736,0.425682038,-0.520526052,0.999114335,0.479296774,0.425054222,-0.525891066,0.999249637,0.472690761,0.426395744,-0.525824904,0.999422133,0.467965037,0.427589506,-0.526085734,0.999335647,0.534821153,0.449095041,-0.315925807,0.999135017,0.469802797,0.452023625,-0.3301498,0.999416709,0.506872058,0.500159502,-0.4721753,0.999562383,0.476297557,0.499592602,-0.476656824,0.999638617,0.613638043,0.650897145,-0.177342743,0.998355389,0.418231905,0.678264081,-0.226783469,0.999153435,0.640515447,0.920904458,-0.187063128,0.485161483,0.396654278,0.946213365,-0.178608313,0.561754048,0.566296279,1.084603429,-0.404780865,0.077075742,0.4875094,1.067321301,-0.360185325,0.089734599,0.556093931,1.134463906,-0.466444552,0.081510797,0.50844425,1.136766315,-0.425237805,0.090417378,0.537717164,1.119021058,-0.488278925,0.116692789,0.528421164,1.087764621,-0.452577591,0.132802173,0.538728654,1.103676796,-0.422068298,0.108029626,0.510888696,1.083006024,-0.376436174,0.119657554,0.580071688,1.154329062,-0.020960096,0.003995774,0.446697056,1.163517118,0.02323712,0.004558055,0.578356564,1.560904145,-0.102386974,0.002660363,0.45426169,1.569160342,-0.081132375,0.001044705,0.573054135,1.940169454,0.117021777,0.000284347,0.456045687,1.956734896,0.009420147,0.000109738,0.57707417,1.998071074,0.123649284,0.000285539,0.456824392,2.019628763,0.006148675,0.000195075,0.547612786,2.060444355,-0.174046919,0.000407487,0.466620266,2.069196463,-0.312753648,0.000291502
Sitting,0.488137543,0.459735066,-0.552213311,0.999617457,0.502959013,0.423680067,-0.523898721,0.999120593,0.512074053,0.424375743,-0.523937702,0.999308109,0.521193743,0.425499082,-0.523890615,0.999103069,0.479772955,0.424721688,-0.528284609,0.999245942,0.472999036,0.426035345,-0.528229654,0.999422967,0.468320519,0.427201718,-0.528510094,0.999335408,0.535385489,0.448925525,-0.3218171,0.999126375,0.469823033,0.451803416,-0.33008045,0.999422133,0.507763267,0.499896467,-0.474472672,0.99955982,0.476943254,0.49922052,-0.477849782,0.999640167,0.613703847,0.650699675,-0.178533241,0.998364866,0.418224633,0.678734362,-0.222420454,0.999158978,0.640582204,0.917027533,-0.193007156,0.47764647,0.39639014,0.946515322,-0.155237958,0.559061646,0.567409277,1.042094469,-0.425921977,0.073138624,0.455842257,1.107010722,-0.353161514,0.086642027,0.564618826,1.125216842,-0.488729805,0.077446461,0.467110693,1.173606753,-0.416603982,0.087328799,0.548100173,1.111316919,-0.51282692,0.111592762,0.48110795,1.153238297,-0.441763699,0.128975853,0.548555791,1.097160816,-0.444335759,0.103117079,0.477675289,1.125661612,-0.366981626,0.116281062,0.580214679,1.153871536,-0.022477468,0.003816126,0.446781695,1.163475633,0.02476036,0.004377643,0.579110086,1.560185552,-0.102505468,0.002587491,0.45449701,1.568927288,-0.077140056,0.000995097,0.574865937,1.939583659,0.117155716,0.000273574,0.456034988,1.956848264,0.015018073,0.000103855,0.579016864,1.997575879,0.123960868,0.000273305,0.456769854,2.019869089,0.013535021,0.000187438,0.549545467,2.059952974,-0.173225969,0.000392555,0.46687299,2.068732977,-0.309527934,0.000280395
Sitting,0.488666147,0.459478706,-0.555097938,0.999627888,0.50350374,0.423388362,-0.525131524,0.999145508,0.512584329,0.424022079,-0.525172114,0.99932909,0.521625221,0.425084591,-0.525116801,0.99912852,0.480194479,0.424517274,-0.529380977,0.999266088,0.47326678,0.425851107,-0.529319644,0.999438643,0.468603909,0.427037716,-0.529604375,0.999352992,0.535579562,0.448472589,-0.32216841,0.999154449,0.469842046,0.451712936,-0.327474028,0.999441028,0.508127511,0.499312848,-0.475115389,0.999571204,0.477243245,0.498844355,-0.478341103,0.999650955,0.614205003,0.650705516,-0.180664003,0.998411059,0.418243736,0.678727329,-0.209215835,0.999158323,0.641218722,0.916970313,-0.193296239,0.477758676,0.395900905,0.946072221,-0.144307226,0.556264758,0.565003932,1.031759501,-0.425946802,0.070108406,0.456504643,1.106783867,-0.349655837,0.083295502,0.565777123,1.125967383,-0.489913762,0.074392095,0.468428373,1.173892856,-0.410427481,0.084119461,0.549164414,1.112609148,-0.515748203,0.108061969,0.482785463,1.153747439,-0.436843574,0.124878414,0.549704432,1.095172048,-0.445076704,0.099494532,0.478554875,1.124814153,-0.362630785,0.112442769,0.580123842,1.154808164,-0.022884058,0.003644037,0.446126312,1.164599061,0.025231835,0.00419408,0.579094291,1.561650395,-0.104549088,0.002526371,0.454478681,1.569985628,-0.098522365,0.000958141,0.574836612,1.942010999,0.117102347,0.00026292,0.455988109,1.961075187,0.004326079,9.89E-05,0.578950584,2.000438213,0.123948082,0.000260538,0.456749141,2.025765896,0.002122639,0.000179249,0.5496611,2.062716246,-0.177019477,0.000382292,0.466839015,2.071423769,-0.32909745,0.000272456
Sitting,0.488841146,0.459576368,-0.538725019,0.999633253,0.503790855,0.4234083,-0.51360178,0.999162138,0.512914419,0.424034595,-0.513605535,0.999340534,0.521989524,0.42510435,-0.513625503,0.999143064,0.480380625,0.424537569,-0.516221404,0.99928236,0.473425388,0.425857157,-0.516137064,0.999451518,0.468824327,0.427042127,-0.516376853,0.999368608,0.535998702,0.448392779,-0.320322931,0.999168932,0.469870329,0.451682657,-0.323087484,0.999458492,0.508514404,0.499441952,-0.463818729,0.999581277,0.477493584,0.498939693,-0.464516789,0.999661565,0.614484429,0.649885416,-0.181545645,0.99845767,0.418278366,0.678710878,-0.209104016,0.999176025,0.641667962,0.91535008,-0.181328908,0.477073103,0.395889789,0.946876526,-0.14458181,0.561833501,0.57624042,1.045654297,-0.398240894,0.066775553,0.451909781,1.113163233,-0.347176224,0.080978058,0.57253027,1.126254559,-0.458361775,0.070966244,0.462801218,1.178802729,-0.404232413,0.081861369,0.554335475,1.11268878,-0.483988285,0.103822775,0.47728762,1.16084826,-0.43408519,0.122166865,0.554290056,1.093557,-0.416826546,0.095579714,0.474792778,1.130598068,-0.360969484,0.109947242,0.580009818,1.153656125,-0.022753268,0.003525775,0.446144164,1.162226319,0.025073409,0.004030757,0.578822315,1.561698437,-0.105065189,0.002489661,0.45327729,1.570315361,-0.05155044,0.000928472,0.57475698,1.942086339,0.114763632,0.000261161,0.454552561,1.961124182,0.029394228,9.45E-05,0.57890141,2.000509024,0.12180122,0.000257292,0.454821736,2.025224209,0.02606393,0.000175256,0.549193203,2.062825918,-0.173429042,0.000371135,0.465812832,2.073303938,-0.282874733,0.000259482
Sitting,0.489089668,0.459195018,-0.53865099,0.999637544,0.504272163,0.423178107,-0.513464391,0.999172688,0.513434887,0.423810869,-0.513452768,0.999351501,0.522513866,0.424899936,-0.513473153,0.999153793,0.480734348,0.424337178,-0.515781343,0.999294221,0.473691523,0.425676614,-0.515693545,0.999464214,0.469087273,0.426861733,-0.515942812,0.999382734,0.536548257,0.448215008,-0.319945514,0.999179304,0.469930232,0.451550335,-0.322716743,0.999475837,0.50888288,0.499328613,-0.46361962,0.999583602,0.477651983,0.498788834,-0.463979334,0.999668717,0.615246892,0.649580538,-0.179449528,0.998503268,0.418266475,0.678943694,-0.21063821,0.999207914,0.642181277,0.915583372,-0.177663729,0.465638995,0.395713985,0.948233545,-0.150041372,0.56645143,0.575995982,1.024910569,-0.39499265,0.062543824,0.453253269,1.113167405,-0.344001859,0.078589149,0.576744914,1.117197156,-0.454868615,0.066608377,0.46400398,1.178634882,-0.402685016,0.079381719,0.559131503,1.104187846,-0.478906959,0.097986653,0.478756994,1.159760952,-0.432015598,0.119084299,0.558749914,1.084501863,-0.413285196,0.090158589,0.476832539,1.129685879,-0.358752429,0.10704986,0.581315577,1.14987421,-0.022571888,0.003398345,0.447168171,1.159310341,0.024916472,0.00389095,0.580733716,1.556844115,-0.10731481,0.00240083,0.453453213,1.568010569,-0.048039272,0.000879205,0.578039467,1.93664217,0.105482079,0.000252802,0.455289215,1.955264091,0.030261612,8.86E-05,0.58269161,1.995628476,0.112680353,0.000251992,0.455427498,2.018127203,0.026479656,0.00016643,0.551731706,2.056423664,-0.177125707,0.00035845,0.467691511,2.068071365,-0.279963195,0.000244429
Sitting,0.489123881,0.459220201,-0.504230499,0.999623835,0.504337132,0.423284829,-0.483059585,0.999132216,0.513502121,0.423897803,-0.483081043,0.999319375,0.522564471,0.42497009,-0.483135641,0.999112427,0.480987638,0.424424857,-0.48272258,0.999258459,0.473991543,0.425736696,-0.482596308,0.999437988,0.469424099,0.42691049,-0.482862651,0.999351919,0.536759079,0.448202401,-0.304001331,0.999136925,0.470304549,0.45147121,-0.29357788,0.999456584,0.508869708,0.499399871,-0.434273005,0.999574125,0.477833182,0.49884215,-0.431112051,0.999660313,0.615365386,0.64692986,-0.173678845,0.998538792,0.41879186,0.677884579,-0.185452461,0.999226511,0.644234776,0.906499565,-0.167856425,0.456400424,0.395615369,0.942957282,-0.109706566,0.55892235,0.578753293,1.020255923,-0.371002257,0.059449308,0.444256157,1.116764069,-0.276875108,0.075032935,0.58617866,1.112362623,-0.427092552,0.063391782,0.452129364,1.184589267,-0.330374211,0.076005176,0.569674253,1.100394964,-0.450529814,0.093699262,0.466897666,1.17078042,-0.363461852,0.114441253,0.569041371,1.079359889,-0.388677746,0.086369134,0.465970844,1.13902247,-0.295306504,0.103268012,0.580780387,1.145151973,-0.023710951,0.003221613,0.447130442,1.153149247,0.026009465,0.003699949,0.580669284,1.552288294,-0.085381389,0.002243047,0.453456968,1.5648278,-0.01509611,0.000817925,0.577858984,1.930578589,0.15989469,0.000237189,0.45587039,1.948847413,0.108279906,8.20E-05,0.582472801,1.98850131,0.171301737,0.000236134,0.456192166,2.009598017,0.110270277,0.000156217,0.551691175,2.050086737,-0.104251906,0.000335104,0.468202412,2.062012911,-0.192307681,0.00022862
Sitting,0.490139157,0.459271073,-0.546421707,0.999628484,0.505273938,0.423302829,-0.521122694,0.999141693,0.514488161,0.42391175,-0.521137357,0.999328554,0.523403525,0.424991876,-0.521149755,0.999121189,0.48194629,0.424429923,-0.522330225,0.999266267,0.47479254,0.42573455,-0.522264481,0.999446094,0.470021665,0.426913798,-0.522544146,0.999359965,0.537192941,0.448201448,-0.326132566,0.999149799,0.470432818,0.451459497,-0.321961582,0.999465644,0.509491384,0.499446571,-0.470549762,0.999579012,0.47849673,0.49888441,-0.469658613,0.999664187,0.615653396,0.647049665,-0.190466776,0.998562455,0.419297367,0.677847862,-0.199283212,0.999224186,0.644226253,0.907701135,-0.205350682,0.459834337,0.395702213,0.94160217,-0.124815404,0.555262566,0.566202283,1.016364098,-0.427311093,0.057914391,0.44627133,1.114884496,-0.31315738,0.072385125,0.564607918,1.109678507,-0.489033699,0.061556965,0.455156475,1.183298707,-0.374199033,0.073433734,0.548749447,1.09612155,-0.507003725,0.091613904,0.470082223,1.167760372,-0.408851951,0.111124948,0.551286876,1.074260235,-0.442943335,0.084069163,0.46794194,1.136723399,-0.333092034,0.100182161,0.580877364,1.144451976,-0.024298167,0.003104342,0.447205722,1.152301788,0.026610032,0.003560645,0.580616891,1.551692843,-0.106823526,0.002202833,0.453450829,1.56227231,-0.045315545,0.000784471,0.577811003,1.930913329,0.115572356,0.000230372,0.454501539,1.947954178,0.050367396,7.79E-05,0.582405925,1.989012122,0.123226538,0.000227803,0.454690784,2.009702682,0.048034124,0.000149936,0.551266551,2.050583124,-0.173322365,0.000325631,0.466070473,2.060717106,-0.269788206,0.000220254
Sitting,0.490998894,0.459158659,-0.419458151,0.999634922,0.50601089,0.423008144,-0.396039605,0.999155879,0.515281498,0.423574239,-0.395972967,0.999339342,0.524080813,0.424678028,-0.395978332,0.999139547,0.482633412,0.424214721,-0.398680985,0.999283075,0.475369155,0.425569922,-0.398540437,0.999458015,0.470424414,0.426824182,-0.39877823,0.999375284,0.537776828,0.447839946,-0.225087449,0.999162316,0.470501959,0.451398522,-0.227131128,0.999481201,0.510548711,0.499387056,-0.353824914,0.999586284,0.479038537,0.498884737,-0.354408532,0.999672771,0.61636287,0.646978736,-0.122460142,0.998639643,0.419641793,0.677639961,-0.161265835,0.999264956,0.644291878,0.906960189,-0.127864167,0.453267336,0.397791594,0.941982806,-0.113966063,0.556645751,0.570576131,1.020256281,-0.312804163,0.054242637,0.45019722,1.117799282,-0.26871556,0.06933973,0.576500773,1.113048077,-0.364158332,0.057911158,0.461396307,1.185840487,-0.320897639,0.070403524,0.559873462,1.101347685,-0.38303113,0.086532831,0.476453125,1.170097709,-0.34611997,0.106649436,0.560367823,1.07915771,-0.328514785,0.079523206,0.474296004,1.138993025,-0.283451617,0.096507594,0.582173765,1.143753171,-0.021309484,0.003073454,0.448606312,1.152300835,0.023596106,0.003525669,0.581808388,1.551401138,-0.081489548,0.002101638,0.455097735,1.562417626,-0.041176133,0.000744639,0.579825103,1.931300998,0.1299759,0.000221142,0.457101405,1.948479176,0.049333908,7.32E-05,0.584475636,1.98917675,0.13784197,0.000219364,0.456967533,2.010040522,0.047054179,0.000141945,0.554104984,2.051176548,-0.132279634,0.000311342,0.470501095,2.060913801,-0.258096039,0.000206516
Sitting,0.491625369,0.459230006,-0.469836473,0.999643505,0.506765127,0.423019409,-0.445790529,0.999172151,0.516009569,0.423580498,-0.445747465,0.99935025,0.524642587,0.424685836,-0.445749909,0.999155998,0.483316809,0.424223244,-0.447547197,0.999302506,0.475964546,0.425571978,-0.447449207,0.999473095,0.47084862,0.42682755,-0.447698027,0.999394774,0.538260758,0.447784752,-0.26318863,0.999172866,0.470708996,0.451339304,-0.253917217,0.999498367,0.510936975,0.499414921,-0.399670571,0.999595106,0.479522079,0.498953998,-0.399212778,0.999683321,0.61669594,0.646928489,-0.14282617,0.998680711,0.419923007,0.676764905,-0.188173622,0.999299228,0.644325912,0.907094896,-0.143348187,0.450217515,0.398363411,0.942048669,-0.138847262,0.5606426,0.567549348,1.022344828,-0.314253151,0.05112667,0.45774278,1.116735578,-0.284735978,0.066989906,0.576268673,1.126461267,-0.36307779,0.054770295,0.471792787,1.184874415,-0.339438051,0.068039119,0.558995366,1.116816998,-0.382020175,0.082211927,0.486609161,1.168284655,-0.364456832,0.103277184,0.559789419,1.09162581,-0.328991115,0.075603582,0.483031362,1.138313055,-0.300018489,0.093506888,0.583155394,1.143132567,-0.019115224,0.003001419,0.450351715,1.151856065,0.021289885,0.003468769,0.582796574,1.551223278,-0.064789027,0.002053355,0.458772123,1.562533259,-0.035869669,0.000726872,0.580289662,1.931179643,0.168860987,0.000221014,0.461468548,1.948491096,0.070044734,7.11E-05,0.584694207,1.988817215,0.17882815,0.000217277,0.461457551,2.00931716,0.069784664,0.000139727,0.555490136,2.051337957,-0.090018243,0.000308478,0.474187136,2.061503887,-0.229814261,0.000199638
Sitting,0.491507232,0.460594088,-0.485270917,0.999648333,0.506749153,0.423590004,-0.465151221,0.999182343,0.515985131,0.424020499,-0.465106159,0.99935782,0.524632633,0.42508316,-0.465146214,0.999164045,0.483282328,0.424982905,-0.464426816,0.999312937,0.475954682,0.426259816,-0.464362711,0.999481916,0.470853239,0.427518129,-0.464583963,0.999404907,0.538279355,0.447927296,-0.281710684,0.999178648,0.47076425,0.451511919,-0.263416618,0.999507964,0.510839581,0.500289083,-0.413383961,0.99960202,0.479471833,0.500070274,-0.409229904,0.999690115,0.616943419,0.646902919,-0.150734961,0.998699486,0.420505434,0.67610836,-0.189178601,0.99932009,0.644064903,0.906570256,-0.152448535,0.445955485,0.398319364,0.942101777,-0.135158181,0.570386231,0.574161589,1.023808599,-0.338539839,0.048631985,0.459858716,1.115038395,-0.290564626,0.066355154,0.579230487,1.135138869,-0.392041206,0.052281246,0.474533498,1.181710362,-0.346398324,0.066965118,0.56139642,1.126226306,-0.411088526,0.078920476,0.489768595,1.167214155,-0.372714639,0.102011345,0.561555743,1.098465681,-0.354355901,0.07257507,0.485775411,1.136020899,-0.30582732,0.092250802,0.583778679,1.143182755,-0.02095145,0.002958439,0.452272356,1.151916027,0.023057619,0.003445698,0.583321691,1.551335692,-0.075784057,0.002078084,0.45945254,1.562931538,-0.032539014,0.000733701,0.580279827,1.931478858,0.159966439,0.000230716,0.461774528,1.948593974,0.067033276,7.14E-05,0.584668159,1.989133716,0.170116931,0.000224035,0.461991459,2.009563208,0.065800473,0.000145472,0.555297613,2.051666021,-0.100262642,0.000311142,0.473820835,2.061705589,-0.238071233,0.000199248
Sitting,0.489143521,0.460736752,-0.548252225,0.999632895,0.505348384,0.423621327,-0.526770771,0.999142528,0.514543712,0.424055904,-0.526699781,0.999324441,0.523342073,0.425119698,-0.526707113,0.999120831,0.482470661,0.42498973,-0.522898614,0.999282122,0.475648463,0.426258177,-0.522836208,0.999459982,0.470770925,0.427484334,-0.523092985,0.99938184,0.53808701,0.447980493,-0.34317705,0.99913168,0.471124351,0.451380372,-0.313569158,0.999478996,0.508722544,0.500531197,-0.476905525,0.999580204,0.478543907,0.500178158,-0.468849838,0.999671638,0.617250443,0.64751184,-0.215571836,0.998641074,0.421072423,0.675727248,-0.2051588,0.999316573,0.643785059,0.908382237,-0.224482819,0.444296926,0.398475736,0.941171288,-0.137030691,0.568345249,0.572188973,1.046253681,-0.40172106,0.046273958,0.459253073,1.114468098,-0.294133395,0.063879259,0.564483583,1.130118966,-0.453573287,0.049640309,0.473434538,1.181541443,-0.348979056,0.064408749,0.5469383,1.121487975,-0.46650815,0.075331368,0.488359451,1.165844083,-0.375697881,0.098581053,0.549352109,1.094852924,-0.413896561,0.069148183,0.48441118,1.135078311,-0.309537202,0.089081496,0.583757997,1.142608166,-0.028950745,0.002814665,0.452202648,1.149803638,0.031092301,0.003304012,0.583295345,1.551462412,-0.093070768,0.00202871,0.459394544,1.562215686,-0.021425536,0.000710012,0.579380095,1.931325316,0.154845238,0.000226721,0.460797697,1.94790864,0.086190112,6.85E-05,0.583842635,1.989008427,0.163085818,0.000217769,0.461127609,2.008905649,0.085273571,0.00014261,0.553124845,2.051567316,-0.116225943,0.000302292,0.470139176,2.061949968,-0.226045772,0.000192319
Sitting,0.48751989,0.460830659,-0.512152791,0.999641716,0.504364252,0.423666924,-0.492392838,0.999148965,0.513714075,0.424106807,-0.492355973,0.999327302,0.522744358,0.425185382,-0.492317379,0.999125898,0.481577069,0.425011694,-0.488027036,0.999290109,0.475246489,0.426260918,-0.48791641,0.999465108,0.470595419,0.427475989,-0.488186181,0.999388456,0.538048804,0.448088318,-0.323771685,0.999126673,0.471200407,0.451363385,-0.290853798,0.999479294,0.507390618,0.500610173,-0.445723116,0.999582529,0.477736056,0.500250578,-0.437286943,0.999673426,0.617512941,0.648382068,-0.211585715,0.998635709,0.421191156,0.676091611,-0.192972168,0.999323189,0.644069076,0.908996522,-0.218418315,0.429165125,0.39880994,0.94118762,-0.115811966,0.556458116,0.580271244,1.065725088,-0.370961607,0.043973025,0.45265165,1.123263836,-0.268254459,0.061780035,0.571262956,1.132741094,-0.420675099,0.047695518,0.460958004,1.192661643,-0.31999895,0.062886842,0.552353323,1.12378633,-0.439652681,0.072981551,0.477293909,1.182033062,-0.349567682,0.096950829,0.553864598,1.096463323,-0.38539052,0.066964231,0.476044506,1.150379062,-0.285186887,0.087809987,0.586191773,1.144973636,-0.028847348,0.002620969,0.454248101,1.1539886,0.031028826,0.003090587,0.586848974,1.553050756,-0.088341162,0.001916319,0.46400255,1.565892935,-0.018615749,0.000664962,0.583118796,1.931493521,0.156317368,0.000212929,0.466888756,1.947955847,0.096183598,6.35E-05,0.587789178,1.989181519,0.166098237,0.000204086,0.467549145,2.009071112,0.09687978,0.000133258,0.556214154,2.051642418,-0.110443041,0.000283646,0.476761401,2.06216073,-0.202976033,0.000180155
Sitting,0.488168538,0.461467743,-0.52339828,0.999647021,0.504794419,0.424018532,-0.501927972,0.999155939,0.514094114,0.424455613,-0.501895308,0.999330997,0.523074865,0.425558627,-0.501872182,0.999129474,0.481959641,0.425250232,-0.501574814,0.999299705,0.475483954,0.426460743,-0.501533747,0.999473512,0.470799774,0.427679658,-0.501783371,0.999398172,0.538253129,0.448395789,-0.324133426,0.999126136,0.471291244,0.451411813,-0.312569499,0.9994874,0.507707894,0.501449645,-0.453867108,0.999587357,0.478188366,0.501069248,-0.45096001,0.999677956,0.617484331,0.648728013,-0.20354262,0.998644471,0.421194792,0.675910473,-0.20645082,0.999339521,0.642348707,0.909016728,-0.217640832,0.426889211,0.39904964,0.940860748,-0.119998261,0.557421863,0.58003515,1.064882874,-0.364310801,0.042555917,0.450017035,1.122095942,-0.273359746,0.061048884,0.568231225,1.130348325,-0.414228052,0.046302777,0.456425428,1.19139111,-0.328325421,0.062124748,0.550487459,1.12166965,-0.435012162,0.07120122,0.472355515,1.180607319,-0.351197362,0.096157506,0.552360773,1.094775438,-0.379374027,0.065297201,0.471636683,1.148982167,-0.287791371,0.087249987,0.586108565,1.145000458,-0.027707025,0.002557311,0.454738617,1.154128551,0.029770508,0.003042486,0.586625516,1.552906513,-0.079384789,0.001899829,0.464060158,1.565897226,-0.021499977,0.000652025,0.583011091,1.930293918,0.164586097,0.000214353,0.468168408,1.947194099,0.093544059,6.21E-05,0.587556899,1.987556577,0.175063446,0.000203619,0.469256103,2.007385731,0.094047427,0.000132879,0.557166219,2.050041676,-0.099829316,0.000281749,0.47876367,2.061156988,-0.206084341,0.000177315
Sitting,0.488300174,0.462549388,-0.387284279,0.999659359,0.504920065,0.424558342,-0.367986202,0.999184072,0.514250636,0.424918205,-0.367897928,0.999348581,0.52324748,0.425986737,-0.367907822,0.999160409,0.481991142,0.425874501,-0.368767291,0.999328315,0.475505173,0.427054048,-0.36861223,0.999492168,0.470848501,0.428266615,-0.368796855,0.999423563,0.538438439,0.448538333,-0.212851644,0.999148369,0.471398443,0.451629549,-0.20601356,0.999509811,0.507862449,0.502161324,-0.327120274,0.999601483,0.478369862,0.502101064,-0.325123221,0.999690652,0.61749208,0.648380041,-0.12097194,0.998710513,0.421274573,0.676142991,-0.151805967,0.999380887,0.642485797,0.904223144,-0.107793227,0.420402378,0.401151568,0.940880775,-0.091207638,0.552728474,0.590497673,1.069737911,-0.236090779,0.040065147,0.445094913,1.127267599,-0.223766759,0.059086412,0.584174097,1.13116765,-0.277863055,0.043851916,0.447890759,1.195463419,-0.271063,0.060606644,0.566507876,1.122979879,-0.297399342,0.067652874,0.463310629,1.186051369,-0.298339188,0.093789071,0.566738307,1.096487761,-0.251098573,0.062322397,0.464384615,1.155516028,-0.239957377,0.085737064,0.587078631,1.14326036,-0.021021558,0.002503821,0.456086725,1.152791739,0.023098309,0.003008463,0.587387919,1.551416159,-0.035740785,0.001779855,0.465715587,1.564025044,-0.020289164,0.000614447,0.586117625,1.927779675,0.202747464,0.000200785,0.471697479,1.944040895,0.095560126,5.79E-05,0.590857744,1.983742595,0.214280277,0.000190971,0.472329706,2.001824856,0.097851567,0.000124331,0.56246841,2.048149347,-0.034094885,0.000264615,0.485962391,2.059851408,-0.188728422,0.00016556
Sitting,0.48830986,0.462870628,-0.505102396,0.999659896,0.504909873,0.424779803,-0.478574991,0.999188542,0.514240384,0.425119936,-0.478492558,0.999355912,0.523244262,0.426185519,-0.478500068,0.99916923,0.481974304,0.426081508,-0.4824377,0.999328196,0.475497335,0.427221477,-0.482297748,0.999493539,0.470852286,0.42841199,-0.482508361,0.999422729,0.53845346,0.448583007,-0.284053564,0.999168992,0.471461356,0.451669663,-0.291740537,0.999512136,0.507871687,0.502469182,-0.429510772,0.999600112,0.478386402,0.502367795,-0.431868613,0.999687493,0.617723703,0.646071613,-0.152834713,0.998724222,0.421381086,0.676139474,-0.200403526,0.99936682,0.642659903,0.904393613,-0.120822154,0.415569723,0.402199328,0.94046402,-0.146048352,0.551825106,0.578311741,1.037115932,-0.293484241,0.038619924,0.485306174,1.056456804,-0.275572628,0.057631291,0.581922829,1.127258301,-0.342558146,0.042238791,0.490301371,1.159636021,-0.329241395,0.059321001,0.564672947,1.118883371,-0.362080902,0.065336175,0.500548482,1.139262915,-0.344075978,0.091762602,0.565495372,1.092312574,-0.308803767,0.060417678,0.493868649,1.111095667,-0.286115944,0.083758265,0.587621093,1.136247873,-0.020310985,0.002460313,0.456192821,1.147163391,0.022477785,0.00294814,0.588626802,1.542884827,-0.071127422,0.001690442,0.466746807,1.558295131,-0.033036411,0.000595073,0.586334348,1.920097232,0.164397672,0.000189403,0.471745312,1.941938281,0.064874947,5.54E-05,0.590715289,1.975828767,0.174063802,0.00018071,0.472473294,2.000572205,0.062995844,0.000118314,0.562722802,2.041457176,-0.110757783,0.000255804,0.48485288,2.057231665,-0.245456055,0.000160065
Sitting,0.486117452,0.462878406,-0.464463323,0.999653518,0.503391147,0.424859196,-0.443084002,0.999168634,0.512720466,0.425218165,-0.443042278,0.999334812,0.521888912,0.426306963,-0.443053246,0.999146521,0.481108904,0.426114529,-0.439804643,0.99931246,0.475159019,0.427227616,-0.439677,0.999478519,0.470736653,0.428404987,-0.439907789,0.999407828,0.538223863,0.448769987,-0.27039814,0.999136448,0.471878916,0.451549798,-0.246470377,0.999492288,0.506205499,0.502488494,-0.398424715,0.999592125,0.477453798,0.502296865,-0.391292095,0.999679744,0.617292047,0.646045983,-0.158442363,0.998739421,0.42138195,0.675988913,-0.154883847,0.999370813,0.641664505,0.904454291,-0.140482455,0.410483986,0.400547922,0.940475821,-0.095610999,0.543787181,0.569544792,1.019608736,-0.320084691,0.037773889,0.460500479,1.089328289,-0.257285118,0.055744577,0.573840499,1.118633509,-0.378091365,0.041770697,0.464738369,1.172206283,-0.311113864,0.057907607,0.556226611,1.108834028,-0.393995583,0.065047689,0.47966361,1.15784514,-0.338647276,0.090002991,0.557348073,1.083341002,-0.334361285,0.060072422,0.477703899,1.128226399,-0.273888201,0.082466274,0.587112606,1.136552215,-0.02800113,0.00233931,0.456140906,1.147333622,0.030247444,0.002802486,0.588521779,1.543232203,-0.092559911,0.001602724,0.466392666,1.5583781,-0.020305775,0.000559641,0.586118102,1.920717001,0.134309411,0.000179737,0.471087843,1.941610336,0.075888544,5.15E-05,0.590413988,1.976650953,0.143647105,0.00017155,0.471808493,2.000447035,0.074830554,0.000111659,0.562557101,2.041594267,-0.133477733,0.000240521,0.484738648,2.056166172,-0.22641027,0.000149416
Sitting,0.486171633,0.463395,-0.409495294,0.999668896,0.503421247,0.42548731,-0.390134901,0.999203205,0.512763798,0.425865442,-0.390074193,0.999361396,0.521937251,0.427010566,-0.390077144,0.999182284,0.481118262,0.426484764,-0.388962746,0.999341071,0.475175202,0.42744115,-0.388805777,0.999498487,0.470787525,0.428503513,-0.389005005,0.99943006,0.538233936,0.449152261,-0.231648892,0.999166489,0.472263902,0.451426476,-0.216827661,0.999511719,0.506244838,0.503103495,-0.348251164,0.999608517,0.477457613,0.502508879,-0.343954086,0.999692678,0.616959214,0.64600724,-0.136339903,0.998802483,0.42152518,0.675726295,-0.142875552,0.99939996,0.641443491,0.904334962,-0.122188941,0.401253313,0.399678588,0.939031541,-0.080881856,0.530438721,0.58449018,1.048388362,-0.280490249,0.036494277,0.445963234,1.113172054,-0.224991009,0.053718373,0.585298061,1.120829225,-0.328213841,0.040916089,0.448004633,1.186516404,-0.272805423,0.056299973,0.567408264,1.11284852,-0.350358874,0.064130202,0.463615119,1.178833365,-0.302615374,0.087763585,0.566516101,1.086712718,-0.296832651,0.059273507,0.464199632,1.148077607,-0.242456794,0.080792084,0.586602628,1.136763215,-0.027179161,0.002264295,0.456093967,1.147161365,0.029406702,0.00271038,0.587018907,1.543171167,-0.065507621,0.001520816,0.465752125,1.558049321,-0.012892097,0.000525264,0.585318029,1.920295835,0.168313116,0.000171512,0.470543802,1.940058947,0.098410942,4.80E-05,0.589737892,1.976518869,0.179491699,0.00016382,0.471036285,1.998669982,0.100072183,0.000104963,0.562050104,2.04026556,-0.075531736,0.000228688,0.484628588,2.054168701,-0.187797368,0.000140164
Sitting,0.486141771,0.463426858,-0.513020396,0.999672413,0.503377974,0.425510406,-0.48730725,0.999205291,0.512732863,0.425921321,-0.487276495,0.999366403,0.521921277,0.427109152,-0.487247169,0.999184787,0.481104761,0.426493764,-0.488856792,0.99934119,0.47517395,0.427429318,-0.488763332,0.999501109,0.470799536,0.428464204,-0.489015192,0.999429107,0.538222909,0.449288249,-0.295724452,0.999172688,0.472466648,0.451387495,-0.293075532,0.99950999,0.506198108,0.5034374,-0.439084709,0.999606192,0.477450997,0.502583861,-0.438577026,0.999689877,0.616943121,0.64682591,-0.174063861,0.998782277,0.421299934,0.675865173,-0.192382723,0.999368668,0.64067781,0.906301737,-0.175566703,0.397077769,0.399826884,0.939335048,-0.136347234,0.524080157,0.570777416,1.027190566,-0.359644353,0.035272963,0.458830923,1.10279274,-0.296739429,0.051835023,0.563286424,1.120901942,-0.414776742,0.039652191,0.472004563,1.168109298,-0.353780687,0.054551695,0.545773864,1.1121099,-0.434227943,0.062506199,0.485122681,1.1537292,-0.378834128,0.08535327,0.548093557,1.085443139,-0.375057876,0.057681445,0.480775595,1.123524547,-0.311739743,0.078406505,0.586685538,1.136817455,-0.027097996,0.002167575,0.456035674,1.148757815,0.029308602,0.002587879,0.588348985,1.543053985,-0.08332888,0.001496365,0.466661394,1.558131695,-0.022207314,0.000512873,0.586676955,1.919579268,0.150198311,0.00016783,0.471770704,1.939953566,0.081165336,4.67E-05,0.591131449,1.976228476,0.159711331,0.000159848,0.472525358,1.998948336,0.080181867,0.0001026,0.562871158,2.039707422,-0.122396506,0.000224686,0.48469314,2.053395987,-0.221572131,0.000136995
Sitting,0.486577809,0.463668436,-0.347844839,0.999669373,0.503586948,0.425791621,-0.329882234,0.999193549,0.51289326,0.426226974,-0.329781175,0.999349058,0.522021711,0.427475452,-0.329785019,0.999177277,0.481362194,0.426658243,-0.330052346,0.999343455,0.475345522,0.427535683,-0.329930127,0.999498606,0.470957667,0.42855081,-0.330136687,0.999433935,0.538228631,0.449516505,-0.187503681,0.999138236,0.472750604,0.451379597,-0.1786201,0.999511182,0.506486773,0.50350225,-0.292841494,0.999596059,0.477786839,0.502640426,-0.290144295,0.999687672,0.616898119,0.646530211,-0.112457536,0.998805463,0.421781301,0.675835729,-0.135355771,0.999396861,0.640843928,0.904486775,-0.105432175,0.390047401,0.398860157,0.939072251,-0.095653623,0.5165205,0.572333932,1.020571947,-0.220271543,0.034064304,0.451044708,1.113611937,-0.213188529,0.050594091,0.57396543,1.116764307,-0.259687364,0.038623195,0.458584309,1.178437948,-0.255721569,0.053561158,0.557294428,1.10801208,-0.273741782,0.060897652,0.473084301,1.166109204,-0.278752685,0.083552748,0.55799526,1.083061934,-0.232363388,0.056460921,0.472147316,1.136701465,-0.226989552,0.077329703,0.587221444,1.134663582,-0.022637833,0.002176667,0.456913173,1.147413254,0.024639184,0.002618738,0.588261604,1.540030122,-0.038685359,0.001442397,0.466755003,1.555238008,-0.017528411,0.0004972,0.587583721,1.915964365,0.182691365,0.000162361,0.472507,1.934685469,0.088885114,4.47E-05,0.592009664,1.971439958,0.193300813,0.000155,0.473032475,1.991631269,0.090904489,9.80E-05,0.565882802,2.036278486,-0.046004724,0.000217529,0.486877441,2.049153566,-0.183767289,0.000130762
Sitting,0.487289906,0.463730961,-0.371530145,0.999654949,0.504012406,0.42580837,-0.354083478,0.999160826,0.513263404,0.426245064,-0.35404256,0.999321461,0.522321165,0.427492559,-0.354146957,0.999143898,0.481781662,0.426692694,-0.353107959,0.999323726,0.475642502,0.427589446,-0.352976143,0.999484599,0.471168339,0.428651214,-0.353192717,0.999420583,0.538370252,0.449533135,-0.204028964,0.999093533,0.472906649,0.451484174,-0.189554304,0.999502778,0.507272124,0.503555894,-0.312798977,0.99958384,0.478307903,0.502665222,-0.30837208,0.999684393,0.616894066,0.646095455,-0.11318592,0.998797834,0.421933234,0.675383627,-0.128293395,0.999420643,0.641258121,0.901884913,-0.09257336,0.379309326,0.398910105,0.939684033,-0.073741138,0.517389119,0.605815828,1.040756941,-0.228274375,0.032091562,0.448487699,1.122654676,-0.207259327,0.049806833,0.610737324,1.117008924,-0.27061066,0.036518622,0.454237849,1.18864572,-0.251684338,0.052405916,0.593173742,1.108546495,-0.294659495,0.0576488,0.469060898,1.178669095,-0.279155076,0.081608906,0.589473546,1.083392382,-0.244977161,0.053699419,0.469234526,1.148477316,-0.222598583,0.075940326,0.587238431,1.133289456,-0.022854332,0.002195962,0.457092434,1.144339681,0.02481628,0.002661661,0.588298023,1.537311673,-0.050938129,0.001382538,0.466463029,1.55044663,-0.012248977,0.000479419,0.588159919,1.912864208,0.179640114,0.00016029,0.472035348,1.929208159,0.089404739,4.39E-05,0.592808664,1.968321562,0.189638495,0.000153947,0.472075224,1.986403227,0.091113843,9.75E-05,0.565829635,2.033889294,-0.068779483,0.000209889,0.486235052,2.043753624,-0.184565336,0.000126391
Sitting,0.487444073,0.46374622,-0.39921844,0.999650359,0.504173577,0.425819278,-0.383524716,0.999148667,0.513442993,0.426260173,-0.383427799,0.999310374,0.522497773,0.427517205,-0.383476496,0.999134541,0.481864631,0.426702321,-0.381571829,0.999309719,0.475697339,0.427598029,-0.381476372,0.99947089,0.471233189,0.428660214,-0.381693423,0.99940604,0.538446188,0.449586183,-0.225541502,0.999080002,0.472965151,0.451487005,-0.212896347,0.999490976,0.507429004,0.503576934,-0.340276778,0.999581754,0.478453308,0.502677381,-0.334662735,0.999679089,0.616792917,0.647107124,-0.125869617,0.998826742,0.421818405,0.675378621,-0.137671158,0.999420226,0.64101398,0.903261065,-0.100229003,0.386939108,0.399002135,0.939722419,-0.073825642,0.518976092,0.573492646,1.00405407,-0.302442372,0.032707423,0.448676169,1.122093201,-0.224116206,0.048734445,0.583893239,1.102584958,-0.354839206,0.036864519,0.455248743,1.188583255,-0.272672653,0.051318284,0.569277883,1.090307832,-0.367812008,0.058226485,0.469628721,1.177626729,-0.300467402,0.080084138,0.569090009,1.06693244,-0.31521219,0.0542432,0.46932584,1.146891594,-0.239987329,0.07481806,0.58656311,1.133483768,-0.023797829,0.002168032,0.45615381,1.144378424,0.02582157,0.002614981,0.587408781,1.537585735,-0.056482852,0.001342508,0.46467942,1.550825119,-0.011439715,0.000463611,0.586849809,1.913004875,0.178071097,0.000155448,0.470551789,1.929055333,0.100873724,4.20E-05,0.591537654,1.96862185,0.188584507,0.000148991,0.470804363,1.986097097,0.102537118,9.54E-05,0.564271033,2.033387184,-0.076480925,0.000201076,0.484897763,2.044093609,-0.187563837,0.000121658
Sitting,0.486755043,0.463834167,-0.361892223,0.999621868,0.503617525,0.425852656,-0.345748037,0.999057114,0.512896061,0.426279157,-0.345686018,0.999229372,0.521986604,0.427528501,-0.345701993,0.999039233,0.481475025,0.426845938,-0.343115062,0.999254286,0.475503355,0.427765399,-0.343015611,0.999429286,0.471163511,0.428833008,-0.343243808,0.999367416,0.538348734,0.449618161,-0.204258442,0.998953223,0.47307229,0.451507539,-0.182418481,0.999455214,0.506955624,0.503590405,-0.306822389,0.999538124,0.478120953,0.502688527,-0.300320327,0.999655485,0.616886973,0.647866368,-0.119879805,0.998734295,0.42233634,0.674503386,-0.12778002,0.999428689,0.641711354,0.903175294,-0.099571049,0.378697604,0.399056405,0.938474894,-0.076350205,0.520738661,0.576738954,1.009685993,-0.208063245,0.03187586,0.4526577,1.118389249,-0.198488459,0.048466172,0.589266956,1.103276968,-0.245894581,0.0359894,0.462945938,1.186246395,-0.240863368,0.050889596,0.574053288,1.092879653,-0.260656029,0.056754325,0.478729576,1.174043894,-0.261242211,0.079141408,0.5732162,1.069769144,-0.219846293,0.053303953,0.476825774,1.143540382,-0.210676908,0.074339867,0.586730123,1.133630514,-0.02379824,0.002169083,0.456377029,1.144443274,0.025815183,0.002648784,0.587460279,1.537748337,-0.038088508,0.001304088,0.465044558,1.550829411,-0.004475396,0.000458903,0.586841166,1.912312865,0.198321566,0.000151098,0.470764458,1.92815721,0.116996348,4.12E-05,0.591477871,1.967273235,0.210102394,0.000144647,0.471219867,1.984995723,0.121079132,9.47E-05,0.564183116,2.033457518,-0.035499044,0.000194077,0.48461923,2.043307304,-0.15500848,0.00011978
Sitting,0.486793578,0.463833451,-0.390225142,0.999626279,0.503626287,0.425868988,-0.370743275,0.999070704,0.512905478,0.426295727,-0.370721281,0.999234319,0.521994948,0.427546859,-0.370755434,0.99905169,0.481483221,0.426856488,-0.369275033,0.999264657,0.475506157,0.427787513,-0.369159341,0.999432981,0.471171558,0.428853661,-0.369380087,0.999375284,0.538350582,0.44962886,-0.21272853,0.998957217,0.47308439,0.451510251,-0.195340723,0.999458134,0.506976545,0.503566146,-0.329207987,0.999547958,0.47813648,0.502656102,-0.324257046,0.999661624,0.616663873,0.647899926,-0.123004749,0.998760581,0.42252183,0.67442131,-0.124854639,0.999439716,0.641240299,0.902753532,-0.110995688,0.374945432,0.400028408,0.938555717,-0.066827342,0.52192533,0.57674098,1.012938976,-0.242696762,0.031077255,0.448283851,1.124278903,-0.210391805,0.048290864,0.589075327,1.105435491,-0.281046569,0.035325821,0.45400539,1.192355394,-0.257854402,0.050675396,0.573901057,1.09601903,-0.291592658,0.055866279,0.469650835,1.182572007,-0.283714116,0.078894854,0.573058486,1.072192192,-0.254461855,0.052536495,0.469894886,1.152225256,-0.226038054,0.074510388,0.586733937,1.133848906,-0.02547631,0.002172841,0.457658529,1.145451784,0.027454358,0.002662677,0.588649154,1.537869215,-0.04279384,0.00127651,0.468854666,1.551025391,-0.00412261,0.000449293,0.58913815,1.911343575,0.188576683,0.000150345,0.475101471,1.927581787,0.117956638,4.05E-05,0.593817055,1.96581912,0.199680418,0.000143197,0.47550565,1.984616756,0.121574834,9.56E-05,0.566736042,2.031952858,-0.054681458,0.000188044,0.487789869,2.040734291,-0.161439568,0.000117666
Sitting,0.486828864,0.46288082,-0.489503443,0.999624789,0.503632009,0.425528347,-0.466653168,0.999072075,0.512905955,0.426005721,-0.466636032,0.999237597,0.521991014,0.427260458,-0.466667235,0.999050379,0.481485605,0.426577538,-0.467186451,0.999261856,0.475504249,0.427580714,-0.467120886,0.999431789,0.471173763,0.428685009,-0.467340887,0.999369442,0.5383479,0.449374616,-0.285149246,0.998966157,0.473081768,0.451431811,-0.278461814,0.999453664,0.507033229,0.502635121,-0.419048399,0.999551296,0.478140265,0.501677752,-0.417202234,0.999660611,0.61663878,0.647901297,-0.164998695,0.998768449,0.422627211,0.674422264,-0.172843903,0.999423265,0.641343296,0.903100908,-0.161854476,0.379780352,0.400441736,0.939221799,-0.107274547,0.524539173,0.570696175,1.012110353,-0.345332921,0.032234553,0.451743931,1.119075894,-0.270709962,0.048637547,0.574269414,1.104678631,-0.399481297,0.036517486,0.460305631,1.185384274,-0.324834317,0.050926201,0.558275938,1.093661189,-0.416913271,0.057888519,0.475857437,1.17391634,-0.35380584,0.079485863,0.559499085,1.069083571,-0.35953334,0.05409858,0.474471867,1.143215299,-0.287000835,0.074802503,0.58661449,1.134160161,-0.025897339,0.00218183,0.457763195,1.145966649,0.027882511,0.002654947,0.588610709,1.538013339,-0.07971406,0.001325425,0.468635619,1.551084757,-0.009954682,0.00045683,0.58903414,1.911455631,0.145325005,0.000158857,0.474829048,1.927884459,0.094429851,4.14E-05,0.593679965,1.966105461,0.154723391,0.000151154,0.475179613,1.984778166,0.094381146,0.000100209,0.566389203,2.031659842,-0.118163526,0.000193322,0.486676514,2.041052818,-0.197677225,0.000120312
Sitting,0.486880243,0.462868124,-0.471008718,0.999622643,0.503626585,0.425552756,-0.448916912,0.999066055,0.512886107,0.426023275,-0.448919773,0.999231398,0.521955729,0.427268952,-0.448954821,0.999040782,0.481487811,0.42665711,-0.448629439,0.999254584,0.475504726,0.427694917,-0.44854027,0.999425769,0.471176714,0.4288221,-0.448772758,0.999362588,0.538263679,0.449381292,-0.273426771,0.998951674,0.473080307,0.451508492,-0.264633,0.999449551,0.507070005,0.502552569,-0.402953804,0.999552965,0.478144258,0.50158447,-0.39988789,0.99966222,0.616638064,0.647854149,-0.163661867,0.998780191,0.422624201,0.676278114,-0.167353958,0.999421537,0.642461658,0.903057635,-0.153340355,0.373567879,0.400364816,0.942344427,-0.090925276,0.524507344,0.576988518,1.012296915,-0.330128133,0.031227114,0.447287947,1.128164053,-0.263936222,0.048398409,0.589810014,1.116128683,-0.384035736,0.035677351,0.453624308,1.195518613,-0.315658182,0.050678343,0.571251452,1.106525064,-0.409569442,0.05681733,0.469976425,1.184883118,-0.345582902,0.079400249,0.570621967,1.079264879,-0.34733516,0.053078759,0.469561875,1.153725982,-0.279396653,0.074849345,0.586888969,1.138111711,-0.026405359,0.002125443,0.458250463,1.151244402,0.028416619,0.00260376,0.589894772,1.539941549,-0.071161926,0.001310384,0.470147759,1.555237889,-0.008575203,0.000450351,0.589715362,1.911701918,0.184053153,0.000158166,0.476148456,1.92951417,0.123217881,4.10E-05,0.594244599,1.96637392,0.196062937,0.000149278,0.476798475,1.986869812,0.126572981,0.000101328,0.566950738,2.031797886,-0.071354434,0.000189282,0.487557173,2.041147947,-0.168426245,0.000118702
Sitting,0.48785001,0.462994516,-0.493139356,0.999633133,0.504399121,0.425685257,-0.46920386,0.999094188,0.513633609,0.426189125,-0.469202429,0.999252498,0.522598147,0.427484393,-0.469206423,0.999066889,0.481932968,0.42677933,-0.471331894,0.999275029,0.475725353,0.427821636,-0.471235663,0.999440968,0.4712933,0.428964883,-0.471467644,0.999379814,0.538485229,0.449593306,-0.284324944,0.998980939,0.473085642,0.451604009,-0.284351289,0.999465823,0.507961094,0.502705753,-0.421634972,0.999567151,0.478459895,0.50166595,-0.421700329,0.999673069,0.61658603,0.648901939,-0.164110973,0.998782575,0.42260462,0.676732123,-0.18419838,0.999404132,0.643240213,0.908129394,-0.163068369,0.371457279,0.400233328,0.944066525,-0.121317007,0.522448242,0.576274395,1.013271451,-0.359350801,0.030761631,0.447400093,1.122753263,-0.304602474,0.047762256,0.58515799,1.121272564,-0.416363806,0.035341792,0.454316705,1.187598944,-0.362343013,0.050151642,0.566856027,1.109759927,-0.436951339,0.056544628,0.470605761,1.173233867,-0.393845677,0.078928381,0.566827357,1.082843661,-0.375710011,0.052738629,0.469852149,1.142966151,-0.322179586,0.074324891,0.586746216,1.139761209,-0.026397532,0.002067949,0.457888752,1.153517962,0.028407928,0.002518789,0.58987397,1.54135859,-0.071109086,0.001336551,0.469991982,1.557944059,-0.009898046,0.000449923,0.589475036,1.913224459,0.181089416,0.000161999,0.475802749,1.93129003,0.117316701,4.08E-05,0.594063878,1.968199611,0.192445204,0.000150066,0.476421535,1.988806844,0.120040216,0.000102181,0.565871716,2.033540249,-0.077678859,0.000187816,0.487291723,2.043497324,-0.174154967,0.000118415
Sitting,0.488037169,0.463005483,-0.437716186,0.999622881,0.504517138,0.425801247,-0.417556852,0.999078155,0.51377666,0.426343441,-0.417507321,0.999230206,0.522743106,0.427674055,-0.417606592,0.999048889,0.48202005,0.426873952,-0.417257786,0.999265492,0.475781143,0.427921683,-0.417110384,0.999429464,0.471343279,0.429074764,-0.41732651,0.999375165,0.538609743,0.449813873,-0.254651219,0.99895221,0.4731372,0.451703429,-0.243012786,0.999461532,0.508250594,0.502728164,-0.374928147,0.999566376,0.47861734,0.501671076,-0.371168315,0.99967438,0.616577625,0.649890304,-0.155745313,0.998782098,0.422604889,0.676744461,-0.163987607,0.999421358,0.643557847,0.909543633,-0.152097628,0.370301276,0.399147838,0.943961024,-0.100406647,0.524135351,0.576293588,1.014537334,-0.306014955,0.029414445,0.440221161,1.12817812,-0.252996415,0.047308512,0.590279818,1.124176621,-0.352605432,0.033785172,0.445161432,1.194007397,-0.298811167,0.049507193,0.571708381,1.114205956,-0.367062718,0.054085754,0.460520655,1.181138396,-0.329629302,0.077857092,0.571054935,1.087402344,-0.318855107,0.050598938,0.460625231,1.151285291,-0.269797087,0.073640361,0.586390376,1.140013576,-0.02737532,0.002063336,0.456584364,1.152773499,0.029370883,0.002527399,0.587635636,1.542812467,-0.048448566,0.001291239,0.465030581,1.557866096,0.006675137,0.000433323,0.586233795,1.913515568,0.211582989,0.000158882,0.468227923,1.93097806,0.148649812,3.95E-05,0.590802848,1.968312979,0.22462137,0.00014595,0.467993677,1.988072395,0.154085472,9.98E-05,0.562333226,2.034125328,-0.032061595,0.000180162,0.480452448,2.043562174,-0.133861586,0.000114044
Sitting,0.491878897,0.464294642,-0.429774672,0.999633431,0.507280946,0.426956296,-0.407877386,0.999114811,0.516419172,0.427531511,-0.407808959,0.9992553,0.524719536,0.428868055,-0.407907307,0.999085844,0.484146029,0.427885741,-0.409876585,0.999295115,0.477392673,0.428756893,-0.409725487,0.999449372,0.472184092,0.430011362,-0.409906238,0.999400914,0.539430737,0.450547844,-0.236914039,0.998987257,0.473217338,0.452121228,-0.2369124,0.999483943,0.511798501,0.503922105,-0.364092797,0.999584377,0.481111914,0.502820313,-0.363566101,0.999688864,0.61657393,0.650266707,-0.135155231,0.9988361,0.422603786,0.677137077,-0.157321841,0.999447286,0.643972874,0.909929752,-0.127539486,0.374201834,0.399034679,0.944256485,-0.092664786,0.528758764,0.576567531,1.014752626,-0.291083902,0.02849734,0.439319074,1.129861355,-0.246336699,0.046865098,0.592628658,1.123628616,-0.339218527,0.032742962,0.443591207,1.195721984,-0.292592824,0.048915375,0.573916912,1.113853097,-0.355512887,0.052502152,0.459289938,1.184133768,-0.324385345,0.076981299,0.573143184,1.087270498,-0.305031478,0.049138334,0.459403336,1.154357314,-0.263397723,0.073033944,0.586349607,1.140033364,-0.027329853,0.002094922,0.456582218,1.152123451,0.029329911,0.002555762,0.58685708,1.543432951,-0.050583761,0.001275653,0.464115292,1.557847738,0.003420422,0.000423119,0.58498174,1.914250016,0.200938463,0.000161825,0.467196524,1.931030393,0.135516554,3.87E-05,0.589408338,1.969125032,0.212936044,0.000147625,0.466761053,1.987933517,0.139371321,9.93E-05,0.561424732,2.034311533,-0.047306642,0.000177878,0.479925394,2.043969631,-0.150376767,0.000110828
Sitting,0.491904974,0.464297652,-0.423532099,0.999643147,0.507429838,0.426962525,-0.402024657,0.999142647,0.516555309,0.427544177,-0.401953936,0.999273539,0.524882555,0.428893417,-0.402012974,0.999114037,0.484376729,0.427899808,-0.404410899,0.999318898,0.477614105,0.428783029,-0.404246032,0.999464333,0.472380251,0.430047065,-0.404432625,0.99942106,0.539543033,0.450567126,-0.232289955,0.999013841,0.473337471,0.452123731,-0.233691141,0.999502182,0.511835396,0.503974855,-0.358054817,0.999598384,0.4811562,0.502876937,-0.358154446,0.999700665,0.616563261,0.651789963,-0.130635396,0.99886328,0.422637075,0.677136302,-0.157824442,0.999462903,0.643323779,0.912542641,-0.126666337,0.369125336,0.398954272,0.944224119,-0.101002261,0.529793918,0.576575875,1.015161395,-0.293130666,0.027546316,0.440253198,1.129302979,-0.25635621,0.046822775,0.591911912,1.12539947,-0.342372894,0.031970784,0.445105612,1.195501208,-0.305289894,0.048978191,0.57329458,1.114875793,-0.35973528,0.051440056,0.460726559,1.183669686,-0.336318761,0.077175081,0.572660744,1.088767648,-0.307648003,0.048196878,0.460470587,1.15423739,-0.273382723,0.073392458,0.58637166,1.141464949,-0.025919896,0.002052038,0.456581205,1.153645754,0.027975341,0.002500382,0.587084651,1.54530406,-0.052177142,0.001254832,0.464582741,1.560149431,-0.008664172,0.000411591,0.585522711,1.916701555,0.188376784,0.000159674,0.467555583,1.933794618,0.103926823,3.71E-05,0.590143085,1.97127521,0.198104933,0.00014581,0.467052549,1.990552664,0.106094502,9.61E-05,0.561504483,2.037813425,-0.05891211,0.000171482,0.480253786,2.047979832,-0.182306737,0.00010648
Sitting,0.492382675,0.465578198,-0.476149559,0.999655664,0.508016586,0.427910179,-0.453993082,0.999175787,0.517136455,0.428536296,-0.453932911,0.999296665,0.525423288,0.429930925,-0.453961134,0.999143779,0.484803051,0.428592473,-0.455522627,0.999346495,0.47792381,0.429369301,-0.455409378,0.99948442,0.472601742,0.430587083,-0.455605686,0.999444962,0.539878786,0.45125401,-0.276125878,0.999043643,0.473409235,0.452355057,-0.274201989,0.999521971,0.512161553,0.505069196,-0.407457054,0.99961412,0.481579393,0.50401026,-0.406747282,0.9997136,0.616562545,0.654098392,-0.168173939,0.998886526,0.422599405,0.678259134,-0.178480953,0.999478698,0.642327309,0.921172917,-0.166724667,0.373940349,0.398494393,0.947528243,-0.111660838,0.531925499,0.569215119,1.019442201,-0.331906199,0.02707793,0.432464778,1.133341789,-0.273485452,0.046776157,0.577385783,1.13227129,-0.382961512,0.031391107,0.433922678,1.199159622,-0.322787315,0.048892144,0.558781028,1.121915579,-0.396951377,0.050648786,0.449787766,1.189416647,-0.357929885,0.077288136,0.560048699,1.095446348,-0.344648778,0.047392461,0.450878382,1.160043716,-0.29219228,0.073708937,0.586499453,1.147851944,-0.026817665,0.002043609,0.456955284,1.159184813,0.028858688,0.002506425,0.587161899,1.552836299,-0.045956001,0.001277643,0.465044022,1.56671977,0.004237945,0.000408582,0.585506439,1.921643734,0.216790229,0.000163215,0.468096793,1.93774581,0.148627967,3.68E-05,0.590084732,1.976269722,0.229472473,0.000146682,0.467710555,1.994446874,0.153684229,9.70E-05,0.561481833,2.042675734,-0.033047024,0.00017073,0.48038888,2.052192688,-0.139731914,0.000104833
Sitting,0.492337942,0.46555841,-0.521833122,0.999657035,0.508002162,0.427948803,-0.498298019,0.999186695,0.517150402,0.428594202,-0.498262644,0.999303997,0.525476575,0.429992795,-0.498289734,0.999152541,0.484809935,0.428626418,-0.500335097,0.999351561,0.477939308,0.429420501,-0.500246763,0.999487519,0.472635597,0.430642545,-0.500434518,0.999448359,0.540037692,0.451377332,-0.31168595,0.999061644,0.473437011,0.452534527,-0.311146438,0.999525666,0.512232125,0.505166113,-0.449758708,0.999620855,0.481640667,0.504038751,-0.449536562,0.999717057,0.616738677,0.654276371,-0.190994024,0.998884916,0.422600567,0.678281128,-0.201894566,0.999450803,0.643145442,0.921537519,-0.178600639,0.38045302,0.398297369,0.947445095,-0.132494122,0.536128342,0.566860199,1.019585609,-0.350034982,0.02768125,0.439929187,1.122892618,-0.306836039,0.046844218,0.57491076,1.136331439,-0.405668318,0.031896487,0.447187811,1.187271595,-0.361792684,0.048958618,0.555599809,1.125859976,-0.424822032,0.051585186,0.462933004,1.171953797,-0.395272106,0.077672549,0.549891829,1.035471201,-0.364943445,0.048265908,0.46137768,1.142886877,-0.324842542,0.073865622,0.58621186,1.147770882,-0.027957037,0.002014119,0.456757784,1.158936858,0.029999459,0.002437981,0.586978734,1.553604007,-0.064749964,0.001311434,0.464976698,1.567341566,0.002563752,0.000414211,0.584775329,1.924251437,0.195753828,0.000166848,0.468136132,1.939512849,0.140185386,3.65E-05,0.589247346,1.979516387,0.206758022,0.00014855,0.467988253,1.99642694,0.144925222,9.83E-05,0.560500622,2.044826746,-0.077769279,0.000170072,0.480364233,2.055212498,-0.158789143,0.000104421
Sitting,0.492268741,0.465527952,-0.525901914,0.999667406,0.507929027,0.427956015,-0.504453838,0.999218822,0.517041266,0.428605497,-0.504408717,0.999329507,0.525384068,0.430000603,-0.504440844,0.999184728,0.484800279,0.428641945,-0.504990935,0.999373376,0.477935731,0.429442137,-0.504921198,0.999503732,0.472638458,0.430657268,-0.505098462,0.999465406,0.540016055,0.451386005,-0.323219121,0.999099731,0.473483026,0.452531219,-0.316408783,0.999538183,0.51211822,0.505108237,-0.455497831,0.999636412,0.481623888,0.503954887,-0.453514189,0.999726593,0.616382301,0.654286981,-0.205564052,0.998927951,0.42298007,0.677625775,-0.203330368,0.999450922,0.642609715,0.921200037,-0.1889247,0.394201279,0.397939891,0.945371985,-0.128214657,0.538859487,0.567391753,1.025738239,-0.351675093,0.029627906,0.436780751,1.122701406,-0.299563318,0.046978112,0.574494004,1.137403846,-0.405379862,0.033804812,0.440730333,1.187309742,-0.351752549,0.049076989,0.55463016,1.127094984,-0.425682724,0.054870386,0.457474858,1.173429132,-0.387985528,0.078211099,0.547002256,1.028560162,-0.366358548,0.050980583,0.457514703,1.144008756,-0.31878224,0.074335031,0.585961223,1.144325972,-0.031305339,0.002018331,0.457082093,1.15415442,0.033287041,0.002420087,0.586266398,1.550999641,-0.073225245,0.001356038,0.464961916,1.562287211,0.003201562,0.00041566,0.582500875,1.922588587,0.180019319,0.000173422,0.468167365,1.935393453,0.135380059,3.65E-05,0.58661437,1.977707744,0.190711096,0.000152144,0.468070447,1.992324114,0.139007121,0.000100877,0.557601988,2.042470932,-0.087863557,0.000171773,0.479449183,2.050424814,-0.161439389,0.000104561
Sitting,0.491769552,0.465930253,-0.479387134,0.999685705,0.507539272,0.428399533,-0.461943924,0.999264777,0.516729653,0.429021716,-0.46176672,0.999365926,0.525206149,0.43037191,-0.461752117,0.999232829,0.484436333,0.429131836,-0.461632341,0.999409497,0.477683932,0.429931939,-0.461441845,0.999529541,0.472558439,0.431081295,-0.461533934,0.99949491,0.539990783,0.451580971,-0.306316465,0.999153197,0.473494381,0.45293957,-0.292650908,0.999562323,0.511870265,0.505513132,-0.417213678,0.999658048,0.481489956,0.504473388,-0.413684279,0.999741793,0.616421103,0.654354393,-0.19762592,0.99899435,0.423154056,0.677708924,-0.199750543,0.999477208,0.642792106,0.920788169,-0.181243107,0.410243213,0.397881329,0.945345461,-0.125260681,0.540771186,0.567636251,1.027714133,-0.304923296,0.030803859,0.435931385,1.123378634,-0.284416795,0.047539163,0.574735284,1.138091087,-0.352072328,0.034843106,0.438677698,1.187945843,-0.330594003,0.050053228,0.555023134,1.127734184,-0.365128517,0.056591544,0.454656512,1.174418807,-0.366353899,0.079715371,0.549586833,1.075652361,-0.316341072,0.052717105,0.455516905,1.145545721,-0.30378902,0.075997189,0.585905433,1.144308925,-0.030418208,0.002060385,0.457025826,1.153664351,0.032462098,0.002443932,0.585950434,1.551513314,-0.056379765,0.001323848,0.464980304,1.562381029,0.004407919,0.000400213,0.581915259,1.923068047,0.194701254,0.000167229,0.468020052,1.935910702,0.133414999,3.47E-05,0.586090624,1.977891922,0.206110194,0.000146559,0.46794647,1.992602348,0.136891037,9.62E-05,0.556781054,2.043558836,-0.055640496,0.000165251,0.478936672,2.052529335,-0.158531904,9.98E-05
Sitting,0.492138714,0.466578603,-0.559614003,0.999690533,0.507634997,0.429112315,-0.538636208,0.999280035,0.516786397,0.429733485,-0.538555324,0.99937588,0.525258839,0.431100965,-0.538556814,0.999245405,0.48458463,0.429759175,-0.54059124,0.999421418,0.477789104,0.430492014,-0.540528893,0.999537945,0.472643286,0.43163532,-0.540714622,0.999503851,0.539991558,0.452143222,-0.356395066,0.999170959,0.473505735,0.453460574,-0.355190098,0.999567688,0.512257457,0.506323099,-0.48798576,0.999665201,0.481895596,0.505260289,-0.487744033,0.999745429,0.616422474,0.655013621,-0.234997436,0.999001503,0.423116982,0.678313136,-0.236381561,0.999466479,0.643312752,0.922464252,-0.230157286,0.416246951,0.397922099,0.947133124,-0.161037579,0.540896058,0.560144782,1.020580769,-0.390405595,0.032557555,0.436000735,1.123947263,-0.3302221,0.048218459,0.557275355,1.127596021,-0.444438159,0.036384404,0.438539833,1.188462138,-0.380862296,0.05082896,0.53870374,1.114420652,-0.45359987,0.05905759,0.453841925,1.175160766,-0.418727934,0.081236139,0.531781077,1.011059523,-0.400347531,0.054785721,0.454721391,1.146082163,-0.35001415,0.077362619,0.586236119,1.144950271,-0.032496754,0.002024498,0.457302004,1.156057596,0.034512646,0.002384904,0.586173654,1.551532626,-0.060726207,0.001345795,0.464984983,1.564695239,0.031735301,0.000392951,0.582593799,1.922994137,0.194390625,0.000171767,0.46866855,1.936292648,0.187942505,3.41E-05,0.586783528,1.977820992,0.206283882,0.000148818,0.46918124,1.992941618,0.193856925,9.53E-05,0.558176637,2.043512821,-0.056076057,0.000168739,0.479349047,2.052684307,-0.103824541,9.99E-05
Sitting,0.492331654,0.466595978,-0.557571292,0.999696314,0.507710278,0.429289848,-0.533501506,0.999300122,0.516824126,0.429921418,-0.533489168,0.999394834,0.525285125,0.431263298,-0.533491731,0.99926579,0.484677404,0.429869533,-0.535277665,0.999431133,0.477855444,0.430591851,-0.535196781,0.999545932,0.472700298,0.431726635,-0.535398006,0.999509335,0.539991736,0.452186048,-0.339982837,0.99919647,0.473514259,0.453525633,-0.338749796,0.999572217,0.512374103,0.506326139,-0.482345521,0.999672651,0.482049942,0.50528419,-0.482001007,0.999748826,0.616436005,0.655019999,-0.213712141,0.999022126,0.423067242,0.678345561,-0.218444988,0.999442279,0.643275559,0.922180116,-0.20620963,0.4222036,0.398111761,0.947100639,-0.152348831,0.542675138,0.56767571,1.020403624,-0.403282255,0.033832911,0.436228752,1.122762203,-0.323563725,0.048554406,0.567999363,1.127579093,-0.463671029,0.037485965,0.439044952,1.187329292,-0.379909456,0.051048372,0.550021112,1.114566565,-0.488680303,0.060955651,0.453946888,1.173475504,-0.419749439,0.081919461,0.543434322,1.015453696,-0.420892179,0.056306884,0.454858392,1.143968582,-0.344370544,0.077813596,0.586442351,1.145217299,-0.032415543,0.002040869,0.457383692,1.156102896,0.034449704,0.002374424,0.58665216,1.551549315,-0.070569687,0.001416476,0.46498853,1.564678431,0.019509938,0.000406878,0.582719684,1.922963262,0.18274425,0.000180066,0.46864143,1.936130047,0.162871569,3.47E-05,0.586906552,1.977894425,0.19297649,0.000156172,0.469129086,1.992913365,0.163823724,9.97E-05,0.55820632,2.043195486,-0.092192203,0.000173866,0.479366452,2.052249908,-0.157372534,0.000102258
Sitting,0.492469788,0.466932684,-0.585385978,0.999704361,0.507790148,0.429758847,-0.562583387,0.999323189,0.516869605,0.430397063,-0.562555194,0.999414146,0.525326312,0.431718946,-0.562547982,0.999286354,0.484758705,0.430265456,-0.563829303,0.999447823,0.477901608,0.43099314,-0.563784778,0.9995597,0.472734034,0.432108253,-0.563994646,0.999523222,0.540026963,0.452512652,-0.368619144,0.999221861,0.473522365,0.453852773,-0.365693003,0.99958384,0.512494206,0.5066154,-0.509693086,0.999680579,0.482182175,0.505668879,-0.508895874,0.999754369,0.616434932,0.655833244,-0.233358026,0.999022067,0.423094273,0.678333104,-0.231522918,0.999436736,0.643021643,0.922056854,-0.221913844,0.422906071,0.397415459,0.946999967,-0.151539147,0.544718504,0.567766726,1.018370032,-0.4210639,0.034661137,0.431111574,1.1227597,-0.339571059,0.050054967,0.568717241,1.124593496,-0.480434746,0.038320433,0.432347,1.187321544,-0.396332532,0.052486222,0.550100684,1.111764193,-0.503885686,0.062403459,0.447054386,1.173550129,-0.437785476,0.084489673,0.547035635,1.052326679,-0.438052654,0.057413496,0.448530674,1.144058466,-0.361429989,0.07999029,0.586631179,1.145660877,-0.03333474,0.002007304,0.457729995,1.1568048,0.035363317,0.002337583,0.586849809,1.551522613,-0.071394116,0.001448737,0.465110928,1.564919829,0.016661987,0.000407005,0.582850695,1.922775269,0.185219482,0.000182806,0.46958679,1.936211944,0.159016788,3.45E-05,0.58696115,1.977808237,0.19604452,0.000157852,0.470499754,1.993089795,0.161498189,0.000100331,0.558487773,2.042414665,-0.088369414,0.000177199,0.480399221,2.052090168,-0.152274266,0.000103471
Sitting,0.491899073,0.4688721,-0.461061567,0.999717772,0.50729531,0.430779308,-0.44317627,0.999358416,0.516385853,0.431195587,-0.443133891,0.999443829,0.52497834,0.432297677,-0.443215191,0.999323308,0.484322786,0.43171832,-0.439939559,0.999474227,0.477624714,0.432467192,-0.439752281,0.999578953,0.472660452,0.43347609,-0.439918518,0.999543846,0.539886773,0.452660322,-0.276959598,0.999266863,0.473529488,0.4545542,-0.252940714,0.999603212,0.512041152,0.507942259,-0.395730853,0.999699235,0.482043922,0.507205427,-0.388586164,0.99976778,0.616304219,0.65488416,-0.168151334,0.999087155,0.423331738,0.678189039,-0.151461065,0.999467492,0.643320978,0.917898297,-0.153929561,0.437697262,0.397368968,0.946968496,-0.081498273,0.54774785,0.577105939,1.022449255,-0.311568499,0.034539994,0.422025293,1.123872161,-0.250333935,0.050268829,0.581115961,1.12464869,-0.363681823,0.038067523,0.419250876,1.188271403,-0.30124864,0.05281264,0.561541557,1.111880898,-0.385253072,0.062066678,0.434541881,1.177474499,-0.342025459,0.084849134,0.560820818,1.074777365,-0.327038139,0.057123851,0.437949896,1.148731112,-0.2725299,0.080730177,0.585673213,1.145580173,-0.033278272,0.00213537,0.457720041,1.155269384,0.035288889,0.002466525,0.586471558,1.550462484,-0.071175061,0.001470977,0.465109974,1.561390042,0.015174203,0.000413217,0.582882762,1.920615315,0.1792925,0.000183516,0.469584703,1.933078051,0.139454469,3.52E-05,0.58699882,1.975414157,0.190175146,0.000158768,0.470439136,1.990278244,0.141086221,0.000102519,0.558504641,2.039711237,-0.086392567,0.000176793,0.480265856,2.047601223,-0.154508725,0.000101574
Sitting,0.490907043,0.468986332,-0.509165585,0.999719381,0.506479025,0.430880666,-0.490651757,0.999366522,0.5155617,0.431263357,-0.490610063,0.999452353,0.524274349,0.432328761,-0.490699053,0.999333382,0.483768046,0.432030916,-0.487612426,0.999477029,0.47728911,0.432854474,-0.48748827,0.999580741,0.472547948,0.433876634,-0.4876526,0.999544382,0.539685547,0.452661693,-0.312787831,0.999285698,0.473536879,0.454827785,-0.286919296,0.999604106,0.511348367,0.508015394,-0.438997358,0.999707103,0.481650651,0.507326245,-0.431513608,0.999771655,0.616304219,0.653584957,-0.18669194,0.999122202,0.424081564,0.676945686,-0.169937164,0.999474585,0.644000947,0.917262197,-0.165217906,0.452645183,0.397645831,0.946643233,-0.089072838,0.55836606,0.57756567,1.027252674,-0.32534197,0.035406604,0.437495708,1.117930651,-0.266720742,0.050849412,0.580954313,1.133351207,-0.378851652,0.038648717,0.442294836,1.182700634,-0.320802242,0.052991908,0.561248183,1.121096492,-0.40587464,0.063089676,0.458806098,1.16999507,-0.356275946,0.085182838,0.560620546,1.093954325,-0.341678113,0.057957627,0.458433628,1.141067982,-0.285122693,0.080858834,0.585759819,1.145189285,-0.033179324,0.00221618,0.458164752,1.154422045,0.035194583,0.002551151,0.587236285,1.550449967,-0.080463454,0.00157835,0.467012107,1.561170816,0.003129603,0.000450695,0.583411098,1.92066884,0.157616168,0.000203622,0.470858008,1.933191061,0.11101377,3.86E-05,0.587695718,1.975490332,0.166968316,0.000175573,0.471771955,1.990480661,0.111071266,0.000116377,0.558529735,2.039806843,-0.111111447,0.000186599,0.480560005,2.048172951,-0.189272985,0.000107515
Sitting,0.49067539,0.468965739,-0.469777733,0.999732733,0.506195247,0.430917323,-0.451256514,0.999396443,0.515275896,0.431292892,-0.451218069,0.999476671,0.524052262,0.432339251,-0.45124203,0.999364674,0.483594328,0.432103038,-0.45000419,0.999500573,0.47717467,0.432951808,-0.449831545,0.999598026,0.472519934,0.433986068,-0.450006336,0.999563575,0.539597869,0.452660412,-0.28676945,0.999319792,0.473543227,0.454956025,-0.269539177,0.999620736,0.511218786,0.508024812,-0.405354679,0.999721169,0.481506675,0.507325292,-0.400622427,0.999781966,0.616427362,0.653533578,-0.177098081,0.999160945,0.424084574,0.677191854,-0.173278153,0.999485672,0.645569146,0.915240407,-0.161962211,0.452320635,0.398177326,0.947226942,-0.096184105,0.55160749,0.580316186,1.027941465,-0.310234606,0.035924114,0.431923777,1.124880433,-0.271581471,0.050717834,0.587649465,1.133265018,-0.361468881,0.039472181,0.432105929,1.191292524,-0.323889852,0.053376708,0.567094624,1.120962381,-0.379486144,0.064586654,0.44890818,1.180990577,-0.360413402,0.085941456,0.560468912,1.042162061,-0.324086398,0.059420723,0.451102644,1.151734471,-0.290926754,0.081852689,0.586189568,1.145369053,-0.032844625,0.002142058,0.458227396,1.154956698,0.034916859,0.002450167,0.587498546,1.550437808,-0.068912014,0.001530072,0.467117131,1.561640382,0.007170877,0.00043127,0.583860874,1.920548677,0.175098151,0.000193499,0.471255153,1.933237195,0.127195299,3.66E-05,0.588185549,1.975412369,0.185900778,0.000166376,0.472191721,1.990537405,0.130243585,0.000109898,0.559134662,2.039804697,-0.073700368,0.000178519,0.481476009,2.048194647,-0.155815467,0.000102897
Sitting,0.490106195,0.468945563,-0.491734356,0.999732018,0.505638659,0.430933177,-0.472916186,0.999397874,0.514725566,0.431307048,-0.472899348,0.999478221,0.523575068,0.432347715,-0.472954929,0.999367237,0.483293772,0.43214348,-0.470345408,0.99949801,0.477023274,0.433006585,-0.4702259,0.999594927,0.47248134,0.434035748,-0.470412672,0.999559402,0.539371431,0.452669024,-0.303844273,0.999325633,0.473615259,0.454989195,-0.282299161,0.999615729,0.510805726,0.508029938,-0.425960243,0.999725401,0.481191307,0.507325768,-0.419556618,0.999783039,0.616485,0.653540909,-0.189234018,0.999177277,0.424213171,0.677527905,-0.17811808,0.99947536,0.645544529,0.915529966,-0.172205031,0.465130955,0.398556083,0.947213888,-0.096744977,0.557679296,0.579944313,1.029044509,-0.326307207,0.038159363,0.433696598,1.124856114,-0.272642612,0.051782403,0.586868107,1.136741519,-0.37945208,0.041590489,0.435416311,1.191375017,-0.325705886,0.054220174,0.566660523,1.124500394,-0.402641356,0.067923494,0.452519238,1.180925488,-0.362010658,0.087271556,0.559828222,1.031368375,-0.341200233,0.062295645,0.454027593,1.151624322,-0.29146108,0.083030321,0.586191475,1.14627564,-0.032824375,0.002199877,0.458328784,1.15520525,0.034885611,0.002494048,0.587117016,1.551550508,-0.071456745,0.001665315,0.466801077,1.561886787,0.003087878,0.000467982,0.583099067,1.921646953,0.16848886,0.00020955,0.470654726,1.933434844,0.120663486,3.94E-05,0.587436914,1.976688862,0.178383574,0.000176383,0.471675158,1.990629554,0.122745954,0.000119258,0.557885408,2.040421963,-0.089332238,0.000186149,0.480687857,2.048639059,-0.168482944,0.000108037
Sitting,0.490162909,0.46931681,-0.481300682,0.999738038,0.50565201,0.431177974,-0.463929266,0.999413252,0.514729977,0.431494653,-0.463873953,0.999492347,0.523575664,0.432497799,-0.463940054,0.999384284,0.483381599,0.432445019,-0.462412894,0.999509692,0.4771173,0.433310956,-0.462278783,0.999603987,0.472573936,0.434348643,-0.46247521,0.999568284,0.539369166,0.452700078,-0.300425649,0.9993487,0.473720014,0.455093056,-0.282645315,0.999626219,0.510862708,0.508417368,-0.416964054,0.999735117,0.48127538,0.507800996,-0.412131846,0.99979037,0.616486907,0.653532684,-0.187708214,0.999218643,0.424231112,0.677539766,-0.179078132,0.9994995,0.645567,0.91547358,-0.167384937,0.473193705,0.398190409,0.94728595,-0.100742593,0.559478521,0.581853867,1.031539917,-0.311965644,0.038201321,0.418299973,1.129584789,-0.264652818,0.05245224,0.59078306,1.136680961,-0.359243214,0.041448236,0.414271533,1.196245432,-0.311839551,0.054697398,0.570614219,1.124730706,-0.37951836,0.067699596,0.430204868,1.190085411,-0.349797577,0.087813929,0.559996367,1.027817011,-0.325892746,0.062123798,0.434361279,1.160850286,-0.284573138,0.08388979,0.586352468,1.146476984,-0.030006219,0.002244596,0.458391577,1.155224323,0.032054372,0.002560484,0.587160707,1.551530004,-0.056652356,0.00164779,0.466630608,1.561779141,0.003095942,0.000460946,0.583508253,1.921156287,0.186456516,0.00020613,0.470482349,1.933104992,0.12136326,3.92E-05,0.587825418,1.976034999,0.197904587,0.000173757,0.471397787,1.990282178,0.124118306,0.000116969,0.55858618,2.040268898,-0.055642277,0.000185968,0.480695307,2.048008919,-0.157872841,0.000106189
Sitting,0.490388572,0.469507009,-0.463338226,0.999733925,0.505816936,0.43135947,-0.444359481,0.999405444,0.514876246,0.431637019,-0.444334507,0.99948436,0.523700178,0.432606876,-0.444410324,0.999376953,0.48355931,0.432734609,-0.443687767,0.999502897,0.477252662,0.433633178,-0.44353956,0.999596059,0.472683102,0.434710175,-0.443751812,0.999561667,0.539424479,0.452715129,-0.277613759,0.999342918,0.473813772,0.455311358,-0.264157921,0.999623656,0.511095643,0.508579075,-0.39786607,0.999736309,0.481472552,0.508139491,-0.393980414,0.999791026,0.616819084,0.653620601,-0.165953413,0.999237657,0.424366087,0.677472115,-0.169927388,0.999514759,0.646015108,0.914969742,-0.143733129,0.474165022,0.397410333,0.947235107,-0.092721887,0.562398851,0.593181252,1.063577771,-0.298620045,0.037135292,0.418287128,1.131071091,-0.246163398,0.05288668,0.592895865,1.137350917,-0.347088605,0.040455826,0.415724128,1.197681665,-0.294654101,0.055130042,0.573247075,1.125937939,-0.369581997,0.066099107,0.431324095,1.191358566,-0.332373291,0.08830981,0.560938358,1.026811838,-0.314210922,0.06072662,0.434699863,1.162067056,-0.266472995,0.08463826,0.585273385,1.147826076,-0.028385058,0.002259097,0.457304776,1.15567565,0.030440778,0.002605842,0.585724175,1.551643372,-0.04275205,0.00163595,0.465740263,1.561745882,0.003067169,0.000465364,0.582528472,1.920519829,0.218391374,0.000202906,0.469874382,1.932234168,0.140554354,3.96E-05,0.586619079,1.975224257,0.231452018,0.000169789,0.470698655,1.98908639,0.145970613,0.000117134,0.558353066,2.038802862,-0.023263492,0.000185229,0.480444014,2.046425104,-0.139167994,0.000105717
Sitting,0.490712821,0.469874203,-0.420666158,0.999739945,0.505904794,0.431637019,-0.402244419,0.999419749,0.514933407,0.431843281,-0.402211607,0.999495924,0.523754954,0.432756305,-0.402266651,0.999392211,0.483662367,0.433193475,-0.401524931,0.999515414,0.477310985,0.434159607,-0.401338965,0.999605,0.472739846,0.435348034,-0.401528448,0.999572039,0.539451897,0.452741921,-0.242395848,0.999358296,0.473823488,0.455971658,-0.228450149,0.999634385,0.511463404,0.509075403,-0.358007014,0.999742389,0.481694788,0.508669198,-0.353951037,0.999796331,0.617262244,0.653625846,-0.140866369,0.999258697,0.424385548,0.677850544,-0.147607908,0.99953109,0.647410393,0.913883805,-0.125071853,0.468916655,0.397727907,0.94722563,-0.078971311,0.559528053,0.592523694,1.055192113,-0.266918242,0.03599437,0.4193874,1.131032467,-0.226508066,0.052127138,0.596894264,1.135602474,-0.311818659,0.039281715,0.417264163,1.197635174,-0.271238387,0.054339491,0.577718258,1.12417829,-0.327769279,0.064198703,0.432600975,1.190784335,-0.304311216,0.086911723,0.573640585,1.071080327,-0.279762685,0.059167814,0.435908973,1.16146481,-0.244676039,0.083589919,0.586176574,1.148013949,-0.028279688,0.002233441,0.457680076,1.155877829,0.030346662,0.002587809,0.586525917,1.551603317,-0.038807295,0.001569843,0.466154039,1.561730146,0.009998051,0.000447541,0.583389521,1.919804096,0.216422722,0.000195259,0.470167696,1.932032228,0.148874,3.84E-05,0.587496638,1.974398971,0.22912848,0.000164045,0.470875263,1.988960981,0.154423803,0.000113206,0.559354901,2.03862071,-0.021852221,0.000179874,0.481283098,2.046181679,-0.126419261,0.000103026
Sitting,0.490712583,0.47013694,-0.443798542,0.999751866,0.505892158,0.432022393,-0.424608648,0.999448121,0.514889538,0.432264805,-0.424571842,0.999520779,0.523697495,0.433180392,-0.424618542,0.999422252,0.483679622,0.433406413,-0.42393738,0.999536633,0.477340698,0.434302509,-0.423774004,0.99962157,0.472792208,0.435442299,-0.423965275,0.999588609,0.539387584,0.452951908,-0.258580178,0.999392509,0.473935902,0.455987453,-0.244920015,0.999649644,0.511420012,0.50931859,-0.378783554,0.999755681,0.481725305,0.508814991,-0.374964952,0.999805331,0.617275715,0.653628051,-0.151355907,0.999302268,0.424368292,0.678441525,-0.151717395,0.999547899,0.64806366,0.913817763,-0.141670555,0.474294096,0.397230238,0.947297215,-0.083553948,0.557739019,0.593941331,1.044911742,-0.325806677,0.03792239,0.411157846,1.131634831,-0.236851722,0.053012699,0.598095,1.124167562,-0.379416853,0.040896825,0.406680286,1.198031545,-0.28295657,0.055375595,0.579240263,1.110560417,-0.391336858,0.066786185,0.421990544,1.190884471,-0.306886017,0.088651702,0.571924806,1.025398731,-0.338303745,0.061561923,0.426210731,1.161723018,-0.250556141,0.08556693,0.587027133,1.147999287,-0.029111898,0.002210857,0.457774967,1.155914426,0.031309105,0.002536195,0.587431312,1.550803065,-0.063077867,0.001493783,0.466060489,1.561605692,0.013228851,0.000419547,0.585293889,1.918919206,0.175971821,0.000184356,0.470134437,1.931405663,0.147389546,3.59E-05,0.590082765,1.97375083,0.186811045,0.000156098,0.470766217,1.988543391,0.153270558,0.000105968,0.560245514,2.037696838,-0.075143173,0.000171545,0.481440634,2.045145273,-0.131008968,9.77E-05
Sitting,0.491310507,0.470719665,-0.434552133,0.999763548,0.506233394,0.432822347,-0.415069729,0.999473333,0.51515305,0.43302536,-0.415022224,0.999542773,0.523905396,0.433914274,-0.415050745,0.999449372,0.484047085,0.434119403,-0.41550976,0.999556899,0.477629513,0.434918672,-0.415323406,0.999637067,0.473002374,0.436071873,-0.415512383,0.999604642,0.539393544,0.45336774,-0.248542473,0.999421954,0.474025428,0.456546307,-0.240827292,0.999665201,0.511776924,0.509729922,-0.36924395,0.999767005,0.482252836,0.509338021,-0.367077082,0.999813735,0.617135525,0.653636813,-0.141514763,0.999344409,0.424347579,0.678567648,-0.150970384,0.999567747,0.647390902,0.913983822,-0.139463529,0.480159074,0.397329003,0.947289169,-0.084471673,0.552272201,0.582369506,1.026088834,-0.319412291,0.03867941,0.413845211,1.132456064,-0.240957648,0.052617922,0.591145694,1.11101985,-0.372293323,0.041690495,0.411069244,1.198755026,-0.288981855,0.05516468,0.573698521,1.095288038,-0.383737564,0.068115078,0.426541328,1.191742897,-0.321205914,0.088208854,0.570992172,1.041651368,-0.331562102,0.062565453,0.429945856,1.162483096,-0.258845896,0.085407034,0.587268174,1.147974372,-0.026272729,0.002203847,0.458016217,1.156260133,0.028528314,0.002524385,0.588626206,1.55026722,-0.046330106,0.00144883,0.467454344,1.561619878,0.008601418,0.000403259,0.587797403,1.917434216,0.198227093,0.000176458,0.472884744,1.931367993,0.140457168,3.44E-05,0.592472494,1.972129107,0.210094362,0.000150554,0.473411083,1.988521814,0.14562209,0.000101054,0.564073205,2.036557913,-0.042443652,0.000166378,0.485791057,2.044917583,-0.132554501,9.39E-05
Sitting,0.490920871,0.470966727,-0.439381421,0.999764085,0.505931258,0.433178842,-0.421468168,0.999474049,0.514789462,0.433386743,-0.42142415,0.999544203,0.523537755,0.434245288,-0.421452522,0.999448895,0.483925641,0.4343521,-0.420517504,0.999558985,0.477572858,0.435075223,-0.420361817,0.999640703,0.472997606,0.436158597,-0.420571387,0.999608099,0.539161384,0.453587562,-0.256979227,0.999421299,0.474101156,0.456555933,-0.246410996,0.99966985,0.511092246,0.510114789,-0.375998557,0.99976784,0.481933028,0.509463191,-0.372180551,0.999815762,0.617123544,0.653817117,-0.14738825,0.999347329,0.424348444,0.678509831,-0.15422219,0.999583364,0.647358119,0.913926244,-0.135668457,0.472205818,0.397306204,0.94681716,-0.085854687,0.553755522,0.599290967,1.060826302,-0.279720932,0.037287612,0.411235094,1.131285906,-0.243900269,0.053163346,0.599836707,1.120247602,-0.323816597,0.040347826,0.406935155,1.197299957,-0.29047361,0.055517968,0.581703782,1.109030604,-0.345039785,0.065986454,0.42300725,1.191662908,-0.325393796,0.088666953,0.580336928,1.083152056,-0.294730514,0.060755771,0.427115113,1.162359118,-0.262948483,0.086022064,0.587349832,1.146112561,-0.026029518,0.002211988,0.458590329,1.153533578,0.028224677,0.002556102,0.588028312,1.544966578,-0.04682656,0.001447762,0.466630071,1.555266142,0.007098005,0.000400511,0.586491168,1.912232161,0.187098622,0.000175156,0.471799076,1.923577905,0.128844604,3.44E-05,0.591069281,1.967185855,0.198247537,0.000150549,0.472361326,1.980378866,0.132481828,0.000100385,0.562250674,2.03102088,-0.046528161,0.000166828,0.484968722,2.035996199,-0.138585821,9.35E-05
Sitting,0.491058916,0.471554101,-0.513885796,0.999772072,0.506128252,0.43349725,-0.492653787,0.999492526,0.515048385,0.43368718,-0.492694795,0.999560773,0.523815513,0.434540808,-0.492721885,0.999468029,0.483944565,0.434649289,-0.491832435,0.999571443,0.477573335,0.435347587,-0.491703421,0.999650896,0.473000199,0.436375886,-0.491927564,0.999617755,0.539353967,0.453808635,-0.309082866,0.999445558,0.474099696,0.456600785,-0.296740174,0.999679804,0.511197627,0.510400653,-0.442202628,0.9997769,0.48194474,0.509865046,-0.438712507,0.999821663,0.617229044,0.653819144,-0.178562135,0.999358773,0.424443334,0.678087592,-0.175422117,0.999574304,0.647593498,0.91230613,-0.168335557,0.475218683,0.397931755,0.945302606,-0.094253942,0.551301062,0.600662589,1.073679209,-0.354064792,0.037641179,0.416553557,1.13127327,-0.275219858,0.052576233,0.598708391,1.129670858,-0.411364466,0.040596403,0.415097535,1.197970867,-0.329976887,0.054943454,0.580379725,1.118070841,-0.436084598,0.066501632,0.431194961,1.19188571,-0.371422708,0.087953135,0.578575313,1.096252441,-0.371511638,0.061157826,0.434159428,1.16228354,-0.297718495,0.08524286,0.587405682,1.14571774,-0.027505387,0.002160838,0.458775669,1.153461695,0.029721057,0.002486108,0.588302374,1.54495883,-0.068244919,0.001448025,0.466702849,1.555448294,0.00510742,0.000400818,0.586422026,1.912349939,0.178498939,0.000171147,0.471837819,1.923720837,0.129002154,3.43E-05,0.590825617,1.967257142,0.189133376,0.000146067,0.472554445,1.980934262,0.132636711,9.95E-05,0.562235475,2.03114748,-0.082720324,0.000165498,0.484879732,2.036492825,-0.153790742,9.50E-05
Sitting,0.489892811,0.471567124,-0.51262641,0.999771953,0.50523746,0.433651477,-0.490358531,0.999492228,0.514164269,0.433842629,-0.490337461,0.999560475,0.522962987,0.434675634,-0.490235746,0.999468803,0.483415306,0.434805721,-0.480668932,0.999567568,0.477302969,0.435476422,-0.480461359,0.99964571,0.472895801,0.436461419,-0.480727971,0.99961096,0.538822532,0.454053789,-0.304635435,0.999448121,0.474186569,0.456778467,-0.269063652,0.999671102,0.510219038,0.510546923,-0.439060062,0.999781668,0.481405824,0.509933114,-0.42576319,0.999822736,0.617205083,0.653915226,-0.180899754,0.99937427,0.424495876,0.67795819,-0.151102155,0.999578536,0.647483706,0.911811769,-0.176624581,0.48621431,0.397503585,0.941820264,-0.071647316,0.553783655,0.59807837,1.054957509,-0.354887307,0.037973702,0.409732878,1.13064611,-0.246911168,0.052395724,0.597967267,1.130309582,-0.412099034,0.040565066,0.405504465,1.197587371,-0.300305724,0.054603241,0.579607368,1.119258404,-0.435052305,0.066355161,0.42045784,1.191719532,-0.345630586,0.087279513,0.574812293,1.044179559,-0.371370465,0.061113447,0.424384058,1.162118316,-0.271520466,0.085048445,0.586211622,1.146229625,-0.03379602,0.00224365,0.458180815,1.153465033,0.036011655,0.002584965,0.585578799,1.544989824,-0.067265138,0.001428251,0.462352127,1.555175781,0.043168258,0.000393864,0.583002388,1.911483765,0.197840557,0.000169208,0.465910524,1.923134327,0.212581426,3.43E-05,0.587283492,1.966273308,0.210878253,0.000143819,0.466640413,1.980306506,0.220040351,9.98E-05,0.558721006,2.029698849,-0.061909713,0.000162537,0.476548433,2.035587311,-0.074347876,9.37E-05
Sitting,0.490241289,0.471571952,-0.398483336,0.999776185,0.505454838,0.43368569,-0.380502164,0.999502897,0.514370561,0.433874518,-0.380440384,0.999568462,0.523135126,0.434714645,-0.380493939,0.99947983,0.483570993,0.434829235,-0.379577786,0.999578357,0.47738415,0.435501903,-0.379366636,0.99965328,0.472941399,0.436496705,-0.379558891,0.999620438,0.538838983,0.454108357,-0.223363832,0.999458134,0.474192441,0.456831753,-0.210716888,0.999681413,0.510461032,0.510567844,-0.336771727,0.999786854,0.481524855,0.509952009,-0.332647651,0.999828398,0.617206693,0.653170466,-0.12737745,0.999400079,0.424477816,0.678302526,-0.134952947,0.999599755,0.647887766,0.908801854,-0.114166342,0.483849913,0.396768391,0.942003727,-0.070461914,0.553145707,0.598827243,1.043834686,-0.255906671,0.036338501,0.409948289,1.131740451,-0.221536249,0.05232932,0.602227569,1.130084991,-0.301246732,0.038965899,0.405835301,1.19804275,-0.267252743,0.054424014,0.583236754,1.119215608,-0.319316983,0.063811406,0.421486765,1.192376852,-0.303755581,0.086700723,0.575520873,1.028363824,-0.269965321,0.058888312,0.425368607,1.163106084,-0.241686776,0.084799521,0.586274266,1.146695375,-0.029590409,0.002267629,0.458188921,1.154103637,0.031761926,0.002637409,0.585725546,1.545180798,-0.03184434,0.001402053,0.462393224,1.555516362,0.041659646,0.000386956,0.583372951,1.911553621,0.223168015,0.000166626,0.466108799,1.923279166,0.208483458,3.42E-05,0.587602496,1.966376066,0.2364728,0.000142495,0.466833442,1.980379701,0.208762079,9.84E-05,0.559640646,2.030082226,-0.005663039,0.000160447,0.477084488,2.036013365,-0.102206551,9.14E-05
Sitting,0.490247399,0.471784413,-0.422400802,0.999779522,0.505477071,0.43429172,-0.403962672,0.999509752,0.514406323,0.43448028,-0.403915644,0.999572039,0.52317816,0.435275048,-0.403971821,0.999486685,0.483590752,0.435259938,-0.401964962,0.999584317,0.477406025,0.43584314,-0.401770532,0.999655902,0.472974598,0.43677631,-0.40196842,0.999625146,0.538832784,0.454513013,-0.241299123,0.999463081,0.474316359,0.45688197,-0.22164762,0.999682605,0.510463119,0.510724843,-0.358768016,0.999791384,0.481533229,0.510012031,-0.353171706,0.999831796,0.617206514,0.653297961,-0.135867611,0.99941659,0.424516261,0.677873313,-0.131923422,0.999616027,0.647573829,0.908733904,-0.125970989,0.484523058,0.396312892,0.941467702,-0.061222009,0.557418942,0.591489673,1.036600113,-0.278950423,0.034851108,0.411040694,1.131719947,-0.214197561,0.051653169,0.602128148,1.13440752,-0.327690601,0.037437733,0.407435894,1.19801867,-0.260097027,0.053712815,0.583119214,1.125145435,-0.347116262,0.061373759,0.423146307,1.192288637,-0.298929572,0.085510448,0.575487375,1.083018422,-0.293607831,0.056718983,0.426824033,1.163014293,-0.235297561,0.084000304,0.586026728,1.148204803,-0.033356741,0.002266013,0.458110154,1.155161023,0.03553671,0.002669841,0.585739255,1.546341658,-0.03216612,0.001366566,0.462537855,1.556858778,0.035292637,0.000381165,0.58334291,1.912163973,0.217652917,0.000162825,0.466189533,1.924897552,0.190405786,3.40E-05,0.587522984,1.966871858,0.230802611,0.00013837,0.466950029,1.982139468,0.194895476,9.82E-05,0.559654534,2.030763149,-0.022084789,0.00015744,0.477289051,2.037038088,-0.100552522,8.98E-05
Sitting,0.490134627,0.474233955,-0.487233162,0.999782443,0.505381227,0.43643117,-0.468724817,0.999517322,0.514265239,0.436472565,-0.468672186,0.999578059,0.522992671,0.437097341,-0.468703985,0.999495625,0.48354134,0.437206864,-0.466123015,0.999587536,0.477377504,0.437525779,-0.465933084,0.999656141,0.472974539,0.438264936,-0.466120541,0.999624908,0.538659573,0.455763876,-0.295729339,0.999472737,0.474496663,0.457656533,-0.273632348,0.999680102,0.510163486,0.512499809,-0.419291586,0.999794602,0.481496274,0.511670709,-0.412929058,0.999832094,0.616966128,0.653313637,-0.180016175,0.999423742,0.424508572,0.678032458,-0.161038011,0.999608159,0.646991134,0.908749044,-0.171599284,0.479078531,0.396315396,0.941337347,-0.081106976,0.548248231,0.590759873,1.031190276,-0.34401837,0.034812286,0.412167877,1.131669641,-0.243383124,0.050290935,0.601253748,1.132908344,-0.397952586,0.037589334,0.409442604,1.198000193,-0.292592615,0.052658737,0.582247376,1.123653889,-0.420234203,0.061746817,0.424820095,1.192207575,-0.332894117,0.084058762,0.573572576,1.038527966,-0.360347927,0.057010539,0.427942991,1.162947178,-0.265672058,0.082636289,0.586013198,1.147915125,-0.03431689,0.002184813,0.458027303,1.155085802,0.036555696,0.002570163,0.585837364,1.546288848,-0.050708137,0.001325433,0.462951511,1.557115197,0.036636807,0.000367387,0.583494067,1.912228942,0.207918525,0.000157773,0.467033148,1.925412178,0.195562974,3.25E-05,0.587703764,1.966945767,0.220444351,0.000133879,0.467844874,1.982613683,0.201332927,9.43E-05,0.559748352,2.030798435,-0.052437365,0.000153039,0.477719933,2.037678957,-0.097520664,8.74E-05
Sitting,0.487384975,0.475872934,-0.514621139,0.999762535,0.502920985,0.4381935,-0.496312469,0.999471724,0.511991203,0.438260257,-0.496327937,0.999542296,0.520755827,0.438926071,-0.496377707,0.999449015,0.481909841,0.438777328,-0.491501749,0.999541581,0.476544857,0.438915461,-0.491374016,0.999619365,0.472496659,0.439463645,-0.491598547,0.999578655,0.53785497,0.457155555,-0.32091254,0.999433517,0.474579722,0.458090335,-0.289164782,0.999636292,0.507584453,0.514110029,-0.445446193,0.999780655,0.480202377,0.512832165,-0.436332792,0.999816418,0.616814077,0.652161896,-0.199820668,0.999417186,0.424493551,0.678154528,-0.163229734,0.999578774,0.646492183,0.908506751,-0.196534485,0.49173528,0.396491736,0.941431999,-0.081521571,0.5475263,0.588935077,1.028737783,-0.380980849,0.037738327,0.419711888,1.129211664,-0.25715968,0.050221667,0.594029903,1.121468186,-0.439940363,0.039889153,0.420703977,1.196505666,-0.310880601,0.052477892,0.574855983,1.107795835,-0.461077452,0.065201901,0.436098665,1.18897903,-0.351621389,0.083741471,0.56634891,1.017510533,-0.396065086,0.059837114,0.437696308,1.1591537,-0.279335022,0.082199521,0.58606714,1.147796631,-0.036719114,0.0022295,0.458420515,1.155092001,0.038891558,0.00260537,0.586615443,1.54580009,-0.060411341,0.001397662,0.463604629,1.556817293,0.033498071,0.000389087,0.584084809,1.911292315,0.19948782,0.000163388,0.467906535,1.925111771,0.190459028,3.48E-05,0.588321805,1.96593082,0.211746246,0.000138544,0.468921512,1.982457995,0.197680101,0.000102384,0.560116827,2.029940128,-0.065182,0.000156904,0.478243291,2.037121296,-0.105243102,9.22E-05
Sitting,0.48740387,0.476506293,-0.461800188,0.999764264,0.502979159,0.438457906,-0.445069462,0.999476671,0.512040973,0.438440204,-0.445062488,0.999548078,0.520801902,0.439032972,-0.445135444,0.999454498,0.481898218,0.43921259,-0.440290868,0.999542773,0.476484716,0.439372987,-0.440125078,0.999620974,0.472449005,0.439949453,-0.440335989,0.999578595,0.537831903,0.457194299,-0.282047153,0.999444246,0.474553436,0.458718568,-0.250274599,0.999638081,0.507624269,0.514420629,-0.397315979,0.999784052,0.480214924,0.513451457,-0.388129354,0.999818087,0.616822839,0.651494145,-0.17370218,0.999432266,0.424509764,0.678048849,-0.141489834,0.999582648,0.64650321,0.907226801,-0.179890662,0.493789762,0.396410167,0.941172481,-0.070329949,0.543087065,0.590505958,1.028302312,-0.356845319,0.03764547,0.415625811,1.128100514,-0.241576865,0.049590766,0.595085263,1.121350169,-0.411751032,0.039743934,0.413436115,1.195109367,-0.291717917,0.051887818,0.57585609,1.108354926,-0.427016407,0.065045454,0.428915173,1.188472271,-0.332328141,0.082893349,0.56637615,1.017533779,-0.369918466,0.059688285,0.432114899,1.158792377,-0.2640028,0.081461951,0.585698724,1.14515996,-0.036780044,0.002212728,0.458216012,1.151561856,0.038960159,0.002567177,0.58557713,1.542618275,-0.070838228,0.001389668,0.462245136,1.552258015,0.026506636,0.000383598,0.582992733,1.90947175,0.169132665,0.000162056,0.465294182,1.921928763,0.147954017,3.44E-05,0.587497532,1.964274883,0.179944113,0.000137327,0.465959221,1.979868889,0.150641784,0.000101015,0.557500303,2.028373957,-0.085272141,0.000155594,0.475347102,2.033655643,-0.138844043,9.07E-05
Sitting,0.487471163,0.477004468,-0.530137599,0.999755323,0.502985239,0.438777119,-0.512691855,0.999457359,0.512016773,0.438752353,-0.512680888,0.999535441,0.520762026,0.439362168,-0.512736201,0.999432027,0.481910944,0.439489037,-0.50995934,0.99952507,0.476486444,0.439612925,-0.509887576,0.999610364,0.472462565,0.440170258,-0.510113597,0.999561727,0.537692726,0.457429618,-0.338931322,0.999431014,0.474823892,0.458956361,-0.317935407,0.999625564,0.507669747,0.514759302,-0.460692078,0.999775887,0.480223715,0.513699591,-0.454720587,0.999810576,0.616817415,0.651395142,-0.208161682,0.99940604,0.424553454,0.678015709,-0.191580653,0.999570668,0.646188259,0.906707108,-0.179511279,0.490542293,0.397835076,0.941005528,-0.104916595,0.542773187,0.59024626,1.028480649,-0.348397195,0.037371863,0.42236504,1.125339031,-0.268180579,0.049424727,0.594900966,1.124133706,-0.40318808,0.039577361,0.422390789,1.191993713,-0.318698764,0.05176986,0.575829923,1.11268723,-0.420739979,0.064774729,0.436760098,1.18580842,-0.358908743,0.082738847,0.565841436,1.019929647,-0.362394631,0.059431951,0.439064264,1.155665874,-0.289679468,0.08111833,0.585827649,1.143671513,-0.036074925,0.002260431,0.459367454,1.150768161,0.038161524,0.002631002,0.586405218,1.5392524,-0.073587425,0.001453564,0.464184463,1.550566792,0.023721267,0.000406605,0.584355593,1.905143261,0.173167363,0.000168675,0.469501436,1.919575691,0.149113327,3.72E-05,0.588590682,1.960100651,0.184676811,0.000143557,0.470754325,1.977379918,0.152196497,0.000108909,0.560501933,2.022746086,-0.081268892,0.000165195,0.479520321,2.030291557,-0.13745077,9.60E-05
Sitting,0.487493336,0.480310023,-0.50618732,0.999743402,0.503068268,0.440936714,-0.490562767,0.999427319,0.512075901,0.440841675,-0.490517676,0.999513328,0.520801663,0.441424608,-0.490685642,0.999403059,0.481959254,0.441545397,-0.491274744,0.999498546,0.476504892,0.441429436,-0.491170019,0.99959141,0.472481191,0.441835105,-0.491401374,0.99953872,0.537693381,0.458654732,-0.322428167,0.999406755,0.475093901,0.459861279,-0.316550583,0.999611974,0.507692039,0.518119752,-0.437764257,0.999768615,0.480246603,0.517031133,-0.435062259,0.999805212,0.617088437,0.651388347,-0.186827511,0.99940896,0.424566209,0.67753154,-0.183640167,0.999571502,0.64781481,0.905694425,-0.164825812,0.491042048,0.398260444,0.940518022,-0.102684632,0.541527212,0.591674447,1.027217984,-0.333678812,0.037194233,0.430590212,1.122927666,-0.267349899,0.048878118,0.595818996,1.12200737,-0.38680771,0.039275799,0.433118492,1.189967036,-0.318256855,0.051087733,0.5764606,1.110025406,-0.405059516,0.064250626,0.448849022,1.181638122,-0.355904639,0.081587024,0.565853,1.013450742,-0.347779572,0.059044369,0.44980064,1.151377916,-0.287615657,0.079932451,0.586090386,1.14152658,-0.033337396,0.002269427,0.4593606,1.148723483,0.035442609,0.002629544,0.586618006,1.538295031,-0.064863399,0.001450711,0.464208692,1.549680233,0.017795337,0.000403784,0.584400475,1.904527307,0.174071267,0.000171304,0.469277292,1.918902874,0.142519563,3.72E-05,0.588690102,1.959601998,0.186354011,0.000146484,0.470410168,1.976409912,0.145546466,0.000108864,0.560349584,2.022769451,-0.080630474,0.000164562,0.479539573,2.030687094,-0.143879458,9.57E-05
Sitting,0.485441148,0.481197536,-0.462975442,0.999737799,0.5015499,0.441623896,-0.447844565,0.999415159,0.510695577,0.44149819,-0.447822511,0.999503374,0.51951623,0.442034841,-0.447935492,0.999390066,0.480874866,0.442135662,-0.441850603,0.999486387,0.475920618,0.441954136,-0.441741288,0.999582171,0.472106308,0.442260057,-0.441955984,0.999527812,0.537422001,0.459310323,-0.291784644,0.999393046,0.475224972,0.460107416,-0.253413945,0.99960053,0.506053805,0.519010186,-0.40053907,0.99976486,0.479213864,0.517777324,-0.389517963,0.999801397,0.617055535,0.651562691,-0.179738849,0.999407172,0.424588025,0.677349746,-0.145329028,0.999570489,0.646517992,0.907321334,-0.165718362,0.49710536,0.398316503,0.940263867,-0.077957086,0.541088998,0.588736176,1.026103854,-0.333156019,0.038781494,0.430649906,1.122166157,-0.253556907,0.048971865,0.591522217,1.120331883,-0.386217803,0.040874243,0.432331175,1.189146638,-0.304401726,0.051321134,0.572159171,1.107738376,-0.404776335,0.066781998,0.448356092,1.180076838,-0.339895189,0.08203648,0.565536439,1.011539459,-0.347382486,0.061259251,0.449737072,1.150152922,-0.273100227,0.080280617,0.586086392,1.140948176,-0.035639144,0.00229829,0.459443092,1.14725101,0.037744917,0.002634674,0.586449265,1.538174272,-0.078767642,0.001488536,0.46418196,1.548299193,0.019926732,0.000405922,0.584404826,1.904669166,0.148333132,0.000179033,0.46944648,1.917460084,0.140104741,3.74E-05,0.588836551,1.95977056,0.158677384,0.000154118,0.470550478,1.974539399,0.142353415,0.000111051,0.560201526,2.022590399,-0.10423404,0.000167048,0.479707718,2.030355692,-0.144311801,9.58E-05
Sitting,0.485104173,0.48286739,-0.449417055,0.999734342,0.501060188,0.442530811,-0.433850527,0.999407411,0.510189652,0.442248017,-0.433852971,0.999495089,0.518967152,0.442628473,-0.433909178,0.999379516,0.480518192,0.443193018,-0.428935677,0.999480605,0.475703537,0.442927778,-0.428826898,0.999576867,0.471996307,0.443135738,-0.429042429,0.999522328,0.537217379,0.459535629,-0.276680976,0.999385178,0.475275338,0.460365295,-0.243696839,0.999595225,0.505580664,0.519895196,-0.386388093,0.999761701,0.479015499,0.519086003,-0.377190292,0.999799311,0.617137194,0.650210261,-0.166657224,0.999401152,0.424624264,0.676915586,-0.139993578,0.999562204,0.646889985,0.900694191,-0.152271315,0.503953874,0.397699267,0.939287901,-0.074421547,0.542822123,0.58879298,1.024203658,-0.308912933,0.041320972,0.432534844,1.115384579,-0.247185066,0.050262056,0.590437472,1.115437508,-0.360937625,0.043511584,0.434956938,1.182817578,-0.298613161,0.052930489,0.568656445,1.058422804,-0.380052418,0.070797533,0.451379687,1.171559095,-0.332750171,0.084422633,0.565344274,1.011200428,-0.322527885,0.064876437,0.452753723,1.142189503,-0.266152769,0.082323037,0.586074948,1.138817072,-0.035608046,0.002332912,0.459794343,1.145956397,0.037721526,0.002647965,0.586765468,1.534602046,-0.083796725,0.001546652,0.466070712,1.545408845,0.012368823,0.000422448,0.585306048,1.90164113,0.137562066,0.000179924,0.472912699,1.91455996,0.115155116,3.86E-05,0.589829803,1.956330538,0.147319824,0.000155663,0.474163771,1.971703768,0.116352119,0.000114466,0.561194777,2.020181179,-0.111428812,0.000169625,0.483288586,2.027154446,-0.163543075,9.85E-05
Sitting,0.485207647,0.484189361,-0.431004226,0.999735534,0.501104951,0.443280071,-0.414639235,0.999407232,0.510217309,0.442906708,-0.414615959,0.999495924,0.51898694,0.443185419,-0.414722055,0.999379575,0.480537653,0.444022536,-0.411004782,0.999482453,0.475682914,0.443700463,-0.410857767,0.999578893,0.471972555,0.44388932,-0.41106829,0.999524236,0.537200391,0.459773749,-0.255894601,0.999387026,0.47525534,0.460848033,-0.228821114,0.999600232,0.505613327,0.520550072,-0.367770433,0.99976486,0.47902742,0.520015419,-0.359994113,0.999802768,0.617211282,0.650388658,-0.150332198,0.999411762,0.424568474,0.676906407,-0.131336212,0.999579787,0.646434367,0.901347935,-0.136980265,0.510332167,0.396433055,0.939160645,-0.062663846,0.551881671,0.588915467,1.023834705,-0.29376924,0.040482376,0.432631582,1.115221024,-0.221086651,0.050273474,0.591418207,1.115661144,-0.343203366,0.042323574,0.435670435,1.18305707,-0.268349648,0.052353591,0.570661008,1.066905618,-0.361211926,0.068807051,0.451888144,1.172134995,-0.300623566,0.083216116,0.56536293,1.009901524,-0.307085961,0.063178882,0.452717006,1.142594457,-0.23861444,0.081293002,0.586031795,1.138857603,-0.035559725,0.002421216,0.459380239,1.145986795,0.037662961,0.002768221,0.586781323,1.534802079,-0.07529182,0.001523905,0.465380579,1.545620203,0.018644888,0.000419392,0.585681856,1.901604891,0.153498024,0.000179801,0.471789837,1.914756775,0.137303323,3.95E-05,0.59035933,1.95631814,0.164974242,0.000156032,0.472741276,1.971915126,0.140538514,0.000116425,0.561503828,2.020380497,-0.08672937,0.000168182,0.482797146,2.027432442,-0.138124362,9.85E-05
Sitting,0.485299915,0.487502068,-0.435147434,0.999711096,0.501153052,0.446115017,-0.420413643,0.999352217,0.510254145,0.445503205,-0.420383275,0.99944979,0.518998742,0.445568919,-0.420496464,0.999321282,0.480526268,0.447003305,-0.416554272,0.999443233,0.475646645,0.446462661,-0.416431487,0.999548495,0.471947193,0.446462005,-0.416643798,0.999491632,0.537047982,0.460438043,-0.261562943,0.999328911,0.475490272,0.461644709,-0.235537723,0.999576151,0.505675077,0.523338735,-0.372667134,0.999749541,0.4790411,0.522638142,-0.36445263,0.999793947,0.617296159,0.650012136,-0.152170956,0.99940604,0.424610078,0.676648319,-0.133673593,0.999593496,0.646870852,0.900698602,-0.138301954,0.514342606,0.396661848,0.939328849,-0.06434337,0.564190447,0.593668759,1.025319338,-0.279772639,0.039327443,0.433751166,1.115452886,-0.223329216,0.051208172,0.599165082,1.119941592,-0.325996608,0.040997162,0.436614454,1.183253169,-0.268536508,0.052579127,0.578897774,1.092655659,-0.347205907,0.066561818,0.452806056,1.172313809,-0.301494271,0.083117701,0.569477677,1.010353565,-0.293646604,0.061272081,0.453720033,1.142825603,-0.240727931,0.081385896,0.587540329,1.139245152,-0.035246946,0.002680567,0.461984009,1.146413088,0.037246592,0.003159174,0.588554382,1.534943819,-0.046326559,0.001649295,0.467812717,1.545638919,0.029524725,0.000465423,0.588444293,1.900216341,0.202854663,0.00020361,0.474972904,1.913066626,0.167480737,4.74E-05,0.593106031,1.954416394,0.216634959,0.000177226,0.475796133,1.969283581,0.173559442,0.00013972,0.565559745,2.019293308,-0.024543786,0.000182859,0.486989349,2.026524067,-0.095593043,0.0001061
Sitting,0.486547559,0.488754541,-0.374173105,0.999715745,0.502040088,0.447089463,-0.358752668,0.999363542,0.511047184,0.446355611,-0.358701646,0.999458313,0.519698083,0.446327716,-0.358794361,0.999334514,0.480887115,0.44802174,-0.357264251,0.999455869,0.475747764,0.447400868,-0.357090443,0.999557316,0.471988052,0.447356552,-0.357276618,0.999503016,0.537059426,0.460714251,-0.210314989,0.999340475,0.475489467,0.462368101,-0.193947211,0.999589741,0.506691098,0.52422756,-0.31518501,0.999753535,0.47963196,0.523898184,-0.310243607,0.999799192,0.617327631,0.649940252,-0.117100082,0.999423742,0.424617469,0.676597059,-0.121415794,0.999608636,0.646407843,0.900206566,-0.099599004,0.513672292,0.396680444,0.938220978,-0.065905288,0.564754605,0.595989108,1.025381088,-0.23071447,0.038619526,0.435748965,1.11528933,-0.211476415,0.050563291,0.599082351,1.119979739,-0.274672568,0.040408861,0.439927161,1.183245301,-0.256403953,0.051942009,0.57931149,1.09580636,-0.293219984,0.065462478,0.455611885,1.171973825,-0.285502136,0.08174748,0.569424272,1.011369705,-0.244136065,0.060548995,0.456091583,1.142567158,-0.227709696,0.080211699,0.586424768,1.136337399,-0.0293894,0.00276293,0.460480869,1.14331162,0.031388719,0.00321406,0.587374806,1.531763673,-0.046217151,0.001597064,0.466610968,1.541772008,0.021010751,0.00045639,0.587670565,1.897748828,0.198427394,0.00019773,0.473252952,1.909594893,0.142091796,4.64E-05,0.592203796,1.951914668,0.21035862,0.000172181,0.473655045,1.965074301,0.146733791,0.000134336,0.565471828,2.016815662,-0.039555114,0.000180229,0.486483097,2.024445057,-0.117922224,0.000104283
Sitting,0.487005562,0.488599241,-0.375625789,0.999717295,0.502228498,0.447041065,-0.361851037,0.999364972,0.511222005,0.446323603,-0.361815095,0.99945879,0.51989615,0.446311444,-0.361907244,0.999338031,0.480985492,0.447979182,-0.357788324,0.999457419,0.475768268,0.447386682,-0.357593775,0.999553919,0.47199446,0.447378665,-0.357782573,0.999498427,0.537128031,0.460738003,-0.21462512,0.999343216,0.47548613,0.462443411,-0.184956074,0.999587715,0.507045686,0.524188995,-0.316200435,0.999757051,0.479808092,0.52382797,-0.30747357,0.999801457,0.617598534,0.646568537,-0.122687496,0.999450505,0.424975336,0.676426768,-0.096439652,0.999621391,0.6480636,0.893996358,-0.109487295,0.525105715,0.396686018,0.936732233,-0.027006984,0.567560792,0.600838304,1.015283942,-0.24731645,0.041991729,0.434990823,1.113111496,-0.168330848,0.051842093,0.599777102,1.108625889,-0.293744266,0.043108046,0.439113557,1.181957245,-0.210337833,0.052803051,0.579201102,1.041318536,-0.309550852,0.069282904,0.454996765,1.170990586,-0.242939234,0.082593806,0.571460843,1.005455256,-0.259003371,0.064000234,0.455396265,1.14138031,-0.185893312,0.081362613,0.587735832,1.136300206,-0.031680264,0.002894213,0.461572587,1.143360853,0.033661641,0.003367842,0.591597676,1.53019464,-0.037251003,0.001582771,0.470650762,1.541085005,0.066510603,0.000455729,0.593280613,1.892467618,0.21654816,0.000197123,0.478464067,1.906192541,0.250690401,4.72E-05,0.597198308,1.94579947,0.230186731,0.000171931,0.47936812,1.961959481,0.261915118,0.000136899,0.573554099,2.012516499,-0.016355973,0.00018172,0.491180956,2.019598961,-0.007847527,0.000105435
Sitting,0.487031758,0.489288926,-0.354657352,0.999715805,0.502251387,0.447231889,-0.342306674,0.999363124,0.511241376,0.446524501,-0.342236429,0.999452949,0.519915044,0.446517617,-0.342368335,0.999336302,0.480916739,0.448227197,-0.336918056,0.999459982,0.475695848,0.447690159,-0.336754918,0.999554217,0.471930832,0.447743952,-0.336937696,0.999503374,0.537124693,0.460853159,-0.202728122,0.999339104,0.475404441,0.462811887,-0.16651991,0.999590337,0.507059216,0.524646044,-0.298221648,0.999758303,0.479797035,0.52464354,-0.287646353,0.99980408,0.61798501,0.646467268,-0.1163515,0.99945581,0.424978167,0.676602662,-0.090157583,0.999636531,0.649381638,0.895008087,-0.103350416,0.53265202,0.396671236,0.936778665,-0.03118949,0.573138714,0.600945354,1.015755415,-0.214170545,0.040951315,0.434564352,1.111922741,-0.174732357,0.051996138,0.602537096,1.109568119,-0.254621327,0.041830257,0.438253313,1.179732323,-0.215450138,0.052581761,0.582501709,1.068550467,-0.264436394,0.067145288,0.454110682,1.167833209,-0.245853066,0.081849568,0.572669506,1.007000804,-0.222904012,0.062218957,0.454695851,1.139060855,-0.19123508,0.08082632,0.588777304,1.137866974,-0.034034625,0.003001409,0.46199742,1.144850135,0.035960771,0.003491525,0.591569006,1.53369689,-0.041062932,0.001634759,0.470613331,1.543264985,0.053593703,0.000477878,0.592873514,1.898079991,0.199025527,0.000206627,0.47833091,1.909976006,0.243708685,5.08E-05,0.596900225,1.951504469,0.210922197,0.000177944,0.479090124,1.965618372,0.253457636,0.000145068,0.572921634,2.020740032,-0.021245088,0.00018557,0.490692675,2.027248859,-0.052311122,0.000108854
Sitting,0.487040222,0.490164489,-0.37984702,0.999714375,0.502270341,0.448274404,-0.365352303,0.9993577,0.511256337,0.447555453,-0.365299255,0.999447525,0.519911349,0.447547734,-0.36540556,0.999334693,0.480923951,0.449147642,-0.361155003,0.999455273,0.475695372,0.448499292,-0.360994637,0.999547482,0.471930593,0.448438525,-0.361183405,0.999497056,0.537059426,0.46152246,-0.215471953,0.999339581,0.475454867,0.463214159,-0.185544729,0.999585271,0.507028401,0.525432229,-0.319791377,0.999761343,0.479791224,0.525466442,-0.311070651,0.999804497,0.617985606,0.646501243,-0.123642907,0.99947685,0.42503491,0.675207973,-0.098025173,0.999647856,0.649307609,0.894988418,-0.111615956,0.551573217,0.396362275,0.930869997,-0.031771574,0.582590282,0.597048402,1.018329501,-0.239940971,0.043593112,0.434535682,1.094489694,-0.174458116,0.052793205,0.592822373,1.110029578,-0.284717739,0.043401949,0.438926756,1.162687063,-0.217571542,0.052964099,0.573573828,1.056437492,-0.299114823,0.069237053,0.454449177,1.149714351,-0.247988299,0.082095914,0.569630742,1.007309079,-0.251096398,0.064292952,0.454572529,1.121198416,-0.19108668,0.08112666,0.587045193,1.13788414,-0.033967175,0.003228877,0.460336268,1.144347429,0.035890847,0.00368664,0.588436723,1.533743501,-0.042534728,0.001649615,0.466869056,1.54300046,0.04999046,0.000485957,0.588409066,1.898064852,0.186505392,0.000209508,0.473312706,1.909875631,0.24211359,5.19E-05,0.592596889,1.951511264,0.197520643,0.000180865,0.474448532,1.965297461,0.249441415,0.000148359,0.567054629,2.020359516,-0.048219062,0.000187623,0.484721333,2.027258396,-0.062607527,0.000112319
Sitting,0.487595886,0.491630018,-0.364805549,0.999722421,0.502811313,0.449038535,-0.350604802,0.999377847,0.511763692,0.448019445,-0.350530326,0.99946034,0.520451128,0.447846144,-0.350627512,0.999354839,0.481038332,0.451030642,-0.346733809,0.999474704,0.475705236,0.450615466,-0.346554488,0.999560416,0.47193113,0.450726032,-0.346720517,0.999515295,0.537258387,0.461603791,-0.201618358,0.999356031,0.475343853,0.464583516,-0.172632098,0.999598801,0.507559836,0.525932729,-0.304839611,0.999768376,0.480045378,0.527175665,-0.296376407,0.999810994,0.618431151,0.64637512,-0.112393335,0.999492407,0.425617516,0.67515558,-0.090858594,0.999662817,0.650470793,0.893767536,-0.101014838,0.557049692,0.396509469,0.93089819,-0.027191777,0.589121163,0.597460926,1.01902318,-0.225806028,0.042993203,0.436403662,1.096625566,-0.170845047,0.054012932,0.595627069,1.11044693,-0.269661754,0.04283208,0.440836996,1.16477561,-0.213656873,0.054066449,0.576619029,1.081542492,-0.283351511,0.068335146,0.457050234,1.152467489,-0.243625566,0.083500162,0.569492459,1.007703543,-0.236741334,0.063498124,0.457118332,1.123752117,-0.187155277,0.082434595,0.587393343,1.138226271,-0.034901835,0.003251494,0.460916579,1.144628525,0.036847655,0.003716079,0.588705599,1.534315467,-0.049091071,0.001652753,0.467646986,1.543424487,0.046683457,0.000491444,0.588485837,1.899192691,0.174573407,0.000209965,0.474014133,1.91092515,0.211997077,5.24E-05,0.592642128,1.952522755,0.18517682,0.000180203,0.475041717,1.966288924,0.217599317,0.000149308,0.567001641,2.021534204,-0.062044334,0.000188025,0.485441834,2.028544188,-0.079094619,0.000112952
Sitting,0.487610251,0.491123736,-0.458069086,0.999724984,0.502822399,0.448902249,-0.441003263,0.999381363,0.511773765,0.447924286,-0.44097957,0.999464393,0.520459354,0.44776836,-0.441042036,0.9993577,0.481036276,0.450856954,-0.440117121,0.999476731,0.475693226,0.450489461,-0.439976931,0.999562681,0.471921206,0.450637281,-0.44018811,0.99951607,0.537232637,0.461600751,-0.273019552,0.999359608,0.475273281,0.464602798,-0.258926183,0.999602675,0.507578909,0.525490761,-0.390927494,0.999769747,0.480049908,0.526786864,-0.386862904,0.999812663,0.618433297,0.646313846,-0.155147508,0.999500275,0.425619215,0.675250709,-0.152641758,0.999659002,0.650647759,0.89389354,-0.145646408,0.560049295,0.395572841,0.932343185,-0.085011177,0.58895117,0.59424901,1.019180655,-0.313994229,0.04510618,0.435423285,1.096963048,-0.250910312,0.054270357,0.591214061,1.10746491,-0.366383612,0.044747796,0.440563351,1.164994836,-0.302006781,0.054232355,0.569417596,1.047289729,-0.38325423,0.071313992,0.456715733,1.153837562,-0.334155351,0.083893292,0.567218661,1.006379724,-0.326795757,0.066072263,0.456842571,1.1251266,-0.268461436,0.082668737,0.585790038,1.13826263,-0.033274911,0.003194868,0.458572716,1.144863248,0.035275031,0.003640886,0.588074148,1.534279227,-0.043840613,0.001633256,0.466702849,1.544190764,0.044339664,0.000478773,0.587412536,1.898683786,0.203613162,0.000208173,0.473133415,1.911002636,0.203657225,5.11E-05,0.591633916,1.952144027,0.216250256,0.000179198,0.474330574,1.966433048,0.210183904,0.000146195,0.564950347,2.020702362,-0.039976992,0.000186444,0.484259516,2.028496742,-0.077981062,0.00011234
Sitting,0.486307204,0.491124004,-0.423926502,0.999715745,0.501559675,0.449106902,-0.40965566,0.99935472,0.510590434,0.448228717,-0.40962863,0.999443293,0.519223213,0.448186874,-0.40968743,0.999329984,0.480487913,0.450860769,-0.405258656,0.999455631,0.475470841,0.450473964,-0.405128956,0.999546349,0.471764565,0.450611383,-0.405355215,0.999496758,0.536856413,0.461941868,-0.255411953,0.999331415,0.475467294,0.464591652,-0.224905536,0.999587595,0.506348431,0.525762558,-0.362076968,0.999761701,0.479501098,0.526768327,-0.353165239,0.999806702,0.618317783,0.646161497,-0.142617464,0.999498844,0.425621897,0.675111413,-0.130626023,0.999661863,0.651153326,0.893982112,-0.132804111,0.561710417,0.395503461,0.932586908,-0.062152874,0.588819683,0.596117139,1.017115116,-0.295160979,0.045592252,0.4370583,1.098154306,-0.223611876,0.054252271,0.594724596,1.103091359,-0.342779636,0.045107119,0.442742109,1.166053772,-0.269478947,0.054118291,0.574322104,1.051805258,-0.353716463,0.071852818,0.459452957,1.1543051,-0.296427071,0.083680294,0.567671597,1.002147436,-0.304677397,0.066542588,0.458957374,1.125446439,-0.238339931,0.082395025,0.586161017,1.138335347,-0.033382915,0.003162413,0.458873272,1.144975066,0.035388127,0.003620483,0.588404894,1.534308672,-0.044813845,0.001628645,0.467141062,1.544225097,0.042930063,0.000475279,0.587600231,1.898606896,0.199847847,0.000209306,0.473575443,1.911093354,0.195124656,5.09E-05,0.591953516,1.952151775,0.212175801,0.000182663,0.474688768,1.966539145,0.201068088,0.000147446,0.564929128,2.020560741,-0.040850956,0.000186512,0.484928221,2.028497696,-0.082799032,0.000112369
Sitting,0.485532463,0.490625381,-0.461176574,0.999716043,0.500976682,0.448800921,-0.446323961,0.999353111,0.51013267,0.447947443,-0.446307182,0.999445498,0.518844545,0.447924942,-0.446411222,0.999330759,0.48004809,0.450517118,-0.440087974,0.999452114,0.475245655,0.450170219,-0.439935446,0.999544859,0.471571267,0.450335979,-0.440144777,0.999492228,0.536781728,0.461924225,-0.286750972,0.999338329,0.475483567,0.464583665,-0.247782499,0.99958539,0.505845666,0.525440812,-0.397190154,0.999764442,0.478990078,0.526260972,-0.385972887,0.999807,0.618345141,0.64625299,-0.174040228,0.99950707,0.425753206,0.675151587,-0.137763292,0.999667585,0.651135147,0.898422897,-0.16514796,0.566445589,0.395508021,0.933345199,-0.061677217,0.590449035,0.592875361,1.018381357,-0.31547159,0.044958662,0.436909974,1.101201773,-0.223377138,0.053148057,0.59218955,1.109627247,-0.363441408,0.044257529,0.442230165,1.169543386,-0.268326223,0.052801453,0.572386801,1.085846066,-0.377694666,0.070638537,0.458981663,1.160556674,-0.29586643,0.08181116,0.566055119,1.00386858,-0.326257199,0.065271467,0.458408982,1.130849481,-0.237700552,0.080540054,0.586548388,1.139207006,-0.034657426,0.003169259,0.459411711,1.145686626,0.036679182,0.003642759,0.588535428,1.536079288,-0.049405012,0.001681379,0.467243582,1.546613216,0.042318419,0.000489303,0.587597072,1.89949441,0.197796464,0.00021981,0.473602057,1.913661242,0.190634608,5.30E-05,0.591972113,1.95345664,0.210093573,0.000190255,0.474808514,1.969445944,0.196259439,0.000154816,0.564378798,2.021074533,-0.044361714,0.000191734,0.484827906,2.031237602,-0.085208766,0.000116421
Sitting,0.485416561,0.488470167,-0.4203372,0.999711335,0.500933051,0.447712064,-0.403874338,0.999341547,0.510102749,0.447079718,-0.403856456,0.999433935,0.518834651,0.447203755,-0.403967202,0.999318719,0.479984373,0.449120581,-0.397588253,0.99944526,0.475206226,0.448903114,-0.397435963,0.999539077,0.471551508,0.449113518,-0.397661179,0.9994874,0.536780298,0.461896628,-0.24865897,0.999325097,0.475507915,0.464148402,-0.21024403,0.999581635,0.505812526,0.524096489,-0.359412432,0.999763608,0.478847504,0.524232447,-0.348079264,0.999806881,0.618349612,0.646313369,-0.151344299,0.999502242,0.425755829,0.675274134,-0.116219066,0.999672949,0.651108146,0.899142444,-0.151345566,0.566073895,0.395512491,0.933454156,-0.049487419,0.593511522,0.595377028,1.018448114,-0.307306767,0.043694776,0.436581463,1.10266614,-0.208057806,0.052345939,0.592722535,1.110625863,-0.358087331,0.043053448,0.441827059,1.171047688,-0.253124714,0.051905874,0.573316038,1.094579101,-0.370307267,0.068750657,0.45847255,1.162236094,-0.283575147,0.080437809,0.566064477,1.004498124,-0.318448186,0.063643381,0.458018929,1.132713318,-0.224493593,0.079402603,0.587389588,1.139513731,-0.035000153,0.003172472,0.460237116,1.146526814,0.037036981,0.003644111,0.589338005,1.536573172,-0.065435961,0.001663362,0.467466116,1.547549248,0.035381131,0.00048235,0.589229465,1.900631189,0.168033734,0.000216914,0.473994583,1.914874077,0.162818268,5.22E-05,0.594003797,1.954868436,0.179061443,0.000187531,0.475146532,1.970723271,0.166433305,0.000152403,0.565623164,2.021805763,-0.078117751,0.000188047,0.485254705,2.032101393,-0.114896439,0.000114357
Sitting,0.485435545,0.488508344,-0.497328103,0.99971056,0.500923157,0.4478544,-0.480647475,0.999344587,0.510089457,0.447212011,-0.480645329,0.999435186,0.518806338,0.447320253,-0.480752468,0.999322414,0.479982674,0.449246436,-0.475022167,0.999444187,0.47520414,0.449016482,-0.474858373,0.999534786,0.471550524,0.4492082,-0.475057751,0.999482274,0.536778986,0.462001294,-0.3068088,0.999334157,0.475545555,0.464228749,-0.269995183,0.999577284,0.505809307,0.52412504,-0.427837759,0.999768734,0.478842556,0.524236858,-0.417319596,0.999808729,0.618375301,0.6461761,-0.189261109,0.99951601,0.425811857,0.675168395,-0.1355519,0.999672115,0.651620984,0.898732007,-0.182703212,0.579530418,0.395467073,0.933536112,-0.04985093,0.601320267,0.593092799,1.01887548,-0.350084126,0.046612412,0.434772551,1.102411151,-0.220030978,0.053276632,0.587902188,1.110295653,-0.40666467,0.044760637,0.439852864,1.170810103,-0.269395292,0.05237665,0.568377972,1.055563211,-0.422219038,0.071141712,0.455792993,1.160535097,-0.306929231,0.081110343,0.565210879,1.005072594,-0.362066746,0.065729827,0.455223888,1.131134152,-0.239706904,0.080081277,0.587393105,1.139706612,-0.039424531,0.003295067,0.460245222,1.146693468,0.04152815,0.003752545,0.589552701,1.536643624,-0.065300599,0.001657681,0.467415869,1.547665358,0.073027626,0.000479076,0.589250028,1.900042892,0.199497759,0.000217779,0.473970473,1.914654851,0.260005802,5.23E-05,0.59400022,1.953919291,0.213050649,0.000188219,0.475129753,1.970394254,0.269616544,0.000155485,0.565591455,2.021411896,-0.064823315,0.000186766,0.484942973,2.031879663,-0.026369836,0.000116565
Sitting,0.485518217,0.488268495,-0.390792459,0.999716103,0.500971615,0.447570473,-0.375843197,0.999355674,0.510145009,0.446933448,-0.37578553,0.999442458,0.518887997,0.447044373,-0.375830054,0.999332607,0.479986191,0.449065089,-0.372019082,0.999457002,0.475202322,0.448891968,-0.371833205,0.999544621,0.471548259,0.449125499,-0.372022629,0.999494851,0.536853909,0.461933047,-0.226054043,0.999338865,0.475546509,0.464233279,-0.197805554,0.999587119,0.505853355,0.523909152,-0.331078976,0.999771595,0.478867233,0.524123549,-0.323028475,0.999812424,0.618406415,0.646349013,-0.132360667,0.999518037,0.425845951,0.675121069,-0.11046014,0.999680638,0.651818991,0.89881289,-0.120016716,0.579377651,0.395544559,0.933297813,-0.043534245,0.603784263,0.595194638,1.01903975,-0.253075838,0.04591636,0.434968412,1.098472118,-0.198148325,0.05385755,0.591723621,1.110199332,-0.297091663,0.044174407,0.439975441,1.165316224,-0.243072316,0.05280301,0.568790078,1.041504622,-0.310118079,0.070192866,0.455931753,1.152431607,-0.272877932,0.081540138,0.565917671,1.003844142,-0.26363799,0.065049648,0.455460131,1.124046206,-0.214645356,0.080605827,0.588288665,1.139760256,-0.037295591,0.003341641,0.46107617,1.147072673,0.039347406,0.003816749,0.590318143,1.536234856,-0.051936679,0.0016516,0.46860677,1.547406554,0.058948409,0.000477377,0.589609027,1.899021745,0.197662547,0.000215403,0.475048244,1.913390279,0.208915919,5.21E-05,0.594302773,1.952659965,0.210901573,0.00018828,0.476052523,1.968960524,0.216283679,0.000155316,0.566042542,2.020700216,-0.050753228,0.000184118,0.486861646,2.030237436,-0.047766961,0.000115931
Sitting,0.485525668,0.488086998,-0.401328266,0.999704778,0.500947952,0.447228551,-0.386100471,0.999329865,0.510136724,0.446562707,-0.386052877,0.999421895,0.518891931,0.446656287,-0.386119723,0.999308765,0.479927599,0.448944211,-0.382119358,0.999436915,0.475161314,0.448846012,-0.3819471,0.999528706,0.471510977,0.449116349,-0.382141918,0.999476194,0.536853313,0.461724043,-0.232926607,0.99931109,0.475549638,0.464236081,-0.202760741,0.999572873,0.505966306,0.523811877,-0.340179235,0.999764204,0.47888279,0.524070978,-0.331834733,0.999806702,0.618406713,0.646352708,-0.135562971,0.999515414,0.425882816,0.675152659,-0.113408461,0.999681294,0.651457369,0.898814797,-0.123653576,0.578353763,0.395599663,0.933283091,-0.047326576,0.602172673,0.596051812,1.019153714,-0.262278497,0.044789206,0.433234513,1.09898448,-0.198616028,0.052781697,0.592518449,1.110435128,-0.306904078,0.043175973,0.437264591,1.165666461,-0.242534921,0.051554527,0.569524586,1.039084911,-0.321973026,0.068606652,0.452608198,1.154488802,-0.272795796,0.07951507,0.567569137,1.003731012,-0.273529887,0.063617826,0.45269689,1.125926256,-0.215236694,0.078737177,0.588858008,1.138403535,-0.034712769,0.003398179,0.461628377,1.146348,0.036683261,0.003890825,0.590732694,1.533678532,-0.048950549,0.001657862,0.468688577,1.545247436,0.044650324,0.000480487,0.589831948,1.8967309,0.196513981,0.000222254,0.475024521,1.911123276,0.187432766,5.37E-05,0.594542742,1.950484753,0.209540695,0.000194497,0.475982428,1.96635592,0.193495527,0.000159405,0.566320837,2.017631292,-0.04801314,0.000187328,0.486842304,2.027879477,-0.073783405,0.000117897
Sitting,0.488076508,0.488979131,-0.415503353,0.999699831,0.502730548,0.447871774,-0.398060501,0.999319613,0.511660337,0.447168529,-0.39804253,0.999412894,0.520239651,0.447228462,-0.39811185,0.999296665,0.481077611,0.449705929,-0.400405645,0.999429703,0.475640386,0.449657649,-0.400281101,0.999523401,0.471775383,0.450077266,-0.400484413,0.999470532,0.536991537,0.461871624,-0.234248966,0.999301076,0.475551993,0.464998245,-0.230114147,0.999572992,0.508451819,0.524565697,-0.348354399,0.999758303,0.480146319,0.524990916,-0.348471582,0.999804378,0.618554711,0.646558523,-0.134801835,0.999510407,0.425810516,0.676243722,-0.136556774,0.999672592,0.651492953,0.898892522,-0.11523439,0.569831848,0.395631433,0.934589386,-0.07295876,0.597446322,0.596042097,1.019297719,-0.260270655,0.043020878,0.434395164,1.099266291,-0.227269411,0.05180731,0.595409811,1.111539841,-0.305696964,0.041717637,0.439129978,1.166244149,-0.274024308,0.050633434,0.574983239,1.079841495,-0.322957754,0.066406779,0.454646349,1.154812932,-0.30394569,0.078076825,0.567118466,1.003811598,-0.272781193,0.061600767,0.454318374,1.126124859,-0.243578345,0.077230275,0.589188695,1.140360951,-0.030825224,0.003365036,0.46174264,1.151069283,0.03277592,0.003854722,0.592563093,1.534201264,-0.033989865,0.00168684,0.470589966,1.547983289,0.034674771,0.000490359,0.591612518,1.896801591,0.219222739,0.000224649,0.478078038,1.91209662,0.181614935,5.55E-05,0.595985293,1.950566411,0.232498437,0.000197582,0.479172617,1.967574716,0.188095465,0.000163403,0.569081128,2.017947912,-0.015474534,0.000191229,0.491441488,2.028303623,-0.079062201,0.00012126
Sitting,0.496051729,0.490514368,-0.416507185,0.999681056,0.508703649,0.448788583,-0.399047315,0.999278307,0.517189085,0.447871327,-0.399031699,0.999380648,0.524813533,0.447773397,-0.399119914,0.999256909,0.485887706,0.450553179,-0.400511444,0.999396384,0.479313612,0.450360328,-0.400401443,0.999497712,0.473816782,0.450728089,-0.400610924,0.999441147,0.538262963,0.461855412,-0.232027739,0.999257088,0.475561708,0.465414047,-0.234661892,0.999557674,0.514970541,0.525359631,-0.349778891,0.999743283,0.485623538,0.526427627,-0.349020064,0.999796152,0.618631244,0.646347165,-0.123646334,0.999509513,0.425762892,0.676755607,-0.139619797,0.999661863,0.651418507,0.898601472,-0.105412707,0.568375528,0.395911634,0.935156345,-0.076830834,0.596960962,0.595975518,1.018440247,-0.263382018,0.042698737,0.435316026,1.101752639,-0.225463897,0.051393356,0.595291018,1.108235598,-0.309836656,0.041488204,0.441133201,1.168008924,-0.271555781,0.0499161,0.575163841,1.082877755,-0.326869637,0.065870054,0.456110716,1.155883551,-0.30157575,0.076698229,0.567120671,1.002692223,-0.275944471,0.061033517,0.45535475,1.126944304,-0.241518691,0.075906575,0.589185178,1.140603781,-0.025118988,0.003498465,0.461705774,1.152122021,0.026958991,0.004002176,0.592577219,1.534200668,-0.013582701,0.001761685,0.470547497,1.548062086,0.015771195,0.000524632,0.591930926,1.896151066,0.24447307,0.000243361,0.477957159,1.912034154,0.161730096,6.29E-05,0.596082807,1.949832201,0.258381069,0.000213387,0.479137599,1.967487812,0.16798985,0.000176817,0.571310103,2.016785383,0.018695075,0.0002084,0.491571844,2.027445555,-0.101855114,0.000131563
Sitting,0.498708725,0.496908784,-0.433638424,0.999664009,0.510753751,0.454183072,-0.418645293,0.999245703,0.519053161,0.452888995,-0.418599546,0.999352813,0.526454091,0.452171743,-0.418715,0.999228776,0.487560898,0.456012249,-0.422528923,0.999370754,0.480677038,0.455743015,-0.422431618,0.999473929,0.474807352,0.456010908,-0.422625303,0.999415815,0.538734019,0.462577134,-0.252314597,0.999226749,0.475657314,0.467838615,-0.261473596,0.999546707,0.517459512,0.530918479,-0.365377873,0.999734282,0.488364786,0.533044577,-0.367702991,0.99979192,0.618598819,0.645094931,-0.133018821,0.99952364,0.425808668,0.676541448,-0.162790403,0.999661624,0.651409388,0.896187365,-0.11073152,0.575290442,0.39565295,0.935191929,-0.103175797,0.602719963,0.595653892,1.01788187,-0.265632451,0.044935413,0.435310662,1.101180553,-0.247422457,0.052179076,0.594181895,1.105773807,-0.312175006,0.043467585,0.441164494,1.167293429,-0.293152153,0.050173953,0.573569775,1.046259165,-0.327332854,0.068367407,0.456013292,1.153041363,-0.324334174,0.076528482,0.567157924,1.002068639,-0.277958363,0.063402332,0.455314785,1.124297142,-0.263524354,0.075842723,0.588869333,1.139139771,-0.021658946,0.003885812,0.461069882,1.151467085,0.023399703,0.004383906,0.592563272,1.530232072,-0.00080905,0.001890572,0.470528543,1.545047045,0.018841298,0.000581935,0.592644036,1.891602039,0.256226897,0.000272797,0.477854341,1.906968832,0.178430453,7.09E-05,0.596485853,1.944842815,0.270070493,0.000239804,0.478996098,1.960640669,0.187190235,0.000190139,0.574388146,2.011399984,0.031182084,0.000232825,0.49210757,2.02264905,-0.082800366,0.000144722
Sitting,0.500362098,0.50331372,-0.450244248,0.9996562,0.51205337,0.46033299,-0.434981048,0.999232173,0.520084739,0.45911777,-0.43494907,0.999339104,0.527351737,0.458226651,-0.435101599,0.999213815,0.488745928,0.462022007,-0.438616455,0.999361336,0.481676012,0.461705089,-0.438524663,0.999464512,0.475563109,0.461785287,-0.438719422,0.999407113,0.538761735,0.465130031,-0.26264587,0.999219179,0.475720644,0.471616268,-0.268666983,0.999546826,0.518971086,0.537599862,-0.379032195,0.999735534,0.490130186,0.539875567,-0.380883604,0.999794543,0.618602633,0.643658221,-0.136883795,0.999542058,0.425897419,0.67655921,-0.162221089,0.999666154,0.652316809,0.893211961,-0.111326016,0.588657022,0.395982414,0.935444713,-0.10448952,0.61344862,0.596146464,1.017855525,-0.275882542,0.047591824,0.441797882,1.101359487,-0.259811401,0.053500682,0.593225479,1.105640531,-0.327939153,0.045260772,0.450489938,1.167497754,-0.308928877,0.050804928,0.572725177,1.038277149,-0.343376666,0.070738323,0.466225684,1.153342009,-0.340181768,0.077098191,0.567320347,1.00219214,-0.287872761,0.065480821,0.464301199,1.12442112,-0.275719047,0.076289766,0.588809609,1.139297009,-0.022395752,0.004296678,0.461067736,1.151652217,0.024182934,0.004759681,0.592341959,1.530281186,-0.00998573,0.002097419,0.469636977,1.545281529,0.043749247,0.000629573,0.592200875,1.891710758,0.24241288,0.000304414,0.477422178,1.907024503,0.214055985,7.97E-05,0.595895767,1.945034146,0.255733997,0.000267801,0.478681386,1.960861683,0.223204941,0.000213931,0.573812842,2.011864424,0.010317319,0.00025296,0.491710424,2.023347378,-0.052199624,0.000157678
Sitting,0.503230691,0.509790301,-0.51780355,0.999633491,0.514815688,0.46690613,-0.504359365,0.999188125,0.522786438,0.465368271,-0.50434792,0.999301255,0.529513061,0.46408996,-0.504564226,0.999167681,0.491239935,0.468630254,-0.507593095,0.999326825,0.484196991,0.468041837,-0.507540882,0.999436498,0.477576107,0.467933059,-0.507741094,0.999375284,0.539793134,0.467410713,-0.323348701,0.999181151,0.475841284,0.474235058,-0.328640193,0.999529004,0.520890832,0.542660117,-0.441719532,0.999727428,0.492617697,0.544971526,-0.443123281,0.999790609,0.618537188,0.640686274,-0.181745753,0.999551296,0.426053703,0.674943268,-0.192760348,0.999671817,0.652578175,0.889844179,-0.13617675,0.598813772,0.396333754,0.934021771,-0.110855483,0.623457015,0.599604964,1.017454147,-0.29982698,0.047935702,0.435315192,1.101501942,-0.262714118,0.054931376,0.599787593,1.105757952,-0.351037055,0.045088328,0.439093411,1.167607546,-0.309385836,0.051195696,0.575276196,1.033670068,-0.375510424,0.070371792,0.452900708,1.153775334,-0.347652614,0.077387467,0.571548581,1.001464367,-0.314981163,0.065075085,0.453603029,1.124855161,-0.281274021,0.076502241,0.588757515,1.136468291,-0.022800621,0.004672871,0.461385339,1.148504615,0.024681699,0.005202424,0.592284679,1.525921941,0.00126699,0.002292857,0.469397247,1.539576769,0.058327477,0.000692506,0.591954291,1.884604931,0.274633676,0.000352227,0.477086008,1.900670171,0.246433735,9.72E-05,0.595324218,1.937066436,0.29071489,0.00031619,0.478343099,1.954645276,0.25722006,0.000261967,0.57358861,2.006107807,0.046149105,0.000286055,0.491382927,2.016051531,-0.019295318,0.000178686
Sitting,0.505596995,0.511787474,-0.56520921,0.999603331,0.517109394,0.469872415,-0.548556745,0.999145806,0.524911284,0.468501717,-0.548579335,0.999262273,0.53122735,0.467369676,-0.54876864,0.999120057,0.493549913,0.471248627,-0.553260267,0.999288797,0.486512482,0.470625222,-0.553213477,0.999403417,0.479673386,0.470514923,-0.553407252,0.999340177,0.540516973,0.470210493,-0.353372157,0.99914825,0.476167917,0.476264328,-0.365672529,0.999507606,0.522314548,0.544566154,-0.484410584,0.999714792,0.494330466,0.546539664,-0.487847716,0.999783397,0.618158221,0.640479505,-0.204194576,0.999547362,0.426053703,0.675066233,-0.216133624,0.999653041,0.651440501,0.889995575,-0.163625568,0.605373383,0.396454155,0.934042335,-0.136426598,0.63102442,0.592418492,1.017940044,-0.344828427,0.048162792,0.435452521,1.101527691,-0.309337974,0.055319436,0.595144629,1.108000517,-0.40243879,0.045099381,0.439547479,1.167089939,-0.362682849,0.051277906,0.571703613,1.037834167,-0.430151284,0.070260413,0.452994525,1.153164983,-0.40330714,0.077443995,0.568133891,1.004093647,-0.361924201,0.064889587,0.45367974,1.124293804,-0.329271048,0.076305188,0.587594628,1.136537552,-0.023123723,0.004877931,0.461340964,1.148581266,0.025042629,0.00538129,0.592069387,1.526141882,-0.003978745,0.002670934,0.46937865,1.540337801,0.056563079,0.000819162,0.591894984,1.885477185,0.257696956,0.000417924,0.477376461,1.902747631,0.229575843,0.000119453,0.595130384,1.937646866,0.272264957,0.000367186,0.478686005,1.956565976,0.238992169,0.000324753,0.573302388,2.006960392,0.030196706,0.000333701,0.491353691,2.01809597,-0.033687599,0.00020922
Sitting,0.505233645,0.514786363,-0.522332132,0.999594152,0.51733464,0.472710043,-0.502953887,0.999135554,0.525341213,0.471341789,-0.502988636,0.999244809,0.531821132,0.470342427,-0.50309521,0.99911046,0.493660271,0.473948538,-0.504581451,0.999283552,0.486719847,0.473186225,-0.504516721,0.999393344,0.479982615,0.473014146,-0.504728317,0.999336779,0.541477978,0.472688586,-0.322113812,0.999138653,0.476507366,0.477780461,-0.32188648,0.999507487,0.522324562,0.547697067,-0.450195074,0.999714553,0.494318545,0.549442768,-0.449103296,0.999785304,0.61819911,0.640559196,-0.188846514,0.99956125,0.426059723,0.675071657,-0.194502234,0.999665082,0.650836885,0.890660584,-0.156148732,0.613269567,0.39631477,0.934062898,-0.120034181,0.634955287,0.592935979,1.021570683,-0.287532419,0.046048786,0.427954346,1.103193402,-0.287383437,0.054280378,0.595958054,1.114451885,-0.334097683,0.043000124,0.428998649,1.168188095,-0.343529761,0.050114602,0.575234473,1.09223175,-0.356085896,0.067000352,0.44268623,1.155421376,-0.37525481,0.075466745,0.567311406,1.009833813,-0.301697552,0.061994717,0.444457829,1.127382874,-0.304944307,0.074554622,0.587595105,1.136573911,-0.02325896,0.004900785,0.461198956,1.148601294,0.025167454,0.005417108,0.592113554,1.527594447,-0.005647278,0.002642005,0.469251782,1.541050076,0.054674834,0.000817214,0.591916203,1.889331341,0.256913006,0.00041364,0.477310032,1.904646993,0.224826813,0.000119421,0.595145643,1.941377878,0.271238297,0.0003606,0.478499889,1.958083987,0.234009311,0.000321579,0.573092341,2.012867928,0.024860863,0.000329337,0.491293579,2.021788597,-0.044821706,0.000205462
Sitting,0.505798459,0.515911818,-0.541005909,0.999599636,0.518014908,0.474148303,-0.525250793,0.999153495,0.526057541,0.472845793,-0.525275111,0.999261677,0.532506883,0.471925139,-0.525438964,0.99913007,0.494304121,0.475221127,-0.529075742,0.99929291,0.487355053,0.474476457,-0.528982818,0.999400139,0.480568081,0.474394828,-0.529166996,0.999340653,0.542201698,0.474474132,-0.336730778,0.999168217,0.47666496,0.479176641,-0.344217002,0.999516547,0.523116827,0.548761904,-0.462846279,0.999722362,0.494944572,0.550685942,-0.46482119,0.999790013,0.618227363,0.639788151,-0.193666697,0.999582946,0.426119655,0.674907446,-0.199035019,0.999660909,0.652136803,0.888166904,-0.165847346,0.625447512,0.396644235,0.933826089,-0.12397828,0.642712176,0.593905628,1.021416783,-0.351305157,0.052630506,0.433195442,1.099434853,-0.303683698,0.056504317,0.595951021,1.112301946,-0.410994679,0.047953334,0.437613964,1.164868593,-0.357640564,0.051745851,0.575198293,1.066962719,-0.434961259,0.074125744,0.451247156,1.148774028,-0.396247268,0.077907205,0.568530202,1.009844542,-0.367028803,0.068403527,0.451679289,1.120283246,-0.323087096,0.076620199,0.587759614,1.134907722,-0.024557259,0.005115286,0.461315393,1.147889733,0.026501795,0.005477859,0.593307197,1.526667476,-0.045595344,0.002738704,0.469612122,1.541248798,0.053634953,0.00082024,0.594249964,1.88933599,0.19234556,0.000428557,0.479069948,1.904843092,0.218753487,0.000119307,0.597896695,1.941661239,0.203564405,0.000379115,0.480607092,1.958301067,0.224914312,0.000325045,0.574395776,2.012706041,-0.060545314,0.000337538,0.493099213,2.021873474,-0.064091548,0.00021144
Sitting,0.505491018,0.520138621,-0.532110095,0.999465585,0.517948747,0.477585018,-0.520639718,0.998937368,0.52611357,0.476160258,-0.520673037,0.999052167,0.532699585,0.475189626,-0.520945787,0.998908877,0.494132698,0.478785753,-0.522834063,0.999119878,0.487206697,0.477951735,-0.522786021,0.999246061,0.48052153,0.477891445,-0.522983909,0.999189973,0.542786241,0.476687551,-0.342797518,0.998978317,0.476698935,0.481460482,-0.34183687,0.999408901,0.523090422,0.551911652,-0.456631094,0.999666572,0.494794607,0.554447055,-0.456237167,0.999751985,0.618387699,0.638724208,-0.205512479,0.999558747,0.426023334,0.674928606,-0.19917649,0.999641418,0.652224958,0.888358712,-0.176510543,0.63056761,0.396812201,0.936243176,-0.127044171,0.643442929,0.597656488,1.021442652,-0.336519003,0.051128909,0.428701401,1.11783874,-0.295218229,0.054682255,0.599899292,1.112858534,-0.389654785,0.046286982,0.429304063,1.182739258,-0.342600286,0.049940728,0.582510829,1.092553377,-0.411024988,0.071372829,0.440789402,1.170957446,-0.384857953,0.075091071,0.575312972,1.011507988,-0.35055393,0.066111162,0.44388923,1.142583251,-0.315970391,0.074042447,0.587861419,1.131045341,-0.03014566,0.005300097,0.461555541,1.144131422,0.031834546,0.00558289,0.593285799,1.526017547,-0.047008608,0.003028197,0.4694857,1.540115476,0.064076364,0.000910713,0.594209313,1.889557362,0.191551745,0.000485109,0.478935242,1.905063748,0.221743897,0.000137866,0.597866714,1.941925168,0.20337674,0.000417505,0.480267763,1.958628297,0.228873253,0.000378176,0.574262738,2.01344347,-0.051929742,0.000364689,0.493014276,2.022792578,-0.054352362,0.000231855
Sitting,0.505442262,0.521733403,-0.477612168,0.99948746,0.518056512,0.478665203,-0.464167029,0.998981476,0.526262403,0.4771595,-0.464132071,0.999086618,0.532854199,0.476213366,-0.464388847,0.998953938,0.49406758,0.480154663,-0.467385828,0.999158323,0.487123787,0.4793185,-0.46720323,0.999275982,0.480496109,0.479297101,-0.467380911,0.99922663,0.542906404,0.477905244,-0.2912184,0.999016643,0.476677477,0.48275277,-0.295411915,0.999438763,0.523007452,0.553057551,-0.406053394,0.999680877,0.494621217,0.555736899,-0.406698078,0.999764025,0.617870808,0.641446531,-0.171600312,0.999579072,0.425860256,0.675850868,-0.193308458,0.999661505,0.649258733,0.893100739,-0.144163266,0.624596536,0.396685928,0.941371262,-0.121726312,0.642485559,0.598342419,1.021090627,-0.297068715,0.047790047,0.418482393,1.143230319,-0.285921872,0.052970666,0.600629747,1.118000388,-0.34750697,0.043440357,0.414479434,1.20939362,-0.333330333,0.048452135,0.583564579,1.108247042,-0.370900542,0.067085788,0.42712909,1.202246189,-0.373724699,0.072781816,0.574776232,1.011630416,-0.313638687,0.062294718,0.431982368,1.173520207,-0.30584836,0.072167225,0.58775878,1.13333869,-0.028003167,0.00515093,0.460522354,1.146446347,0.029846724,0.005444347,0.592358053,1.531491995,-0.019107632,0.002882524,0.467268527,1.545602441,0.046660203,0.000874056,0.593260169,1.89681685,0.240420461,0.000460361,0.475066811,1.912485242,0.197657377,0.000130854,0.597101688,1.949635148,0.253818512,0.00039433,0.475231737,1.965781093,0.204727098,0.000356165,0.572848976,2.020750046,0.00667076,0.000346168,0.491331488,2.032471657,-0.082011864,0.000218842
Sitting,0.505379796,0.524023592,-0.448954403,0.999485373,0.517986894,0.480555475,-0.436043978,0.998976231,0.52618438,0.479088664,-0.435984999,0.999076128,0.532759249,0.478173703,-0.436220735,0.998944998,0.493935764,0.481947213,-0.43715325,0.999158323,0.486944288,0.481064349,-0.436955541,0.999272764,0.48039484,0.481001735,-0.437117338,0.99922812,0.542871356,0.479523599,-0.262440622,0.999006808,0.476681799,0.484152317,-0.255669504,0.999445677,0.522911251,0.55510664,-0.376800388,0.999682069,0.494529426,0.557754576,-0.374379754,0.999766231,0.617874861,0.641826093,-0.134803936,0.999588788,0.42586112,0.677035868,-0.162060603,0.999679387,0.64892149,0.893210411,-0.07829392,0.619290233,0.396802306,0.941992939,-0.09332183,0.646662116,0.611053586,1.057975888,-0.210624143,0.044675831,0.413986832,1.139846921,-0.248087525,0.052416746,0.61293751,1.127822995,-0.254144937,0.040809896,0.408671468,1.205228806,-0.295147419,0.048089221,0.596636593,1.124022126,-0.283424407,0.063135237,0.42199868,1.19805634,-0.341061413,0.072063155,0.592872739,1.086783648,-0.228823736,0.058741011,0.427174479,1.169982195,-0.271065652,0.071719453,0.587673366,1.143838644,-0.026568651,0.005105578,0.460318714,1.154757977,0.028440643,0.005443566,0.591962278,1.538178563,0.006408404,0.002807523,0.467276514,1.550322771,0.049337618,0.000895505,0.593085825,1.901483536,0.288510233,0.000449238,0.475212872,1.914967537,0.230314493,0.000128224,0.596772373,1.954568148,0.304312319,0.000383803,0.475257963,1.96768868,0.24135609,0.000349632,0.572931826,2.023077965,0.055888467,0.000339736,0.492248833,2.034899235,-0.049725689,0.000210288
Sitting,0.502980113,0.523707986,-0.482869476,0.999508321,0.516118526,0.480235577,-0.470439196,0.99901998,0.524352312,0.478858918,-0.470295668,0.999113262,0.531355262,0.478015304,-0.470489264,0.998987436,0.492558897,0.48155883,-0.468244851,0.999195635,0.485776186,0.480711102,-0.468004882,0.999303102,0.479755074,0.480643928,-0.468148232,0.999260962,0.542110145,0.479924738,-0.295127332,0.999048591,0.476905644,0.484335959,-0.270085037,0.999468148,0.521182895,0.555364668,-0.410478741,0.999697924,0.49326998,0.557524681,-0.403378546,0.999776781,0.618056655,0.643159032,-0.163918138,0.999609292,0.425864846,0.67813307,-0.173106268,0.999700129,0.649389267,0.8942976,-0.09262652,0.627015293,0.396630943,0.943575263,-0.094596319,0.653279781,0.614677846,1.070023298,-0.239581659,0.042734869,0.400043726,1.150985241,-0.249425203,0.052336812,0.61465162,1.133330345,-0.2829822,0.038925774,0.391268909,1.218335509,-0.295045286,0.04782737,0.597498,1.129548073,-0.308088541,0.060343679,0.40508613,1.215952396,-0.341476291,0.071585879,0.595280051,1.101168156,-0.255396962,0.05611746,0.411204666,1.187265635,-0.272324532,0.071540393,0.587702811,1.15418756,-0.027549874,0.00511333,0.459903628,1.162828684,0.029447068,0.005545657,0.591654837,1.552186728,0.012644628,0.002785441,0.467247069,1.564088583,0.067062475,0.000907604,0.592732489,1.915139079,0.310624182,0.000442543,0.475047737,1.931303859,0.274125099,0.000125645,0.596345544,1.968556881,0.32751289,0.000373527,0.475025237,1.985217571,0.286574155,0.00034451,0.572722316,2.03774929,0.067366444,0.000337653,0.491763353,2.051849365,-0.013917265,0.000203552
Sitting,0.502929449,0.523240745,-0.564056516,0.999520779,0.516082644,0.479753822,-0.547403157,0.999045432,0.524328113,0.478394389,-0.547380626,0.999133408,0.531317592,0.477568775,-0.547574222,0.999012828,0.492443413,0.481134027,-0.547708809,0.999212325,0.485563666,0.480324805,-0.547549009,0.999314427,0.479591072,0.480304092,-0.547741473,0.999274135,0.542099714,0.479803681,-0.349054277,0.999071062,0.476904929,0.484233141,-0.337991148,0.999474943,0.521093726,0.55499655,-0.482888043,0.999708295,0.493056595,0.557317317,-0.479841322,0.999782264,0.617890239,0.643190324,-0.202226907,0.99962163,0.4259215,0.677868783,-0.196638137,0.99970448,0.649733484,0.89430213,-0.16194199,0.634165287,0.396958083,0.942881107,-0.10819988,0.660633206,0.604535639,1.061033487,-0.339331001,0.041744627,0.40314579,1.149901032,-0.287799269,0.052131291,0.60737592,1.132068276,-0.396331936,0.037788156,0.397203684,1.217492938,-0.342065156,0.0474254,0.581584334,1.088225365,-0.422792912,0.058647074,0.411082447,1.213351727,-0.391864181,0.071096785,0.579622984,1.064929605,-0.356661826,0.054451618,0.416549265,1.185274601,-0.312849104,0.071182631,0.587835073,1.153287649,-0.032203335,0.005135399,0.460083485,1.162478209,0.03418931,0.005602902,0.591753244,1.551139116,0.005770466,0.002826866,0.467619896,1.563236356,0.077718891,0.000918298,0.592616916,1.913712382,0.304326206,0.000441462,0.475190103,1.929715872,0.296113193,0.000125908,0.596166253,1.967074394,0.320600808,0.000365087,0.475319803,1.983703136,0.308818638,0.000348997,0.57207942,2.036284447,0.048502583,0.000333933,0.49171105,2.049680948,-9.35E-05,0.000204212
Sitting,0.503260255,0.522784412,-0.599035323,0.999541521,0.516160846,0.479489684,-0.580721855,0.999084473,0.524395764,0.47816509,-0.580717981,0.999169827,0.531406045,0.47736451,-0.580922663,0.99905175,0.492483765,0.480773419,-0.584835708,0.999238908,0.485569715,0.479967207,-0.584701419,0.999337912,0.479563177,0.479935497,-0.584893167,0.999296665,0.542208374,0.479809195,-0.374759793,0.999112368,0.476873487,0.484128058,-0.382344127,0.999496877,0.521241784,0.554702282,-0.514817476,0.999721885,0.493160725,0.556875587,-0.516896605,0.999791205,0.617868543,0.644102037,-0.211322695,0.999629378,0.425879657,0.677925766,-0.242185995,0.99970448,0.649501741,0.900461078,-0.166587561,0.629634917,0.397718847,0.944808602,-0.158086032,0.65862745,0.607484877,1.071911097,-0.35890168,0.040426783,0.410844475,1.14748311,-0.347156465,0.051186316,0.608373761,1.135606766,-0.418225467,0.036664102,0.406558424,1.215587258,-0.406908363,0.046652965,0.586685658,1.115510106,-0.44991985,0.057072669,0.419654131,1.209204793,-0.456969023,0.070158727,0.579462707,1.053882718,-0.379486531,0.053011119,0.424228817,1.180067301,-0.372588128,0.070257977,0.587835312,1.153200746,-0.030100292,0.004965814,0.459420383,1.162637472,0.032150574,0.005408835,0.591174006,1.553568125,0.019612171,0.002759033,0.466470152,1.565887451,0.069489032,0.000892578,0.590523362,1.916285753,0.335451722,0.000423659,0.473227173,1.932753682,0.273634225,0.000119892,0.593931556,1.970166564,0.352428347,0.000346949,0.473609149,1.987272501,0.284959376,0.000331506,0.568819165,2.03877902,0.072455034,0.000320211,0.489852428,2.052920818,-0.007168642,0.000196675
Sitting,0.503105998,0.526101053,-0.561279655,0.999555409,0.515844822,0.481826395,-0.543873668,0.999110937,0.524004281,0.480188042,-0.543852031,0.999188602,0.531174302,0.479077369,-0.544038117,0.999076962,0.492285162,0.483476937,-0.547158599,0.999261379,0.485358477,0.482546657,-0.547041833,0.999353468,0.479418665,0.4824211,-0.54722929,0.999316454,0.542137265,0.480570465,-0.351957321,0.999135613,0.476845205,0.485453844,-0.363123715,0.999513805,0.521079421,0.556688666,-0.483927339,0.999732077,0.493138939,0.559268892,-0.486795098,0.999798536,0.617860973,0.643837333,-0.205778077,0.99963969,0.426031113,0.677875757,-0.225663811,0.999716043,0.649183571,0.900740802,-0.141773075,0.631173491,0.398541391,0.944724381,-0.128457993,0.666577518,0.610196948,1.066978455,-0.316688836,0.039684083,0.411884546,1.146550417,-0.309339106,0.05286599,0.609982073,1.134925961,-0.373856664,0.036058221,0.408406258,1.213967681,-0.367638648,0.047941174,0.590970397,1.114581943,-0.412285984,0.056224231,0.421790123,1.207586169,-0.426953226,0.071977027,0.579508185,1.041060805,-0.338963032,0.05223063,0.425713718,1.177962422,-0.337049335,0.072169833,0.588326812,1.15284133,-0.030756781,0.004885002,0.460187048,1.162528276,0.032799046,0.005343433,0.592301011,1.552709341,0.017096655,0.002678896,0.467404515,1.564682841,0.070133761,0.00087578,0.592725217,1.913767815,0.309575379,0.000408129,0.475783765,1.9298172,0.275977433,0.000116145,0.596048832,1.966958165,0.325235784,0.000332173,0.476704508,1.983639002,0.288278311,0.000321097,0.572426796,2.035822868,0.056134958,0.000309288,0.491777182,2.048877716,-0.010848672,0.000190854
Sitting,0.502749801,0.526129961,-0.633227348,0.999548495,0.515420258,0.482107252,-0.617288888,0.999099553,0.523572147,0.480422378,-0.617319703,0.999183595,0.530868292,0.479251564,-0.617546499,0.999069393,0.4919433,0.483830988,-0.617913544,0.999239743,0.485001713,0.482906371,-0.617778182,0.999332547,0.479178131,0.482778013,-0.617982507,0.999288321,0.541957498,0.480642647,-0.410958916,0.99914372,0.47684589,0.485886097,-0.403505415,0.999498129,0.520841718,0.556698799,-0.547656178,0.999731839,0.492786825,0.559278131,-0.54531014,0.999794424,0.618014932,0.641703784,-0.247522354,0.999641299,0.426043332,0.677731931,-0.239138335,0.99970305,0.649221778,0.900697589,-0.207108662,0.629021525,0.404984474,0.941909373,-0.140994132,0.667616367,0.609972656,1.072162509,-0.418731064,0.038254857,0.441172928,1.135153055,-0.33452338,0.051689986,0.609736681,1.139268756,-0.486871302,0.034818657,0.446904808,1.202459216,-0.395587593,0.046834242,0.587435186,1.091279149,-0.52607882,0.054438993,0.458140433,1.189909697,-0.447597921,0.070472658,0.579452872,1.038787484,-0.442643732,0.050546721,0.458059639,1.158968806,-0.360241473,0.070549875,0.589623749,1.148675084,-0.033815492,0.004859896,0.462013483,1.160782456,0.035844129,0.005320546,0.594532132,1.548429728,-0.001413137,0.002799917,0.469654649,1.562360287,0.057187449,0.00095238,0.594336987,1.909978032,0.300269574,0.000415746,0.478224993,1.9289397,0.251165658,0.000122463,0.597489059,1.96354115,0.315858334,0.000334818,0.479903758,1.983499646,0.259754509,0.000338917,0.574148297,2.031836033,0.023197105,0.000312258,0.492556512,2.046218634,-0.063851759,0.000198143
Sitting,0.502707422,0.525801837,-0.630676866,0.999535024,0.515382528,0.481895447,-0.610429943,0.999069571,0.523547232,0.480240792,-0.610472381,0.999177277,0.530850351,0.479095578,-0.610630453,0.99904412,0.491779894,0.483576924,-0.613858223,0.999195755,0.484739125,0.482666522,-0.61376071,0.999307394,0.47894758,0.482544065,-0.613993883,0.99924463,0.541950166,0.480694145,-0.396183074,0.999143481,0.47675544,0.486030489,-0.400230974,0.999482632,0.520796001,0.556505084,-0.5420596,0.999712229,0.492751181,0.559053004,-0.543673873,0.9997769,0.61802274,0.641839921,-0.225467205,0.999598682,0.426042467,0.677805305,-0.253939211,0.999650359,0.649232149,0.903754413,-0.188858852,0.609509587,0.407601029,0.940018296,-0.195936307,0.666336536,0.606402516,1.069702148,-0.399361402,0.037013832,0.508244395,1.025581241,-0.376024604,0.052351817,0.60290885,1.126601577,-0.461972237,0.033799622,0.520670772,1.111919165,-0.438940674,0.04708574,0.585544586,1.091393709,-0.493354619,0.052845992,0.527089357,1.0805161,-0.468216956,0.070715576,0.579451978,1.056158662,-0.419902802,0.04919916,0.517830849,1.05594027,-0.391287655,0.070040986,0.59125936,1.148007035,-0.02740695,0.004864756,0.462167203,1.160536408,0.029518295,0.005307966,0.599336505,1.546671748,-0.01852447,0.003023432,0.475514024,1.561953187,0.014677512,0.001087883,0.600402594,1.907713652,0.266219258,0.000431306,0.485712945,1.928422213,0.173046097,0.000131101,0.603954375,1.962149382,0.279163778,0.000353317,0.487379968,1.983692884,0.177139685,0.000349735,0.580229521,2.029390097,-0.020224331,0.000333134,0.500591636,2.045668125,-0.145294368,0.000218221
Sitting,0.501345515,0.525963187,-0.62543124,0.999502718,0.514169872,0.482127011,-0.608394742,0.999003649,0.522468507,0.480475694,-0.608439088,0.999126434,0.53009212,0.479316324,-0.608599067,0.998966038,0.490411699,0.483730733,-0.609623611,0.999143839,0.483369261,0.482815802,-0.609594941,0.999271214,0.477960914,0.48266843,-0.609824359,0.999203205,0.541809738,0.480871081,-0.402360916,0.999084949,0.476633728,0.48618716,-0.397839278,0.999453664,0.519521534,0.556885302,-0.539706409,0.999685228,0.491828829,0.559347987,-0.538568079,0.999760926,0.618000627,0.641842425,-0.227625921,0.999519825,0.426091671,0.676319659,-0.246486112,0.99962616,0.649240375,0.903697729,-0.185891733,0.609406829,0.409818321,0.936017334,-0.17934522,0.6795789,0.599575222,1.067106366,-0.379281461,0.036866695,0.497565985,1.043690681,-0.356965244,0.056546453,0.592502713,1.12548399,-0.438319623,0.033472925,0.517817616,1.109472752,-0.416915953,0.049731784,0.572603106,1.057706952,-0.468692482,0.052111745,0.526685357,1.079987049,-0.44681412,0.074033044,0.570765615,1.025666833,-0.398099273,0.048663508,0.518836319,1.054152727,-0.37188381,0.072367072,0.591244996,1.144968629,-0.027155766,0.005780767,0.463151872,1.15515244,0.029148296,0.006434062,0.598919153,1.537219763,-0.017676618,0.003998415,0.475141108,1.54917419,0.018959137,0.001587444,0.5988608,1.892743945,0.265964448,0.00058148,0.485358,1.913132071,0.196579367,0.000218317,0.602314472,1.94587338,0.279570341,0.000488055,0.487166166,1.967647791,0.203329444,0.000567145,0.578672528,2.014344692,-0.007825,0.000427851,0.499852479,2.032271147,-0.107920431,0.000317475
Sitting,0.500370383,0.526056468,-0.628542721,0.999461114,0.51306355,0.482380837,-0.612115026,0.998913705,0.521430254,0.480737984,-0.612123132,0.999056578,0.529209852,0.47958535,-0.612254798,0.998865545,0.489452839,0.483938485,-0.614536345,0.999077737,0.482554376,0.483038634,-0.614516556,0.99922657,0.477416813,0.482910663,-0.61475718,0.999154747,0.541421175,0.481095642,-0.407478392,0.998996556,0.476609081,0.486577898,-0.408550024,0.999418914,0.518807173,0.557044923,-0.543225527,0.999646187,0.491199493,0.559447765,-0.54360646,0.999739826,0.61793077,0.640972197,-0.22908096,0.99944526,0.426204026,0.676270843,-0.266740829,0.999606013,0.649608493,0.902249336,-0.180031806,0.605505705,0.410868227,0.935978353,-0.204566926,0.693280399,0.597988009,1.065476179,-0.366856515,0.036278959,0.500217319,1.035889149,-0.370508611,0.062535129,0.591241419,1.125682354,-0.426346719,0.032914411,0.525151789,1.106853008,-0.429152876,0.053860728,0.572932124,1.087054133,-0.453780591,0.051110204,0.533402383,1.076158762,-0.45523119,0.079365149,0.567012131,1.024296403,-0.385272801,0.047946546,0.525409818,1.051179051,-0.382778704,0.076417409,0.591677904,1.142476439,-0.023084361,0.006306815,0.463984102,1.152356386,0.024869662,0.007159272,0.598646462,1.532766223,-0.00840877,0.00456009,0.475659043,1.543571949,0.021010585,0.001919872,0.598816037,1.887398601,0.26851064,0.000661471,0.484973341,1.907761931,0.182434723,0.000267473,0.6021837,1.939482331,0.282042623,0.000572611,0.486631483,1.961921573,0.188170671,0.000671301,0.578371048,2.010520458,-1.16E-05,0.000492926,0.499353021,2.027582884,-0.113322809,0.000377503
Sitting,0.500529587,0.528219819,-0.60857445,0.999330997,0.513133883,0.485004425,-0.592312217,0.998630285,0.521483719,0.483373851,-0.592318833,0.998821139,0.529238224,0.482107133,-0.592475712,0.99857229,0.489502519,0.485944957,-0.594370484,0.998855531,0.482573211,0.484802216,-0.594311595,0.999047339,0.477407753,0.484449267,-0.594538927,0.998969078,0.541415095,0.482512414,-0.392151475,0.998772323,0.476581663,0.487416029,-0.39161396,0.999304295,0.518825829,0.559503257,-0.525573611,0.999555171,0.49123174,0.561865985,-0.525095344,0.999682605,0.617487729,0.640999794,-0.225167602,0.999365032,0.426096618,0.676231742,-0.253419101,0.999558866,0.649615705,0.902600288,-0.208901972,0.611711562,0.410770237,0.935361624,-0.203757852,0.695425272,0.551673114,0.979338765,-0.426862806,0.041373514,0.499549806,1.010906696,-0.404659837,0.067791,0.544758677,1.058897257,-0.487671465,0.036772091,0.50914824,1.093050838,-0.467165858,0.058105398,0.534876943,1.025622606,-0.500079513,0.056053363,0.517071128,1.058252573,-0.490867198,0.084682666,0.538483322,1.003230333,-0.437902272,0.052200239,0.511306047,1.035268307,-0.417743534,0.080745496,0.591656744,1.139208674,-0.018698543,0.006399843,0.463959545,1.150898576,0.020444481,0.007248675,0.598507404,1.527697802,-0.018044025,0.005123385,0.475484222,1.538378954,-0.010315846,0.002183867,0.599179924,1.883087158,0.218002722,0.00070168,0.485413551,1.901698589,0.114215113,0.000287465,0.602715909,1.93471396,0.228230625,0.000625283,0.486864179,1.955247998,0.116051711,0.000699539,0.579211116,2.004855633,-0.044957396,0.000542149,0.500408947,2.019843817,-0.179834083,0.000418319
Sitting,0.500526547,0.527915478,-0.622107089,0.999338388,0.513138473,0.484548479,-0.601529717,0.998652577,0.521493912,0.48292464,-0.601575375,0.99884367,0.529255748,0.481680095,-0.601691067,0.998597741,0.48947233,0.485608637,-0.603577256,0.998858929,0.482509553,0.484539658,-0.603489518,0.999048829,0.47734347,0.484241277,-0.6037184,0.998965561,0.541459024,0.482391626,-0.387608707,0.998804986,0.476458251,0.487349182,-0.386725605,0.99929899,0.518826127,0.559144974,-0.533659875,0.999560356,0.491210043,0.56171447,-0.533500075,0.999681056,0.617484689,0.641511202,-0.221029758,0.999353826,0.42611298,0.675545335,-0.251877606,0.999507964,0.649668515,0.902535439,-0.199780226,0.619867146,0.410582542,0.929908335,-0.195299655,0.694649756,0.563614786,1.004129291,-0.413581669,0.043379687,0.499271095,1.001810789,-0.383645952,0.068672538,0.56074959,1.060426593,-0.478146702,0.038177893,0.511125922,1.093370438,-0.44963789,0.059226099,0.546824098,1.051366806,-0.504160166,0.058054883,0.519236386,1.06007576,-0.4802064,0.086279213,0.545508027,1.003213286,-0.430510104,0.054054845,0.512181282,1.035790324,-0.400036097,0.081697695,0.591455102,1.139005899,-0.018791441,0.006684881,0.463637769,1.150019169,0.020622853,0.007435486,0.598419309,1.527178645,-0.014179746,0.00521902,0.475383759,1.536956906,0.001130202,0.002257746,0.597232461,1.881485462,0.258816838,0.000720871,0.484814584,1.899488211,0.132545441,0.000298072,0.600349069,1.933360457,0.271263361,0.000647148,0.486399591,1.95363009,0.130206496,0.000726146,0.577074647,2.002422333,-0.04049081,0.000561463,0.497956187,2.016998768,-0.141040862,0.000447496
Sitting,0.500664592,0.527966857,-0.632392287,0.999309897,0.513251543,0.484475911,-0.613371909,0.99859041,0.52159971,0.482855111,-0.613389373,0.998801291,0.529325545,0.481623292,-0.61350596,0.998535812,0.489486873,0.485550851,-0.616858661,0.998802483,0.482507229,0.484484553,-0.616788208,0.999009371,0.477332771,0.484195501,-0.617039979,0.998918295,0.541464806,0.482429385,-0.400480747,0.998767912,0.476280123,0.487363786,-0.405889988,0.999265611,0.51886487,0.559217513,-0.544360518,0.999537587,0.491198599,0.562020421,-0.54609549,0.999665022,0.617480397,0.641191423,-0.231332988,0.99929738,0.426060051,0.675145686,-0.270826727,0.99947089,0.649457335,0.903246284,-0.205886126,0.619391382,0.411497116,0.929930091,-0.229477882,0.701062918,0.565838456,1.028293014,-0.401853234,0.042973489,0.514720321,1.000268102,-0.400816619,0.070774004,0.554893017,1.07919991,-0.462235272,0.037724916,0.529494405,1.078958035,-0.46416831,0.060719796,0.540301442,1.073881269,-0.487803847,0.05724756,0.543246329,1.004730225,-0.490012646,0.088003069,0.541852176,1.049694061,-0.418253183,0.053507436,0.525097668,1.019841552,-0.41400528,0.082764886,0.591370881,1.13739562,-0.017770125,0.007415279,0.463251591,1.148318648,0.019591745,0.008264312,0.598293424,1.523084879,0.006145353,0.005847889,0.475419194,1.533367634,0.008703792,0.002595108,0.597969949,1.875162125,0.287683964,0.000818846,0.485047758,1.894353032,0.147863999,0.000351521,0.601378798,1.926647663,0.301825494,0.000759691,0.486486912,1.948406935,0.148730546,0.0008275,0.577828288,1.998047709,0.013816258,0.000628762,0.49799785,2.012726545,-0.132691115,0.00050841
Sitting,0.50055027,0.527861238,-0.596720278,0.999215543,0.51316011,0.484384805,-0.581425071,0.9983989,0.52149266,0.482770115,-0.581436396,0.998627484,0.52925092,0.481547803,-0.581546187,0.998334944,0.489361346,0.485463679,-0.585301995,0.998675644,0.48235026,0.484410256,-0.58529079,0.998903394,0.477203429,0.484134287,-0.585565448,0.998825073,0.541422486,0.482416123,-0.384897083,0.998584092,0.476099253,0.487333685,-0.394530475,0.999196231,0.518539965,0.559145093,-0.51460439,0.999483526,0.490929931,0.561951756,-0.516892254,0.999637246,0.617449701,0.641022861,-0.22738114,0.999210238,0.426028341,0.674250364,-0.260875702,0.99945873,0.649091005,0.903306067,-0.201768637,0.624683619,0.411280096,0.929120362,-0.2086595,0.712643564,0.569296718,1.031460404,-0.389769197,0.043047562,0.50706917,1.00416708,-0.399899334,0.073914081,0.55682081,1.085682631,-0.444455773,0.037478954,0.524066567,1.090117931,-0.452936351,0.062530145,0.543246388,1.074504137,-0.463217676,0.056406841,0.532615006,1.037978053,-0.461247832,0.089671664,0.544315994,1.022736907,-0.401739508,0.053133186,0.521796048,1.031783938,-0.399087906,0.084309757,0.590515137,1.134880662,-0.01646759,0.009378439,0.463028491,1.144287705,0.018132875,0.010805233,0.594472289,1.51810658,0.016337922,0.006857492,0.472485483,1.526387572,0.014445903,0.003136193,0.593416274,1.868262053,0.286414206,0.000989966,0.479990155,1.885722637,0.16813302,0.000452931,0.596930027,1.917906642,0.300615728,0.000966463,0.481084526,1.937912822,0.172462821,0.001050451,0.572830081,1.992447972,0.034551594,0.000725291,0.491583735,2.005904913,-0.130070776,0.000606854
Sitting,0.500884056,0.527665734,-0.651049316,0.999215543,0.513429523,0.484231949,-0.630313456,0.998416066,0.521711469,0.482584536,-0.630329072,0.998636842,0.52938956,0.481334358,-0.630452991,0.998347998,0.489567369,0.485424072,-0.63328445,0.998679996,0.482463837,0.484386712,-0.633250117,0.998903096,0.477228224,0.484091312,-0.633481145,0.998829067,0.541468501,0.482326299,-0.409302056,0.998604298,0.476059496,0.487321943,-0.41289416,0.999191821,0.518798828,0.558936715,-0.560507178,0.999484539,0.491069794,0.5618999,-0.56137991,0.999633551,0.617540598,0.641332388,-0.242032483,0.999183774,0.426041424,0.674248159,-0.265665948,0.999417543,0.649237692,0.903550208,-0.230146885,0.638086319,0.411108583,0.928825557,-0.219980001,0.72294718,0.567096651,1.04638207,-0.43335548,0.043975405,0.504998922,1.000665903,-0.408642709,0.076682337,0.551478207,1.10433805,-0.496556222,0.037749369,0.52664268,1.078188419,-0.47158736,0.064429864,0.535765529,1.092868686,-0.518097281,0.056638785,0.533009589,1.03767395,-0.495256275,0.09210749,0.538944721,1.064044833,-0.447883457,0.053422902,0.523213208,1.020581365,-0.419637203,0.086020537,0.590097189,1.137389183,-0.019541439,0.009669811,0.462804735,1.144770026,0.021237727,0.011023964,0.59206903,1.524964094,0.015106393,0.007280969,0.471124083,1.528436661,0.023044242,0.003420818,0.586990476,1.875007153,0.287298203,0.001084095,0.476359934,1.888463736,0.190986335,0.000499539,0.590018034,1.924607992,0.301315665,0.001030953,0.477161795,1.940261841,0.196079239,0.001170555,0.565620124,1.997835398,0.025980148,0.000780105,0.486249536,2.01213932,-0.123853765,0.000665612
Sitting,0.500668228,0.525863647,-0.640960157,0.99919951,0.513312817,0.482644945,-0.624501169,0.998385131,0.521639466,0.481085241,-0.624405801,0.998618126,0.529345512,0.479915798,-0.62463963,0.998315156,0.489312172,0.48411864,-0.628194451,0.998642206,0.482191414,0.483382672,-0.628044665,0.998876572,0.476982206,0.483252794,-0.628184557,0.998792112,0.541459262,0.481730133,-0.405451536,0.998590171,0.475869894,0.487128735,-0.406389058,0.999161065,0.518785775,0.557712793,-0.553747773,0.999466836,0.490774482,0.560858548,-0.554870427,0.999617815,0.617666245,0.641182065,-0.238193512,0.99913919,0.425931036,0.674504876,-0.257922858,0.999360323,0.650228739,0.902258575,-0.217093423,0.638846278,0.411866337,0.929063857,-0.209082648,0.720978677,0.56872642,1.046729088,-0.421098232,0.044627663,0.514036596,0.999939382,-0.396545947,0.077630572,0.556208611,1.105017304,-0.483398259,0.038337186,0.529052615,1.082300782,-0.459338963,0.065443099,0.540237546,1.092445254,-0.507126212,0.057517342,0.534563124,1.045023203,-0.485068738,0.093536772,0.540473521,1.026571751,-0.436695337,0.054238264,0.525580466,1.024441242,-0.409623533,0.086833991,0.590790987,1.137575269,-0.019830653,0.009811217,0.463217318,1.145829201,0.021546744,0.011099616,0.593912005,1.525003552,-0.021305356,0.00772381,0.471957624,1.52898252,0.013994657,0.003572124,0.589945674,1.875902772,0.241323262,0.001119515,0.478239834,1.889564514,0.161884621,0.000524269,0.593035817,1.925886989,0.253956616,0.00106116,0.479385674,1.940458179,0.165523455,0.001201779,0.569791138,1.998527169,-0.024881475,0.000824589,0.488130867,2.01295805,-0.138607293,0.000703988
Sitting,0.502278209,0.525822461,-0.642926097,0.999179959,0.514834642,0.482625782,-0.624631464,0.998336136,0.523153245,0.481057644,-0.624614835,0.998578072,0.530444562,0.479880214,-0.624733031,0.998261452,0.490629494,0.484089285,-0.629038215,0.998614609,0.483409464,0.483341306,-0.629004955,0.998858392,0.477651983,0.483205289,-0.629247487,0.99877733,0.542059422,0.48174876,-0.410859257,0.99854511,0.475865841,0.487116754,-0.420020282,0.999154449,0.519959748,0.557662904,-0.555932164,0.999451399,0.491698742,0.560792625,-0.55884403,0.999611199,0.617662728,0.642926216,-0.246657565,0.999088526,0.425833404,0.674550414,-0.278210253,0.999357581,0.649847388,0.906389952,-0.241436392,0.647313774,0.412053198,0.930663705,-0.249146342,0.734021008,0.554947019,1.037921548,-0.445940912,0.047434513,0.516254961,0.999242067,-0.429534525,0.086630359,0.534221649,1.089140534,-0.505911469,0.039788146,0.532331228,1.074752569,-0.491156101,0.07098975,0.523413837,1.067092538,-0.52138865,0.058918893,0.536530137,1.035223961,-0.511627913,0.099840038,0.527444959,1.026989222,-0.457796335,0.055928253,0.52745378,1.014959097,-0.439982802,0.09280362,0.590878427,1.138636827,-0.018348716,0.010482072,0.462833792,1.147693753,0.020034593,0.01205006,0.594030738,1.52640605,0.018731225,0.007918453,0.47149986,1.531408072,0.026570011,0.003678649,0.591956258,1.876111507,0.30275321,0.00115672,0.478646904,1.890596032,0.209895536,0.000535092,0.595683634,1.926670551,0.31733948,0.001114417,0.479730189,1.942575097,0.217805192,0.001215467,0.572510064,1.998847246,0.0374831,0.000842118,0.490576893,2.013532877,-0.088825449,0.000724003
Sitting,0.501795411,0.528059006,-0.676656842,0.999203444,0.514528334,0.48412928,-0.65913868,0.998390973,0.522916913,0.482477516,-0.659133196,0.998617828,0.530313432,0.481244206,-0.659221232,0.998310864,0.490315616,0.485500544,-0.659154296,0.998654664,0.483125776,0.484606892,-0.659069717,0.998883784,0.477475822,0.484344184,-0.659303606,0.998807132,0.542054117,0.48257336,-0.438866943,0.998585999,0.475860775,0.487485766,-0.429679722,0.999174774,0.519485593,0.559448183,-0.58572185,0.999466956,0.491387755,0.562174082,-0.583200336,0.999619424,0.617860734,0.64354831,-0.258262783,0.999079525,0.425920874,0.674376786,-0.270324647,0.999363005,0.650208354,0.909434736,-0.260172427,0.64662236,0.41181922,0.93069458,-0.230145961,0.737950563,0.556428075,1.023543835,-0.490846008,0.049017869,0.512586236,1.000276327,-0.438960731,0.091087148,0.540265381,1.066918731,-0.557836473,0.040924136,0.527162135,1.057719827,-0.50618118,0.074418567,0.525035501,1.040754914,-0.574527979,0.060508084,0.534038663,1.041966796,-0.532269955,0.104722828,0.532770336,1.019166708,-0.504621804,0.057140887,0.525099933,1.021544337,-0.453338385,0.096793361,0.591190755,1.141976118,-0.026261192,0.009904249,0.462521791,1.150438309,0.028186072,0.011408363,0.594434798,1.535378218,0.015770473,0.007652392,0.471457899,1.542404532,0.056838863,0.003546601,0.592494786,1.887203813,0.303871393,0.001114713,0.478695005,1.902218342,0.26214245,0.000502425,0.596318245,1.93908906,0.318585932,0.001066105,0.479793608,1.954137802,0.271783769,0.001152224,0.572567165,2.009221315,0.032408495,0.000810311,0.49109,2.026196957,-0.057433832,0.000702094
Sitting,0.501778722,0.530714214,-0.657826066,0.999176741,0.514513135,0.487577528,-0.640282989,0.998339593,0.522902489,0.485522926,-0.64029181,0.998575985,0.530304372,0.483894318,-0.640397191,0.998257875,0.490306199,0.489696324,-0.641410768,0.998596489,0.483098447,0.488877416,-0.641346574,0.998832107,0.477450788,0.488428205,-0.641591191,0.998749018,0.542051256,0.48385036,-0.424505889,0.998563588,0.475856364,0.489834428,-0.419322163,0.999131918,0.519459546,0.56127131,-0.568627238,0.999455631,0.491379917,0.564284205,-0.567323387,0.999603927,0.617893994,0.645865321,-0.251711339,0.999046981,0.426026523,0.674036384,-0.265746891,0.999331474,0.649741054,0.911940575,-0.244254827,0.657934368,0.4118177,0.928262591,-0.225352168,0.741943419,0.558118641,1.039415717,-0.462686479,0.050763682,0.509796262,0.986833632,-0.424041122,0.09348534,0.54085499,1.087394834,-0.532933354,0.041871302,0.527356982,1.054969788,-0.48783049,0.076249741,0.527328134,1.063593626,-0.560535491,0.061583772,0.532723188,1.02514255,-0.513113141,0.106650181,0.53235662,1.049322128,-0.480984032,0.058349434,0.524090588,1.005433202,-0.437527955,0.098519318,0.590336204,1.143394709,-0.026168531,0.010163449,0.461019099,1.150472045,0.028075632,0.0116355,0.591983259,1.536887765,0.019730464,0.007879248,0.469213873,1.542427778,0.052387606,0.003699817,0.587807477,1.888369918,0.316095054,0.00118832,0.475661814,1.902280211,0.246940568,0.000533628,0.591311336,1.939828873,0.330943882,0.001116142,0.4768067,1.954266071,0.255475938,0.001216823,0.566765249,2.011211157,0.038121067,0.000846675,0.486694872,2.027007818,-0.065084763,0.000747836
Sitting,0.502171278,0.531109214,-0.655032158,0.999183476,0.514932811,0.488309771,-0.635728657,0.998353541,0.523360848,0.486241519,-0.635767639,0.998587012,0.530712068,0.484603673,-0.63585335,0.998270273,0.490578026,0.490213364,-0.636228919,0.998605847,0.483262151,0.48931998,-0.636176467,0.998837173,0.47752133,0.48890537,-0.636452198,0.998755336,0.542312264,0.484290272,-0.419781685,0.998586357,0.475820541,0.490138292,-0.414554358,0.999135852,0.51966989,0.561839163,-0.566782117,0.999462843,0.49146843,0.565068245,-0.564321637,0.999607146,0.617936492,0.64636445,-0.247952968,0.999037981,0.425959975,0.674436927,-0.263137341,0.99932605,0.649811864,0.913192332,-0.236597687,0.661092103,0.41179651,0.929364681,-0.221939206,0.746889532,0.558245003,1.040554047,-0.452285469,0.051103912,0.515002906,0.991772473,-0.416447729,0.094746403,0.539629996,1.0884974,-0.510672212,0.041669264,0.52999413,1.060950756,-0.474723488,0.076556943,0.526917577,1.063894272,-0.520062387,0.061131023,0.534412503,1.028455496,-0.49088636,0.106793836,0.531343699,1.050924778,-0.460623115,0.058038715,0.525628686,1.008626342,-0.424219221,0.098368101,0.590304375,1.144558787,-0.025918007,0.010567511,0.460983694,1.151551008,0.027809301,0.012036266,0.592104554,1.537724018,0.00898049,0.00832158,0.469358265,1.54468739,0.050254446,0.003877328,0.589066565,1.889714241,0.287455857,0.001244181,0.476097256,1.904970407,0.237905338,0.000550469,0.59309113,1.941010833,0.301255405,0.001169057,0.477115691,1.957286596,0.24622114,0.001252919,0.567193687,2.014059067,0.011809478,0.000868428,0.486916631,2.030417681,-0.071137503,0.000772187
Sitting,0.502371192,0.534627855,-0.657924414,0.999211729,0.515159249,0.492754668,-0.639935076,0.998417258,0.523623765,0.490816504,-0.639950931,0.998646319,0.530981541,0.489131838,-0.6400792,0.998338342,0.490740955,0.494281888,-0.642065406,0.998648643,0.483414114,0.493418574,-0.641985118,0.998872697,0.477617174,0.492706686,-0.64219147,0.998785913,0.542465508,0.487199813,-0.425106913,0.998651326,0.47581616,0.4925991,-0.425060183,0.999159932,0.519784033,0.56508863,-0.568812609,0.999475777,0.49155879,0.56782347,-0.568679929,0.999611735,0.617939055,0.648287416,-0.250054687,0.999042511,0.425890267,0.675955772,-0.269735664,0.999297857,0.648107767,0.914817572,-0.235399768,0.653220654,0.411754191,0.930664003,-0.230074078,0.74416548,0.560278773,1.048150897,-0.448124737,0.050260346,0.51903379,0.994202614,-0.413022429,0.094171524,0.542926908,1.099199295,-0.503615797,0.041036662,0.53296876,1.060878158,-0.471553624,0.075824611,0.529898226,1.079501271,-0.51242584,0.060382839,0.537412226,1.029012203,-0.48983258,0.106001109,0.533370137,1.063041449,-0.459348589,0.057223216,0.528498054,1.009640217,-0.422329485,0.09701743,0.589267731,1.146756172,-0.02591287,0.01006817,0.459906399,1.15343833,0.027803674,0.011373374,0.591686368,1.543780208,-0.018177185,0.00839488,0.469366729,1.552299142,0.047239505,0.003893983,0.588675499,1.90073514,0.257080108,0.001237039,0.476260662,1.917211294,0.214822143,0.000531086,0.592594445,1.953951001,0.26984489,0.001144821,0.477277577,1.971422672,0.220227882,0.001208828,0.566788316,2.023890018,-0.02668434,0.00086385,0.487318933,2.041577101,-0.102034949,0.000757869
Sitting,0.503550231,0.534807861,-0.677737832,0.999197066,0.516101003,0.492787808,-0.660784364,0.998396635,0.524531066,0.490835011,-0.66080904,0.998627722,0.531664729,0.489188522,-0.660922289,0.998315573,0.491466612,0.494333059,-0.665556371,0.998626053,0.484093726,0.493481994,-0.665531516,0.998853028,0.478009462,0.492872536,-0.66578114,0.998765945,0.542797327,0.487547755,-0.442461401,0.998627782,0.475818455,0.493041813,-0.454799116,0.999153912,0.520632625,0.565300643,-0.586039484,0.999459982,0.492385536,0.56818229,-0.589815259,0.999603271,0.618044436,0.648425519,-0.253180414,0.999012709,0.425350487,0.676927209,-0.290918499,0.999281526,0.64899081,0.917125106,-0.238471627,0.647980511,0.411803633,0.933166862,-0.244017035,0.746958673,0.568541527,1.035708904,-0.465066612,0.051894687,0.517890871,0.994819403,-0.427966654,0.096965827,0.55283761,1.079793096,-0.525731325,0.04196896,0.532182813,1.075047255,-0.487698644,0.077230804,0.544060767,1.054807305,-0.542834401,0.061351202,0.536711276,1.037104487,-0.510458052,0.107717097,0.546069026,1.042431474,-0.478841841,0.058275945,0.527838945,1.015290499,-0.439357042,0.098584928,0.589953542,1.148023367,-0.023756837,0.010187848,0.45991078,1.156591058,0.025568083,0.011507198,0.593530834,1.54381454,0.011878032,0.008508651,0.469383419,1.553968191,0.046311323,0.003919817,0.59330976,1.90000546,0.309363306,0.001229521,0.477989376,1.91685617,0.225090742,0.000520134,0.597239614,1.953024149,0.325326383,0.001148495,0.479185879,1.970685005,0.232740805,0.001182055,0.573346972,2.023219109,0.038718186,0.000866843,0.492769778,2.040695429,-0.083302461,0.000764861
Sitting,0.503536105,0.537802875,-0.666158736,0.999175191,0.516088128,0.495703518,-0.649366319,0.998357117,0.524518907,0.493584991,-0.649394512,0.998596311,0.531674325,0.491669178,-0.649514675,0.998264015,0.491408974,0.497311234,-0.652869582,0.998592019,0.484018743,0.496438265,-0.65283525,0.998827219,0.477967262,0.495648205,-0.653077543,0.998733222,0.542867482,0.488908887,-0.434782177,0.998601854,0.475801766,0.494955033,-0.440940708,0.999136984,0.520625651,0.567565143,-0.576075494,0.999437392,0.4923729,0.570318162,-0.578286409,0.999590993,0.61831212,0.649881601,-0.251039743,0.998973489,0.425313473,0.676953793,-0.286968052,0.999263942,0.649023712,0.917848468,-0.236134693,0.640370607,0.411803484,0.933558583,-0.213956907,0.744951189,0.568617463,1.047917485,-0.449231446,0.050525319,0.515423894,0.99934572,-0.386327684,0.095739111,0.552930236,1.102075577,-0.508976817,0.041180611,0.530716777,1.088404417,-0.443758488,0.076610334,0.54390651,1.080409288,-0.531946421,0.060351882,0.535787106,1.052698135,-0.470189989,0.107302643,0.545975327,1.061030507,-0.464392751,0.057128843,0.5270226,1.027463913,-0.398943722,0.097530559,0.589965284,1.150463223,-0.024246315,0.009946498,0.46029526,1.159923553,0.026046526,0.011194329,0.593895733,1.544528246,-0.025210431,0.009251337,0.471890152,1.556104064,0.028227787,0.004191846,0.593333185,1.901724219,0.241631061,0.001335663,0.480939239,1.920908809,0.174073696,0.000559855,0.597229958,1.955311894,0.25452888,0.001227287,0.482436746,1.976367712,0.17822364,0.001271212,0.573386073,2.025650501,-0.030664172,0.000964286,0.494435728,2.042936802,-0.128330603,0.000841084
Sitting,0.503803909,0.542453706,-0.66070348,0.999117732,0.51649344,0.5002563,-0.644508004,0.998284996,0.525134087,0.498087257,-0.644545555,0.998525083,0.532352805,0.495988727,-0.644681931,0.998178005,0.491500676,0.50190258,-0.647347808,0.998516679,0.484059989,0.501021326,-0.647301257,0.998745382,0.477983564,0.499979436,-0.647534251,0.998647869,0.544148684,0.491412222,-0.430802435,0.998541892,0.475797743,0.497693419,-0.434670985,0.99909538,0.52113539,0.571405232,-0.571853042,0.999395788,0.492719114,0.574509501,-0.574122429,0.999565065,0.618443072,0.648744941,-0.229688719,0.998929262,0.425569236,0.675108731,-0.270450771,0.999241769,0.649653614,0.917743444,-0.179639965,0.625709414,0.411782563,0.931064367,-0.208015993,0.744002521,0.60237515,1.025584936,-0.38479045,0.051019941,0.515709996,1.000117183,-0.386960715,0.099384591,0.598877311,1.069327593,-0.440429062,0.042017613,0.531828284,1.089043021,-0.44559589,0.07964468,0.590925455,1.045392394,-0.469574064,0.061408374,0.537402987,1.053273678,-0.471182168,0.111177661,0.587541401,1.030156016,-0.402908385,0.058212437,0.52933985,1.028203011,-0.399690807,0.100836262,0.589983523,1.149595261,-0.023713619,0.009749997,0.460732937,1.157858133,0.025513452,0.010942302,0.594086587,1.543966055,-0.021404976,0.009539452,0.472161055,1.552857161,0.015580234,0.004476695,0.593334854,1.901313066,0.244682223,0.001325598,0.480922639,1.920153856,0.159413844,0.000565009,0.597115755,1.95428741,0.257238209,0.001233621,0.482297599,1.975591183,0.163773581,0.001299234,0.573468387,2.025500774,-0.026077753,0.000973838,0.494423479,2.041759968,-0.145093173,0.000861794
Sitting,0.503923714,0.547684133,-0.668177724,0.99916482,0.516594768,0.504704595,-0.653576195,0.998377502,0.525273681,0.502705693,-0.653566897,0.998604417,0.532515705,0.500706911,-0.653709948,0.998271346,0.491522878,0.506330848,-0.656585872,0.998594761,0.48408407,0.505466104,-0.656517982,0.998811185,0.478008211,0.504399955,-0.656715989,0.998716116,0.544186473,0.49510482,-0.441101968,0.998619914,0.475777864,0.500872731,-0.445094585,0.999144375,0.521267772,0.576147258,-0.578122497,0.999421597,0.4928886,0.579104304,-0.579730272,0.999584079,0.618400156,0.648757935,-0.238210469,0.998944879,0.425577402,0.675701797,-0.297611028,0.999260664,0.64962852,0.917594731,-0.190214857,0.61222434,0.412137836,0.931215942,-0.25554058,0.751576245,0.596114457,1.038050532,-0.379464149,0.050933558,0.534580827,1.000442982,-0.40178442,0.109778523,0.589734733,1.090810776,-0.433244407,0.042401571,0.564625621,1.033973217,-0.456984043,0.086420849,0.578392744,1.07084918,-0.461058766,0.062106475,0.561335206,1.039634347,-0.473667473,0.119917795,0.576800942,1.051446319,-0.396528423,0.058963299,0.560454488,0.993727386,-0.408880383,0.107419759,0.589417577,1.149662495,-0.023302389,0.009439711,0.460372746,1.157823324,0.02511254,0.010551324,0.594035983,1.54442513,-0.041281171,0.009348344,0.472191006,1.55460608,0.018682707,0.004395968,0.593078494,1.903282881,0.216216683,0.001291532,0.480656475,1.923687935,0.166403815,0.000541356,0.596776903,1.956359744,0.228075534,0.001208497,0.481644005,1.979844451,0.170757234,0.001241684,0.573048413,2.027821302,-0.058664851,0.000948549,0.493574619,2.044538736,-0.139461055,0.000835679
Sitting,0.503855526,0.549662292,-0.66953516,0.99914217,0.516271532,0.506069541,-0.656085849,0.998317003,0.524941444,0.503986895,-0.656068921,0.998549938,0.532271326,0.501898766,-0.656151831,0.998190999,0.491387188,0.507826149,-0.658421397,0.998564124,0.483965486,0.507008374,-0.65838784,0.998789489,0.477943659,0.506025314,-0.658615887,0.998697698,0.543894172,0.495748788,-0.446852058,0.998551548,0.47574538,0.502423704,-0.447281539,0.999135673,0.521220505,0.577386796,-0.580475807,0.999389231,0.492892504,0.580618739,-0.58097291,0.999571085,0.618424118,0.64891094,-0.246502072,0.998880327,0.425569773,0.676189959,-0.299102962,0.999271572,0.650118053,0.917515159,-0.208526701,0.611461639,0.411915302,0.931768179,-0.26858288,0.762007177,0.593218863,1.02426374,-0.403838784,0.055127349,0.529954195,1.000836492,-0.43380332,0.127712876,0.587141812,1.068657517,-0.455832243,0.045978162,0.554973722,1.042177916,-0.490395308,0.100018844,0.573037505,1.041497469,-0.474933475,0.066306747,0.555721045,1.032714725,-0.504889548,0.135689542,0.572100937,1.025872827,-0.417171389,0.063351378,0.551319599,0.999704897,-0.440662444,0.121920675,0.589624047,1.149790049,-0.021072188,0.00939518,0.460336506,1.157941222,0.022860449,0.010616568,0.593942165,1.544306278,-0.017100252,0.009228467,0.472121805,1.554412961,0.022303797,0.00440451,0.592642665,1.902428508,0.242527127,0.001294665,0.480651677,1.92144537,0.180342004,0.000531827,0.596110284,1.954773426,0.254345953,0.00123537,0.481575966,1.975343108,0.186369538,0.001223674,0.573040724,2.025797606,-0.02666519,0.000961971,0.493764073,2.043102741,-0.119781241,0.000841617